Edition,Footnote,Type,Designation,,,,,,,A ,d,tw,tw/2,bf,tf,T,k,k1,W,bf/2tf,h/tw,Fy''',X1,X2x106,Ix,Zx,Sx,rx,y,yp,Iy,Zy,Sy,ry,x,xp,rz,maxf,Grip,eo,Qs36,Qs50,Qs36c,Qs50c,Qs36s,Qs50s,Astem,tan(?),twstem,twstem/2,OD,ID,twall,J,t,Iy',Sy',ry',sched,Anet36,d1A36,IxA36,SxA36,rxA36,y1A36,ryA36,AnetASTM,d1ASTM,IxASTM,SxASTM,rxASTM,y1ASTM,ryASTM,d/t,ry0,ry1_4,ry3_8,ry1_2,ry5_8,ry3_4,d/Af,rT,Fy'',Cw,Fy',Cc50',Cc36',a,Wno,Sw,Sw1,Sw2,Sw3,Qf,Qw,B,b,Ht / t,h/tdes,b/tdes,D/t,Ht,h,tnom,tdes,b / t,C,ro,H,ddet,bfdet,twdet,twdet/2,tfdet,kdes,kdet,B/t,Sz,Qs,Iz,Iw,zA,zB,zC,wA,wB,wC,SwA,SwB,SwC,SzA,SzB,SzC,rts,ho,PA,PB
14th,–,W,W44X335,–,–,–,–,–,–,98.5,44,1.03,–,15.9,1.77,–,–,1  5/16,335,4.5,38,–,–,–,31100,1620,1410,17.8,–,–,1200,236,150,3.49,–,–,–,–,–,–,–,–,–,–,–,–,–,–,–,–,–,–,–,74.7,–,–,–,–,–,–,–,–,–,–,–,–,–,–,–,–,–,–,–,–,–,–,–,–,–,–,–,–,–,535000,–,–,–,–,168,–,1180,–,–,278,805,–,–,–,–,–,–,–,–,–,–,–,–,–,–,44,16,1,  1/2 ,1  3/4 ,2.56,2  5/8 ,–,–,–,–,–,–,–,–,–,–,–,–,–,–,–,–,–,4.24,42.2,132,148
14th,–,W,W44X290,–,–,–,–,–,–,85.4,43.6,0.865,–,15.8,1.58,–,–,1  1/4 ,290,5.02,45,–,–,–,27000,1410,1240,17.8,–,–,1040,205,132,3.49,–,–,–,–,–,–,–,–,–,–,–,–,–,–,–,–,–,–,–,50.9,–,–,–,–,–,–,–,–,–,–,–,–,–,–,–,–,–,–,–,–,–,–,–,–,–,–,–,–,–,461000,–,–,–,–,166,–,1040,–,–,248,701,–,–,–,–,–,–,–,–,–,–,–,–,–,–,43  5/8 ,15  7/8 ,  7/8 ,  7/16,1  9/16,2.36,2  7/16,–,–,–,–,–,–,–,–,–,–,–,–,–,–,–,–,–,4.2,42,131,147
14th,–,W,W44X262,–,–,–,–,–,–,77.2,43.3,0.785,–,15.8,1.42,–,–,1  3/16,262,5.57,49.6,–,–,–,24100,1270,1110,17.7,–,–,923,182,117,3.47,–,–,–,–,–,–,–,–,–,–,–,–,–,–,–,–,–,–,–,37.3,–,–,–,–,–,–,–,–,–,–,–,–,–,–,–,–,–,–,–,–,–,–,–,–,–,–,–,–,–,405000,–,–,–,–,165,–,928,–,–,223,630,–,–,–,–,–,–,–,–,–,–,–,–,–,–,43  1/4 ,15  3/4 , 13/16,  7/16,1  7/16,2.2,2  1/4 ,–,–,–,–,–,–,–,–,–,–,–,–,–,–,–,–,–,4.17,41.9,131,147
14th,–,W,W44X230,–,–,–,–,–,–,67.8,42.9,0.71,–,15.8,1.22,–,–,1  3/16,230,6.45,54.8,–,–,–,20800,1100,971,17.5,–,–,796,157,101,3.43,–,–,–,–,–,–,–,–,–,–,–,–,–,–,–,–,–,–,–,24.9,–,–,–,–,–,–,–,–,–,–,–,–,–,–,–,–,–,–,–,–,–,–,–,–,–,–,–,–,–,346000,–,–,–,–,165,–,793,–,–,192,547,–,–,–,–,–,–,–,–,–,–,–,–,–,–,42  7/8 ,15  3/4 , 11/16,  3/8 ,1  1/4 ,2.01,2  1/16,–,–,–,–,–,–,–,–,–,–,–,–,–,–,–,–,–,4.13,41.7,130,146
14th,–,W,W40X593,–,–,–,–,–,–,174,43,1.79,–,16.7,3.23,–,–,2  1/8 ,593,2.58,19.1,–,–,–,50400,2760,2340,17,–,–,2520,481,302,3.8,–,–,–,–,–,–,–,–,–,–,–,–,–,–,–,–,–,–,–,445,–,–,–,–,–,–,–,–,–,–,–,–,–,–,–,–,–,–,–,–,–,–,–,–,–,–,–,–,–,997000,–,–,–,–,166,–,2240,–,–,479,1370,–,–,–,–,–,–,–,–,–,–,–,–,–,–,43,16  3/4 ,1 13/16, 15/16,3  1/4 ,4.41,4  1/2 ,–,–,–,–,–,–,–,–,–,–,–,–,–,–,–,–,–,4.63,39.8,130,147
14th,–,W,W40X503,–,–,–,–,–,–,148,42.1,1.54,–,16.4,2.76,–,–,2,503,2.98,22.3,–,–,–,41600,2320,1980,16.8,–,–,2040,394,249,3.72,–,–,–,–,–,–,–,–,–,–,–,–,–,–,–,–,–,–,–,277,–,–,–,–,–,–,–,–,–,–,–,–,–,–,–,–,–,–,–,–,–,–,–,–,–,–,–,–,–,789000,–,–,–,–,161,–,1830,–,–,403,1150,–,–,–,–,–,–,–,–,–,–,–,–,–,–,42,16  3/8 ,1  9/16, 13/16,2  3/4 ,3.94,4,–,–,–,–,–,–,–,–,–,–,–,–,–,–,–,–,–,4.5,39.3,129,145
14th,–,W,W40X431,–,–,–,–,–,–,127,41.3,1.34,–,16.2,2.36,–,–,1  7/8 ,431,3.44,25.5,–,–,–,34800,1960,1690,16.6,–,–,1690,328,208,3.65,–,–,–,–,–,–,–,–,–,–,–,–,–,–,–,–,–,–,–,177,–,–,–,–,–,–,–,–,–,–,–,–,–,–,–,–,–,–,–,–,–,–,–,–,–,–,–,–,–,638000,–,–,–,–,158,–,1510,–,–,341,969,–,–,–,–,–,–,–,–,–,–,–,–,–,–,41  1/4 ,16  1/4 ,1  5/16, 11/16,2  3/8 ,3.54,3  5/8 ,–,–,–,–,–,–,–,–,–,–,–,–,–,–,–,–,–,4.41,38.9,127,143
14th,–,W,W40X397,–,–,–,–,–,–,117,41,1.22,–,16.1,2.2,–,–,1 13/16,397,3.66,28,–,–,–,32000,1800,1560,16.6,–,–,1540,300,191,3.64,–,–,–,–,–,–,–,–,–,–,–,–,–,–,–,–,–,–,–,142,–,–,–,–,–,–,–,–,–,–,–,–,–,–,–,–,–,–,–,–,–,–,–,–,–,–,–,–,–,579000,–,–,–,–,156,–,1380,–,–,318,891,–,–,–,–,–,–,–,–,–,–,–,–,–,–,41,16  1/8 ,1  1/4 ,  5/8 ,2  3/16,3.38,3  1/2 ,–,–,–,–,–,–,–,–,–,–,–,–,–,–,–,–,–,4.38,38.8,126,142
14th,–,W,W40X372,–,–,–,–,–,–,110,40.6,1.16,–,16.1,2.05,–,–,1 13/16,372,3.93,29.5,–,–,–,29600,1680,1460,16.5,–,–,1420,277,177,3.6,–,–,–,–,–,–,–,–,–,–,–,–,–,–,–,–,–,–,–,116,–,–,–,–,–,–,–,–,–,–,–,–,–,–,–,–,–,–,–,–,–,–,–,–,–,–,–,–,–,528000,–,–,–,–,155,–,1280,–,–,295,829,–,–,–,–,–,–,–,–,–,–,–,–,–,–,40  5/8 ,16  1/8 ,1  3/16,  5/8 ,2  1/16,3.23,3  5/16,–,–,–,–,–,–,–,–,–,–,–,–,–,–,–,–,–,4.33,38.6,125,141
14th,–,W,W40X362,–,–,–,–,–,–,106,40.6,1.12,–,16,2.01,–,–,1  3/4 ,362,3.99,30.5,–,–,–,28900,1640,1420,16.5,–,–,1380,270,173,3.6,–,–,–,–,–,–,–,–,–,–,–,–,–,–,–,–,–,–,–,109,–,–,–,–,–,–,–,–,–,–,–,–,–,–,–,–,–,–,–,–,–,–,–,–,–,–,–,–,–,513000,–,–,–,–,154,–,1240,–,–,289,808,–,–,–,–,–,–,–,–,–,–,–,–,–,–,40  1/2 ,16,1  1/8 ,  9/16,2,3.19,3  1/4 ,–,–,–,–,–,–,–,–,–,–,–,–,–,–,–,–,–,4.33,38.6,125,141
14th,–,W,W40X324,–,–,–,–,–,–,95.3,40.2,1,–,15.9,1.81,–,–,1 11/16,324,4.4,34.2,–,–,–,25600,1460,1280,16.4,–,–,1220,239,153,3.58,–,–,–,–,–,–,–,–,–,–,–,–,–,–,–,–,–,–,–,79.4,–,–,–,–,–,–,–,–,–,–,–,–,–,–,–,–,–,–,–,–,–,–,–,–,–,–,–,–,–,448000,–,–,–,–,153,–,1100,–,–,259,720,–,–,–,–,–,–,–,–,–,–,–,–,–,–,40  1/8 ,15  7/8 ,1,  1/2 ,1 13/16,2.99,3  1/16,–,–,–,–,–,–,–,–,–,–,–,–,–,–,–,–,–,4.27,38.4,124,140
14th,–,W,W40X297,–,–,–,–,–,–,87.3,39.8,0.93,–,15.8,1.65,–,–,1 11/16,297,4.8,36.8,–,–,–,23200,1330,1170,16.3,–,–,1090,215,138,3.54,–,–,–,–,–,–,–,–,–,–,–,–,–,–,–,–,–,–,–,61.2,–,–,–,–,–,–,–,–,–,–,–,–,–,–,–,–,–,–,–,–,–,–,–,–,–,–,–,–,–,399000,–,–,–,–,151,–,982,–,–,234,652,–,–,–,–,–,–,–,–,–,–,–,–,–,–,39  7/8 ,15  7/8 , 15/16,  1/2 ,1  5/8 ,2.83,2 15/16,–,–,–,–,–,–,–,–,–,–,–,–,–,–,–,–,–,4.22,38.2,123,139
14th,–,W,W40X277,–,–,–,–,–,–,81.5,39.7,0.83,–,15.8,1.58,–,–,1  5/8 ,277,5.03,41.2,–,–,–,21900,1250,1100,16.4,–,–,1040,204,132,3.58,–,–,–,–,–,–,–,–,–,–,–,–,–,–,–,–,–,–,–,51.5,–,–,–,–,–,–,–,–,–,–,–,–,–,–,–,–,–,–,–,–,–,–,–,–,–,–,–,–,–,379000,–,–,–,–,151,–,940,–,–,225,614,–,–,–,–,–,–,–,–,–,–,–,–,–,–,39  3/4 ,15  7/8 , 13/16,  7/16,1  9/16,2.76,2  7/8 ,–,–,–,–,–,–,–,–,–,–,–,–,–,–,–,–,–,4.25,38.1,123,139
14th,–,W,W40X249,–,–,–,–,–,–,73.5,39.4,0.75,–,15.8,1.42,–,–,1  9/16,249,5.55,45.6,–,–,–,19600,1120,993,16.3,–,–,926,182,118,3.55,–,–,–,–,–,–,–,–,–,–,–,–,–,–,–,–,–,–,–,38.1,–,–,–,–,–,–,–,–,–,–,–,–,–,–,–,–,–,–,–,–,–,–,–,–,–,–,–,–,–,334000,–,–,–,–,150,–,841,–,–,203,551,–,–,–,–,–,–,–,–,–,–,–,–,–,–,39  3/8 ,15  3/4 ,  3/4 ,  3/8 ,1  7/16,2.6,2 11/16,–,–,–,–,–,–,–,–,–,–,–,–,–,–,–,–,–,4.21,38,122,138
14th,–,W,W40X215,–,–,–,–,–,–,63.5,39,0.65,–,15.8,1.22,–,–,1  9/16,215,6.45,52.6,–,–,–,16700,964,859,16.2,–,–,803,156,101,3.54,–,–,–,–,–,–,–,–,–,–,–,–,–,–,–,–,–,–,–,24.8,–,–,–,–,–,–,–,–,–,–,–,–,–,–,–,–,–,–,–,–,–,–,–,–,–,–,–,–,–,284000,–,–,–,–,149,–,719,–,–,175,473,–,–,–,–,–,–,–,–,–,–,–,–,–,–,39,15  3/4 ,  5/8 ,  5/16,1  1/4 ,2.4,2  1/2 ,–,–,–,–,–,–,–,–,–,–,–,–,–,–,–,–,–,4.19,37.8,122,138
14th,–,W,W40X199,–,–,–,–,–,–,58.8,38.7,0.65,–,15.8,1.07,–,–,1  9/16,199,7.39,52.6,–,–,–,14900,869,770,16,–,–,695,137,88.2,3.45,–,–,–,–,–,–,–,–,–,–,–,–,–,–,–,–,–,–,–,18.3,–,–,–,–,–,–,–,–,–,–,–,–,–,–,–,–,–,–,–,–,–,–,–,–,–,–,–,–,–,246000,–,–,–,–,149,–,628,–,–,153,427,–,–,–,–,–,–,–,–,–,–,–,–,–,–,38  5/8 ,15  3/4 ,  5/8 ,  5/16,1  1/16,2.25,2  5/16,–,–,–,–,–,–,–,–,–,–,–,–,–,–,–,–,–,4.12,37.6,121,137
14th,–,W,W40X392,–,–,–,–,–,–,116,41.6,1.42,–,12.4,2.52,–,–,1 15/16,392,2.45,24.1,–,–,–,29900,1710,1440,16.1,–,–,803,212,130,2.64,–,–,–,–,–,–,–,–,–,–,–,–,–,–,–,–,–,–,–,172,–,–,–,–,–,–,–,–,–,–,–,–,–,–,–,–,–,–,–,–,–,–,–,–,–,–,–,–,–,306000,–,–,–,–,121,–,946,–,–,270,848,–,–,–,–,–,–,–,–,–,–,–,–,–,–,41  5/8 ,12  3/8 ,1  7/16,  3/4 ,2  1/2 ,3.7,3 13/16,–,–,–,–,–,–,–,–,–,–,–,–,–,–,–,–,–,3.3,39.1,116,128
14th,–,W,W40X331,–,–,–,–,–,–,97.7,40.8,1.22,–,12.2,2.13,–,–,1 13/16,331,2.86,28,–,–,–,24700,1430,1210,15.9,–,–,644,172,106,2.57,–,–,–,–,–,–,–,–,–,–,–,–,–,–,–,–,–,–,–,105,–,–,–,–,–,–,–,–,–,–,–,–,–,–,–,–,–,–,–,–,–,–,–,–,–,–,–,–,–,241000,–,–,–,–,118,–,766,–,–,226,706,–,–,–,–,–,–,–,–,–,–,–,–,–,–,40  3/4 ,12  1/8 ,1  1/4 ,  5/8 ,2  1/8 ,3.31,3  3/8 ,–,–,–,–,–,–,–,–,–,–,–,–,–,–,–,–,–,3.21,38.7,114,126
14th,–,W,W40X327,–,–,–,–,–,–,95.9,40.8,1.18,–,12.1,2.13,–,–,1 13/16,327,2.85,29,–,–,–,24500,1410,1200,16,–,–,640,170,105,2.58,–,–,–,–,–,–,–,–,–,–,–,–,–,–,–,–,–,–,–,103,–,–,–,–,–,–,–,–,–,–,–,–,–,–,–,–,–,–,–,–,–,–,–,–,–,–,–,–,–,239000,–,–,–,–,117,–,754,–,–,225,695,–,–,–,–,–,–,–,–,–,–,–,–,–,–,40  3/4 ,12  1/8 ,1  3/16,  5/8 ,2  1/8 ,3.31,3  3/8 ,–,–,–,–,–,–,–,–,–,–,–,–,–,–,–,–,–,3.21,38.7,114,126
14th,–,W,W40X294,–,–,–,–,–,–,86.2,40.4,1.06,–,12,1.93,–,–,1  3/4 ,294,3.11,32.2,–,–,–,21900,1270,1080,15.9,–,–,562,150,93.5,2.55,–,–,–,–,–,–,–,–,–,–,–,–,–,–,–,–,–,–,–,76.6,–,–,–,–,–,–,–,–,–,–,–,–,–,–,–,–,–,–,–,–,–,–,–,–,–,–,–,–,–,208000,–,–,–,–,115,–,668,–,–,203,622,–,–,–,–,–,–,–,–,–,–,–,–,–,–,40  3/8 ,12,1  1/16,  9/16,1 15/16,3.11,3  3/16,–,–,–,–,–,–,–,–,–,–,–,–,–,–,–,–,–,3.16,38.5,113,125
14th,–,W,W40X278,–,–,–,–,–,–,82.3,40.2,1.03,–,12,1.81,–,–,1  3/4 ,278,3.31,33.3,–,–,–,20500,1190,1020,15.8,–,–,521,140,87.1,2.52,–,–,–,–,–,–,–,–,–,–,–,–,–,–,–,–,–,–,–,65,–,–,–,–,–,–,–,–,–,–,–,–,–,–,–,–,–,–,–,–,–,–,–,–,–,–,–,–,–,192000,–,–,–,–,115,–,622,–,–,190,587,–,–,–,–,–,–,–,–,–,–,–,–,–,–,40  1/8 ,12,1,  1/2 ,1 13/16,2.99,3  1/16,–,–,–,–,–,–,–,–,–,–,–,–,–,–,–,–,–,3.13,38.4,112,124
14th,–,W,W40X264,–,–,–,–,–,–,77.4,40,0.96,–,11.9,1.73,–,–,1 11/16,264,3.45,35.6,–,–,–,19400,1130,971,15.8,–,–,493,132,82.6,2.52,–,–,–,–,–,–,–,–,–,–,–,–,–,–,–,–,–,–,–,56.1,–,–,–,–,–,–,–,–,–,–,–,–,–,–,–,–,–,–,–,–,–,–,–,–,–,–,–,–,–,181000,–,–,–,–,114,–,589,–,–,182,555,–,–,–,–,–,–,–,–,–,–,–,–,–,–,40,11  7/8 , 15/16,  1/2 ,1  3/4 ,2.91,3,–,–,–,–,–,–,–,–,–,–,–,–,–,–,–,–,–,3.12,38.3,112,124
14th,–,W,W40X235,–,–,–,–,–,–,69.1,39.7,0.83,–,11.9,1.58,–,–,1  5/8 ,235,3.77,41.2,–,–,–,17400,1010,875,15.9,–,–,444,118,74.6,2.54,–,–,–,–,–,–,–,–,–,–,–,–,–,–,–,–,–,–,–,41.3,–,–,–,–,–,–,–,–,–,–,–,–,–,–,–,–,–,–,–,–,–,–,–,–,–,–,–,–,–,161000,–,–,–,–,113,–,530,–,–,166,495,–,–,–,–,–,–,–,–,–,–,–,–,–,–,39  3/4 ,11  7/8 , 13/16,  7/16,1  9/16,2.76,2  7/8 ,–,–,–,–,–,–,–,–,–,–,–,–,–,–,–,–,–,3.11,38.1,111,123
14th,–,W,W40X211,–,–,–,–,–,–,62.1,39.4,0.75,–,11.8,1.42,–,–,1  9/16,211,4.17,45.6,–,–,–,15500,906,786,15.8,–,–,390,105,66.1,2.51,–,–,–,–,–,–,–,–,–,–,–,–,–,–,–,–,–,–,–,30.4,–,–,–,–,–,–,–,–,–,–,–,–,–,–,–,–,–,–,–,–,–,–,–,–,–,–,–,–,–,141000,–,–,–,–,112,–,468,–,–,148,442,–,–,–,–,–,–,–,–,–,–,–,–,–,–,39  3/8 ,11  3/4 ,  3/4 ,  3/8 ,1  7/16,2.6,2 11/16,–,–,–,–,–,–,–,–,–,–,–,–,–,–,–,–,–,3.07,38,110,122
14th,–,W,W40X183,–,–,–,–,–,–,53.3,39,0.65,–,11.8,1.2,–,–,1  9/16,183,4.92,52.6,–,–,–,13200,774,675,15.7,–,–,331,88.3,56,2.49,–,–,–,–,–,–,–,–,–,–,–,–,–,–,–,–,–,–,–,19.3,–,–,–,–,–,–,–,–,–,–,–,–,–,–,–,–,–,–,–,–,–,–,–,–,–,–,–,–,–,118000,–,–,–,–,112,–,395,–,–,126,376,–,–,–,–,–,–,–,–,–,–,–,–,–,–,39,11  3/4 ,  5/8 ,  5/16,1  3/16,2.38,2  1/2 ,–,–,–,–,–,–,–,–,–,–,–,–,–,–,–,–,–,3.04,37.8,110,122
14th,–,W,W40X167,–,–,–,–,–,–,49.3,38.6,0.65,–,11.8,1.03,–,–,1  9/16,167,5.76,52.6,–,–,–,11600,693,600,15.3,–,–,283,76,47.9,2.4,–,–,–,–,–,–,–,–,–,–,–,–,–,–,–,–,–,–,–,14,–,–,–,–,–,–,–,–,–,–,–,–,–,–,–,–,–,–,–,–,–,–,–,–,–,–,–,–,–,99700,–,–,–,–,111,–,336,–,–,107,336,–,–,–,–,–,–,–,–,–,–,–,–,–,–,38  5/8 ,11  3/4 ,  5/8 ,  5/16,1,2.21,2  5/16,–,–,–,–,–,–,–,–,–,–,–,–,–,–,–,–,–,2.98,37.6,109,121
14th,–,W,W40X149,–,–,–,–,–,–,43.8,38.2,0.63,–,11.8,0.83,–,–,1  1/2 ,149,7.11,54.3,–,–,–,9800,598,513,15,–,–,229,62.2,38.8,2.29,–,–,–,–,–,–,–,–,–,–,–,–,–,–,–,–,–,–,–,9.36,–,–,–,–,–,–,–,–,–,–,–,–,–,–,–,–,–,–,–,–,–,–,–,–,–,–,–,–,–,80000,–,–,–,–,110,–,270,–,–,86.7,288,–,–,–,–,–,–,–,–,–,–,–,–,–,–,38  1/4 ,11  3/4 ,  5/8 ,  5/16, 13/16,2.01,2  1/8 ,–,–,–,–,–,–,–,–,–,–,–,–,–,–,–,–,–,2.89,37.4,108,120
14th,–,W,W36X652,–,–,–,–,–,–,192,41.1,1.97,–,17.6,3.54,–,–,2  3/16,652,2.48,16.3,–,–,–,50600,2910,2460,16.2,–,–,3230,581,367,4.1,–,–,–,–,–,–,–,–,–,–,–,–,–,–,–,–,–,–,–,593,–,–,–,–,–,–,–,–,–,–,–,–,–,–,–,–,–,–,–,–,–,–,–,–,–,–,–,–,–,1130000,–,–,–,–,165,–,2560,–,–,518,1450,–,–,–,–,–,–,–,–,–,–,–,–,–,–,41,17  5/8 ,2,1,3  9/16,4.49,4 13/16,–,–,–,–,–,–,–,–,–,–,–,–,–,–,–,–,–,4.96,37.6,129,147
14th,–,W,W36X529,–,–,–,–,–,–,156,39.8,1.61,–,17.2,2.91,–,–,2,529,2.96,19.9,–,–,–,39600,2330,1990,16,–,–,2490,454,289,4,–,–,–,–,–,–,–,–,–,–,–,–,–,–,–,–,–,–,–,327,–,–,–,–,–,–,–,–,–,–,–,–,–,–,–,–,–,–,–,–,–,–,–,–,–,–,–,–,–,846000,–,–,–,–,159,–,1990,–,–,419,1160,–,–,–,–,–,–,–,–,–,–,–,–,–,–,39  3/4 ,17  1/4 ,1  5/8 , 13/16,2 15/16,3.86,4  3/16,–,–,–,–,–,–,–,–,–,–,–,–,–,–,–,–,–,4.8,36.9,127,144
14th,–,W,W36X487,–,–,–,–,–,–,143,39.3,1.5,–,17.1,2.68,–,–,1  7/8 ,487,3.19,21.4,–,–,–,36000,2130,1830,15.8,–,–,2250,412,263,3.96,–,–,–,–,–,–,–,–,–,–,–,–,–,–,–,–,–,–,–,258,–,–,–,–,–,–,–,–,–,–,–,–,–,–,–,–,–,–,–,–,–,–,–,–,–,–,–,–,–,754000,–,–,–,–,157,–,1800,–,–,383,1060,–,–,–,–,–,–,–,–,–,–,–,–,–,–,39  3/8 ,17  1/8 ,1  1/2 ,  3/4 ,2 11/16,3.63,4,–,–,–,–,–,–,–,–,–,–,–,–,–,–,–,–,–,4.74,36.6,125,142
14th,–,W,W36X441,–,–,–,–,–,–,130,38.9,1.36,–,17,2.44,–,–,1  7/8 ,441,3.48,23.6,–,–,–,32100,1910,1650,15.7,–,–,1990,368,235,3.92,–,–,–,–,–,–,–,–,–,–,–,–,–,–,–,–,–,–,–,194,–,–,–,–,–,–,–,–,–,–,–,–,–,–,–,–,–,–,–,–,–,–,–,–,–,–,–,–,–,661000,–,–,–,–,154,–,1600,–,–,347,950,–,–,–,–,–,–,–,–,–,–,–,–,–,–,38  7/8 ,17,1  3/8 , 11/16,2  7/16,3.39,3  3/4 ,–,–,–,–,–,–,–,–,–,–,–,–,–,–,–,–,–,4.69,36.5,124,141
14th,–,W,W36X395,–,–,–,–,–,–,116,38.4,1.22,–,16.8,2.2,–,–,1 13/16,395,3.83,26.3,–,–,–,28500,1710,1490,15.7,–,–,1750,325,208,3.88,–,–,–,–,–,–,–,–,–,–,–,–,–,–,–,–,–,–,–,142,–,–,–,–,–,–,–,–,–,–,–,–,–,–,–,–,–,–,–,–,–,–,–,–,–,–,–,–,–,575000,–,–,–,–,152,–,1410,–,–,311,847,–,–,–,–,–,–,–,–,–,–,–,–,–,–,38  3/8 ,16  7/8 ,1  1/4 ,  5/8 ,2  3/16,3.15,3  7/16,–,–,–,–,–,–,–,–,–,–,–,–,–,–,–,–,–,4.61,36.2,123,140
14th,–,W,W36X361,–,–,–,–,–,–,106,38,1.12,–,16.7,2.01,–,–,1  3/4 ,361,4.16,28.6,–,–,–,25700,1550,1350,15.6,–,–,1570,293,188,3.85,–,–,–,–,–,–,–,–,–,–,–,–,–,–,–,–,–,–,–,109,–,–,–,–,–,–,–,–,–,–,–,–,–,–,–,–,–,–,–,–,–,–,–,–,–,–,–,–,–,509000,–,–,–,–,150,–,1270,–,–,282,767,–,–,–,–,–,–,–,–,–,–,–,–,–,–,38,16  3/4 ,1  1/8 ,  9/16,2,2.96,3  5/16,–,–,–,–,–,–,–,–,–,–,–,–,–,–,–,–,–,4.58,36,122,139
14th,–,W,W36X330,–,–,–,–,–,–,96.9,37.7,1.02,–,16.6,1.85,–,–,1  3/4 ,330,4.49,31.4,–,–,–,23300,1410,1240,15.5,–,–,1420,265,171,3.83,–,–,–,–,–,–,–,–,–,–,–,–,–,–,–,–,–,–,–,84.3,–,–,–,–,–,–,–,–,–,–,–,–,–,–,–,–,–,–,–,–,–,–,–,–,–,–,–,–,–,456000,–,–,–,–,149,–,1150,–,–,259,698,–,–,–,–,–,–,–,–,–,–,–,–,–,–,37  5/8 ,16  5/8 ,1,  1/2 ,1  7/8 ,2.8,3  1/8 ,–,–,–,–,–,–,–,–,–,–,–,–,–,–,–,–,–,4.53,35.9,121,138
14th,–,W,W36X302,–,–,–,–,–,–,89,37.3,0.945,–,16.7,1.68,–,–,1 11/16,302,4.96,33.9,–,–,–,21100,1280,1130,15.4,–,–,1300,241,156,3.82,–,–,–,–,–,–,–,–,–,–,–,–,–,–,–,–,–,–,–,64.3,–,–,–,–,–,–,–,–,–,–,–,–,–,–,–,–,–,–,–,–,–,–,–,–,–,–,–,–,–,412000,–,–,–,–,148,–,1040,–,–,235,635,–,–,–,–,–,–,–,–,–,–,–,–,–,–,37  3/8 ,16  5/8 , 15/16,  1/2 ,1 11/16,2.63,3,–,–,–,–,–,–,–,–,–,–,–,–,–,–,–,–,–,4.53,35.6,121,138
14th,–,W,W36X282,–,–,–,–,–,–,82.9,37.1,0.885,–,16.6,1.57,–,–,1  5/8 ,282,5.29,36.2,–,–,–,19600,1190,1050,15.4,–,–,1200,223,144,3.8,–,–,–,–,–,–,–,–,–,–,–,–,–,–,–,–,–,–,–,52.7,–,–,–,–,–,–,–,–,–,–,–,–,–,–,–,–,–,–,–,–,–,–,–,–,–,–,–,–,–,378000,–,–,–,–,147,–,960,–,–,219,591,–,–,–,–,–,–,–,–,–,–,–,–,–,–,37  1/8 ,16  5/8 ,  7/8 ,  7/16,1  9/16,2.52,2  7/8 ,–,–,–,–,–,–,–,–,–,–,–,–,–,–,–,–,–,4.5,35.5,120,137
14th,–,W,W36X262,–,–,–,–,–,–,77.2,36.9,0.84,–,16.6,1.44,–,–,1  5/8 ,262,5.75,38.2,–,–,–,17900,1100,972,15.3,–,–,1090,204,132,3.76,–,–,–,–,–,–,–,–,–,–,–,–,–,–,–,–,–,–,–,41.6,–,–,–,–,–,–,–,–,–,–,–,–,–,–,–,–,–,–,–,–,–,–,–,–,–,–,–,–,–,342000,–,–,–,–,147,–,873,–,–,200,543,–,–,–,–,–,–,–,–,–,–,–,–,–,–,36  7/8 ,16  1/2 , 13/16,  7/16,1  7/16,2.39,2  3/4 ,–,–,–,–,–,–,–,–,–,–,–,–,–,–,–,–,–,4.46,35.5,120,137
14th,–,W,W36X247,–,–,–,–,–,–,72.5,36.7,0.8,–,16.5,1.35,–,–,1  5/8 ,247,6.11,40.1,–,–,–,16700,1030,913,15.2,–,–,1010,190,123,3.74,–,–,–,–,–,–,–,–,–,–,–,–,–,–,–,–,–,–,–,34.7,–,–,–,–,–,–,–,–,–,–,–,–,–,–,–,–,–,–,–,–,–,–,–,–,–,–,–,–,–,316000,–,–,–,–,146,–,812,–,–,187,509,–,–,–,–,–,–,–,–,–,–,–,–,–,–,36  5/8 ,16  1/2 , 13/16,  7/16,1  3/8 ,2.3,2  5/8 ,–,–,–,–,–,–,–,–,–,–,–,–,–,–,–,–,–,4.42,35.4,120,136
14th,–,W,W36X231,–,–,–,–,–,–,68.2,36.5,0.76,–,16.5,1.26,–,–,1  9/16,231,6.54,42.2,–,–,–,15600,963,854,15.1,–,–,940,176,114,3.71,–,–,–,–,–,–,–,–,–,–,–,–,–,–,–,–,–,–,–,28.7,–,–,–,–,–,–,–,–,–,–,–,–,–,–,–,–,–,–,–,–,–,–,–,–,–,–,–,–,–,292000,–,–,–,–,145,–,756,–,–,175,476,–,–,–,–,–,–,–,–,–,–,–,–,–,–,36  1/2 ,16  1/2 ,  3/4 ,  3/8 ,1  1/4 ,2.21,2  9/16,–,–,–,–,–,–,–,–,–,–,–,–,–,–,–,–,–,4.4,35.2,120,136
14th,–,W,W36X256,–,–,–,–,–,–,75.3,37.4,0.96,–,12.2,1.73,–,–,1  5/16,256,3.53,33.8,–,–,–,16800,1040,895,14.9,–,–,528,137,86.5,2.65,–,–,–,–,–,–,–,–,–,–,–,–,–,–,–,–,–,–,–,52.9,–,–,–,–,–,–,–,–,–,–,–,–,–,–,–,–,–,–,–,–,–,–,–,–,–,–,–,–,–,168000,–,–,–,–,109,–,576,–,–,174,516,–,–,–,–,–,–,–,–,–,–,–,–,–,–,37  3/8 ,12  1/4 , 15/16,  1/2 ,1  3/4 ,2.48,2  5/8 ,–,–,–,–,–,–,–,–,–,–,–,–,–,–,–,–,–,3.24,35.7,108,120
14th,–,W,W36X232,–,–,–,–,–,–,68,37.1,0.87,–,12.1,1.57,–,–,1  1/4 ,232,3.86,37.3,–,–,–,15000,936,809,14.8,–,–,468,122,77.2,2.62,–,–,–,–,–,–,–,–,–,–,–,–,–,–,–,–,–,–,–,39.6,–,–,–,–,–,–,–,–,–,–,–,–,–,–,–,–,–,–,–,–,–,–,–,–,–,–,–,–,–,148000,–,–,–,–,108,–,512,–,–,157,464,–,–,–,–,–,–,–,–,–,–,–,–,–,–,37  1/8 ,12  1/8 ,  7/8 ,  7/16,1  9/16,2.32,2  7/16,–,–,–,–,–,–,–,–,–,–,–,–,–,–,–,–,–,3.21,35.5,108,120
14th,–,W,W36X210,–,–,–,–,–,–,61.9,36.7,0.83,–,12.2,1.36,–,–,1  1/4 ,210,4.48,39.1,–,–,–,13200,833,719,14.6,–,–,411,107,67.5,2.58,–,–,–,–,–,–,–,–,–,–,–,–,–,–,–,–,–,–,–,28,–,–,–,–,–,–,–,–,–,–,–,–,–,–,–,–,–,–,–,–,–,–,–,–,–,–,–,–,–,128000,–,–,–,–,108,–,446,–,–,136,412,–,–,–,–,–,–,–,–,–,–,–,–,–,–,36  3/4 ,12  1/8 , 13/16,  7/16,1  3/8 ,2.11,2  5/16,–,–,–,–,–,–,–,–,–,–,–,–,–,–,–,–,–,3.18,35.3,107,119
14th,–,W,W36X194,–,–,–,–,–,–,57,36.5,0.765,–,12.1,1.26,–,–,1  3/16,194,4.81,42.4,–,–,–,12100,767,664,14.6,–,–,375,97.7,61.9,2.56,–,–,–,–,–,–,–,–,–,–,–,–,–,–,–,–,–,–,–,22.2,–,–,–,–,–,–,–,–,–,–,–,–,–,–,–,–,–,–,–,–,–,–,–,–,–,–,–,–,–,116000,–,–,–,–,107,–,407,–,–,126,379,–,–,–,–,–,–,–,–,–,–,–,–,–,–,36  1/2 ,12  1/8 ,  3/4 ,  3/8 ,1  1/4 ,2.01,2  3/16,–,–,–,–,–,–,–,–,–,–,–,–,–,–,–,–,–,3.15,35.2,107,119
14th,–,W,W36X182,–,–,–,–,–,–,53.6,36.3,0.725,–,12.1,1.18,–,–,1  3/16,182,5.12,44.8,–,–,–,11300,718,623,14.5,–,–,347,90.7,57.6,2.55,–,–,–,–,–,–,–,–,–,–,–,–,–,–,–,–,–,–,–,18.5,–,–,–,–,–,–,–,–,–,–,–,–,–,–,–,–,–,–,–,–,–,–,–,–,–,–,–,–,–,107000,–,–,–,–,106,–,378,–,–,118,355,–,–,–,–,–,–,–,–,–,–,–,–,–,–,36  3/8 ,12  1/8 ,  3/4 ,  3/8 ,1  3/16,1.93,2  1/8 ,–,–,–,–,–,–,–,–,–,–,–,–,–,–,–,–,–,3.13,35.1,106,118
14th,–,W,W36X170,–,–,–,–,–,–,50,36.2,0.68,–,12,1.1,–,–,1  3/16,170,5.47,47.7,–,–,–,10500,668,581,14.5,–,–,320,83.8,53.2,2.53,–,–,–,–,–,–,–,–,–,–,–,–,–,–,–,–,–,–,–,15.1,–,–,–,–,–,–,–,–,–,–,–,–,–,–,–,–,–,–,–,–,–,–,–,–,–,–,–,–,–,98500,–,–,–,–,105,–,349,–,–,109,330,–,–,–,–,–,–,–,–,–,–,–,–,–,–,36  1/8 ,12, 11/16,  3/8 ,1  1/8 ,1.85,2,–,–,–,–,–,–,–,–,–,–,–,–,–,–,–,–,–,3.11,35.1,106,118
14th,–,W,W36X160,–,–,–,–,–,–,47,36,0.65,–,12,1.02,–,–,1  1/8 ,160,5.88,49.9,–,–,–,9760,624,542,14.4,–,–,295,77.3,49.1,2.5,–,–,–,–,–,–,–,–,–,–,–,–,–,–,–,–,–,–,–,12.4,–,–,–,–,–,–,–,–,–,–,–,–,–,–,–,–,–,–,–,–,–,–,–,–,–,–,–,–,–,90200,–,–,–,–,105,–,321,–,–,101,308,–,–,–,–,–,–,–,–,–,–,–,–,–,–,36,12,  5/8 ,  5/16,1,1.77,1 15/16,–,–,–,–,–,–,–,–,–,–,–,–,–,–,–,–,–,3.09,35,105,117
14th,–,W,W36X150,–,–,–,–,–,–,44.3,35.9,0.625,–,12,0.94,–,–,1  1/8 ,150,6.37,51.9,–,–,–,9040,581,504,14.3,–,–,270,70.9,45.1,2.47,–,–,–,–,–,–,–,–,–,–,–,–,–,–,–,–,–,–,–,10.1,–,–,–,–,–,–,–,–,–,–,–,–,–,–,–,–,–,–,–,–,–,–,–,–,–,–,–,–,–,82200,–,–,–,–,105,–,294,–,–,93.1,287,–,–,–,–,–,–,–,–,–,–,–,–,–,–,35  7/8 ,12,  5/8 ,  5/16, 15/16,1.69,1  7/8 ,–,–,–,–,–,–,–,–,–,–,–,–,–,–,–,–,–,3.06,35,105,117
14th,–,W,W36X135,–,–,–,–,–,–,39.9,35.6,0.6,–,12,0.79,–,–,1  1/8 ,135,7.56,54.1,–,–,–,7800,509,439,14,–,–,225,59.7,37.7,2.38,–,–,–,–,–,–,–,–,–,–,–,–,–,–,–,–,–,–,–,7,–,–,–,–,–,–,–,–,–,–,–,–,–,–,–,–,–,–,–,–,–,–,–,–,–,–,–,–,–,68100,–,–,–,–,104,–,245,–,–,77.9,251,–,–,–,–,–,–,–,–,–,–,–,–,–,–,35  1/2 ,12,  5/8 ,  5/16, 13/16,1.54,1 11/16,–,–,–,–,–,–,–,–,–,–,–,–,–,–,–,–,–,2.99,34.8,105,117
14th,–,W,W33X387,–,–,–,–,–,–,114,36,1.26,–,16.2,2.28,–,–,1  7/16,387,3.55,23.7,–,–,–,24300,1560,1350,14.6,–,–,1620,312,200,3.77,–,–,–,–,–,–,–,–,–,–,–,–,–,–,–,–,–,–,–,148,–,–,–,–,–,–,–,–,–,–,–,–,–,–,–,–,–,–,–,–,–,–,–,–,–,–,–,–,–,459000,–,–,–,–,137,–,1260,–,–,287,778,–,–,–,–,–,–,–,–,–,–,–,–,–,–,36,16  1/4 ,1  1/4 ,  5/8 ,2  1/4 ,3.07,3  3/16,–,–,–,–,–,–,–,–,–,–,–,–,–,–,–,–,–,4.49,33.7,117,133
14th,–,W,W33X354,–,–,–,–,–,–,104,35.6,1.16,–,16.1,2.09,–,–,1  3/8 ,354,3.85,25.7,–,–,–,22000,1420,1240,14.5,–,–,1460,282,181,3.74,–,–,–,–,–,–,–,–,–,–,–,–,–,–,–,–,–,–,–,115,–,–,–,–,–,–,–,–,–,–,–,–,–,–,–,–,–,–,–,–,–,–,–,–,–,–,–,–,–,408000,–,–,–,–,135,–,1130,–,–,262,707,–,–,–,–,–,–,–,–,–,–,–,–,–,–,35  1/2 ,16  1/8 ,1  3/16,  5/8 ,2  1/16,2.88,2 15/16,–,–,–,–,–,–,–,–,–,–,–,–,–,–,–,–,–,4.44,33.5,116,132
14th,–,W,W33X318,–,–,–,–,–,–,93.7,35.2,1.04,–,16,1.89,–,–,1  5/16,318,4.23,28.7,–,–,–,19500,1270,1110,14.5,–,–,1290,250,161,3.71,–,–,–,–,–,–,–,–,–,–,–,–,–,–,–,–,–,–,–,84.4,–,–,–,–,–,–,–,–,–,–,–,–,–,–,–,–,–,–,–,–,–,–,–,–,–,–,–,–,–,357000,–,–,–,–,133,–,1010,–,–,235,632,–,–,–,–,–,–,–,–,–,–,–,–,–,–,35  1/8 ,16,1  1/16,  9/16,1  7/8 ,2.68,2  3/4 ,–,–,–,–,–,–,–,–,–,–,–,–,–,–,–,–,–,4.4,33.3,115,131
14th,–,W,W33X291,–,–,–,–,–,–,85.6,34.8,0.96,–,15.9,1.73,–,–,1  5/16,291,4.6,31,–,–,–,17700,1160,1020,14.4,–,–,1160,226,146,3.68,–,–,–,–,–,–,–,–,–,–,–,–,–,–,–,–,–,–,–,65.1,–,–,–,–,–,–,–,–,–,–,–,–,–,–,–,–,–,–,–,–,–,–,–,–,–,–,–,–,–,319000,–,–,–,–,131,–,904,–,–,214,573,–,–,–,–,–,–,–,–,–,–,–,–,–,–,34  7/8 ,15  7/8 , 15/16,  1/2 ,1  3/4 ,2.52,2  5/8 ,–,–,–,–,–,–,–,–,–,–,–,–,–,–,–,–,–,4.34,33.1,114,130
14th,–,W,W33X263,–,–,–,–,–,–,77.4,34.5,0.87,–,15.8,1.57,–,–,1  1/4 ,263,5.03,34.3,–,–,–,15900,1040,919,14.3,–,–,1040,202,131,3.66,–,–,–,–,–,–,–,–,–,–,–,–,–,–,–,–,–,–,–,48.7,–,–,–,–,–,–,–,–,–,–,–,–,–,–,–,–,–,–,–,–,–,–,–,–,–,–,–,–,–,281000,–,–,–,–,130,–,807,–,–,193,515,–,–,–,–,–,–,–,–,–,–,–,–,–,–,34  1/2 ,15  3/4 ,  7/8 ,  7/16,1  9/16,2.36,2  7/16,–,–,–,–,–,–,–,–,–,–,–,–,–,–,–,–,–,4.31,32.9,113,129
14th,–,W,W33X241,–,–,–,–,–,–,71.1,34.2,0.83,–,15.9,1.4,–,–,1  1/4 ,241,5.66,35.9,–,–,–,14200,940,831,14.1,–,–,933,182,118,3.62,–,–,–,–,–,–,–,–,–,–,–,–,–,–,–,–,–,–,–,36.2,–,–,–,–,–,–,–,–,–,–,–,–,–,–,–,–,–,–,–,–,–,–,–,–,–,–,–,–,–,251000,–,–,–,–,130,–,726,–,–,173,467,–,–,–,–,–,–,–,–,–,–,–,–,–,–,34  1/8 ,15  7/8 , 13/16,  7/16,1  3/8 ,2.19,2  1/4 ,–,–,–,–,–,–,–,–,–,–,–,–,–,–,–,–,–,4.29,32.8,113,129
14th,–,W,W33X221,–,–,–,–,–,–,65.3,33.9,0.775,–,15.8,1.28,–,–,1  3/16,221,6.2,38.5,–,–,–,12900,857,759,14.1,–,–,840,164,106,3.59,–,–,–,–,–,–,–,–,–,–,–,–,–,–,–,–,–,–,–,27.8,–,–,–,–,–,–,–,–,–,–,–,–,–,–,–,–,–,–,–,–,–,–,–,–,–,–,–,–,–,224000,–,–,–,–,129,–,647,–,–,156,423,–,–,–,–,–,–,–,–,–,–,–,–,–,–,33  7/8 ,15  3/4 ,  3/4 ,  3/8 ,1  1/4 ,2.06,2  1/8 ,–,–,–,–,–,–,–,–,–,–,–,–,–,–,–,–,–,4.25,32.6,112,128
14th,–,W,W33X201,–,–,–,–,–,–,59.1,33.7,0.715,–,15.7,1.15,–,–,1  3/16,201,6.85,41.7,–,–,–,11600,773,686,14,–,–,749,147,95.2,3.56,–,–,–,–,–,–,–,–,–,–,–,–,–,–,–,–,–,–,–,20.8,–,–,–,–,–,–,–,–,–,–,–,–,–,–,–,–,–,–,–,–,–,–,–,–,–,–,–,–,–,198000,–,–,–,–,128,–,577,–,–,140,382,–,–,–,–,–,–,–,–,–,–,–,–,–,–,33  5/8 ,15  3/4 , 11/16,  3/8 ,1  1/8 ,1.94,2,–,–,–,–,–,–,–,–,–,–,–,–,–,–,–,–,–,4.21,32.6,111,127
14th,–,W,W33X169,–,–,–,–,–,–,49.5,33.8,0.67,–,11.5,1.22,–,–,1  3/16,169,4.71,44.7,–,–,–,9290,629,549,13.7,–,–,310,84.4,53.9,2.5,–,–,–,–,–,–,–,–,–,–,–,–,–,–,–,–,–,–,–,17.7,–,–,–,–,–,–,–,–,–,–,–,–,–,–,–,–,–,–,–,–,–,–,–,–,–,–,–,–,–,82400,–,–,–,–,93.7,–,329,–,–,108,311,–,–,–,–,–,–,–,–,–,–,–,–,–,–,33  7/8 ,11  1/2 , 11/16,  3/8 ,1  1/4 ,1.92,2  1/8 ,–,–,–,–,–,–,–,–,–,–,–,–,–,–,–,–,–,3.03,32.6,99.5,111
14th,–,W,W33X152,–,–,–,–,–,–,44.9,33.5,0.635,–,11.6,1.06,–,–,1  1/8 ,152,5.48,47.2,–,–,–,8160,559,487,13.5,–,–,273,73.9,47.2,2.47,–,–,–,–,–,–,–,–,–,–,–,–,–,–,–,–,–,–,–,12.4,–,–,–,–,–,–,–,–,–,–,–,–,–,–,–,–,–,–,–,–,–,–,–,–,–,–,–,–,–,71700,–,–,–,–,94.1,–,289,–,–,94.3,278,–,–,–,–,–,–,–,–,–,–,–,–,–,–,33  1/2 ,11  5/8 ,  5/8 ,  5/16,1  1/16,1.76,1 15/16,–,–,–,–,–,–,–,–,–,–,–,–,–,–,–,–,–,3.01,32.4,99.4,111
14th,–,W,W33X141,–,–,–,–,–,–,41.5,33.3,0.605,–,11.5,0.96,–,–,1  1/8 ,141,6.01,49.6,–,–,–,7450,514,448,13.4,–,–,246,66.9,42.7,2.43,–,–,–,–,–,–,–,–,–,–,–,–,–,–,–,–,–,–,–,9.7,–,–,–,–,–,–,–,–,–,–,–,–,–,–,–,–,–,–,–,–,–,–,–,–,–,–,–,–,–,64400,–,–,–,–,93,–,257,–,–,84.6,253,–,–,–,–,–,–,–,–,–,–,–,–,–,–,33  1/4 ,11  1/2 ,  5/8 ,  5/16, 15/16,1.66,1 13/16,–,–,–,–,–,–,–,–,–,–,–,–,–,–,–,–,–,2.98,32.3,98.5,110
14th,–,W,W33X130,–,–,–,–,–,–,38.3,33.1,0.58,–,11.5,0.855,–,–,1  1/8 ,130,6.73,51.7,–,–,–,6710,467,406,13.2,–,–,218,59.5,37.9,2.39,–,–,–,–,–,–,–,–,–,–,–,–,–,–,–,–,–,–,–,7.37,–,–,–,–,–,–,–,–,–,–,–,–,–,–,–,–,–,–,–,–,–,–,–,–,–,–,–,–,–,56600,–,–,–,–,92.7,–,228,–,–,75.3,230,–,–,–,–,–,–,–,–,–,–,–,–,–,–,33  1/8 ,11  1/2 ,  9/16,  5/16,  7/8 ,1.56,1  3/4 ,–,–,–,–,–,–,–,–,–,–,–,–,–,–,–,–,–,2.94,32.2,98.5,110
14th,–,W,W33X118,–,–,–,–,–,–,34.7,32.9,0.55,–,11.5,0.74,–,–,1  1/8 ,118,7.76,54.5,–,–,–,5900,415,359,13,–,–,187,51.3,32.6,2.32,–,–,–,–,–,–,–,–,–,–,–,–,–,–,–,–,–,–,–,5.3,–,–,–,–,–,–,–,–,–,–,–,–,–,–,–,–,–,–,–,–,–,–,–,–,–,–,–,–,–,48300,–,–,–,–,92.5,–,197,–,–,65.1,205,–,–,–,–,–,–,–,–,–,–,–,–,–,–,32  7/8 ,11  1/2 ,  9/16,  5/16,  3/4 ,1.44,1  5/8 ,–,–,–,–,–,–,–,–,–,–,–,–,–,–,–,–,–,2.89,32.2,97.5,109
14th,–,W,W30X391,–,–,–,–,–,–,115,33.2,1.36,–,15.6,2.44,–,–,1  1/2 ,391,3.19,19.7,–,–,–,20700,1450,1250,13.4,–,–,1550,310,198,3.67,–,–,–,–,–,–,–,–,–,–,–,–,–,–,–,–,–,–,–,173,–,–,–,–,–,–,–,–,–,–,–,–,–,–,–,–,–,–,–,–,–,–,–,–,–,–,–,–,–,366000,–,–,–,–,120,–,1140,–,–,267,722,–,–,–,–,–,–,–,–,–,–,–,–,–,–,33  1/4 ,15  5/8 ,1  3/8 , 11/16,2  7/16,3.23,3  3/8 ,–,–,–,–,–,–,–,–,–,–,–,–,–,–,–,–,–,4.37,30.8,109,125
14th,–,W,W30X357,–,–,–,–,–,–,105,32.8,1.24,–,15.5,2.24,–,–,1  7/16,357,3.45,21.6,–,–,–,18700,1320,1140,13.3,–,–,1390,279,179,3.64,–,–,–,–,–,–,–,–,–,–,–,–,–,–,–,–,–,–,–,134,–,–,–,–,–,–,–,–,–,–,–,–,–,–,–,–,–,–,–,–,–,–,–,–,–,–,–,–,–,324000,–,–,–,–,118,–,1030,–,–,244,655,–,–,–,–,–,–,–,–,–,–,–,–,–,–,32  3/4 ,15  1/2 ,1  1/4 ,  5/8 ,2  1/4 ,3.03,3  1/8 ,–,–,–,–,–,–,–,–,–,–,–,–,–,–,–,–,–,4.31,30.6,108,124
14th,–,W,W30X326,–,–,–,–,–,–,95.9,32.4,1.14,–,15.4,2.05,–,–,1  3/8 ,326,3.75,23.4,–,–,–,16800,1190,1040,13.2,–,–,1240,252,162,3.6,–,–,–,–,–,–,–,–,–,–,–,–,–,–,–,–,–,–,–,103,–,–,–,–,–,–,–,–,–,–,–,–,–,–,–,–,–,–,–,–,–,–,–,–,–,–,–,–,–,287000,–,–,–,–,117,–,922,–,–,222,593,–,–,–,–,–,–,–,–,–,–,–,–,–,–,32  3/8 ,15  3/8 ,1  1/8 ,  9/16,2  1/16,2.84,2 15/16,–,–,–,–,–,–,–,–,–,–,–,–,–,–,–,–,–,4.26,30.4,108,123
14th,–,W,W30X292,–,–,–,–,–,–,86,32,1.02,–,15.3,1.85,–,–,1  5/16,292,4.12,26.2,–,–,–,14900,1060,930,13.2,–,–,1100,223,144,3.58,–,–,–,–,–,–,–,–,–,–,–,–,–,–,–,–,–,–,–,75.2,–,–,–,–,–,–,–,–,–,–,–,–,–,–,–,–,–,–,–,–,–,–,–,–,–,–,–,–,–,250000,–,–,–,–,115,–,816,–,–,199,529,–,–,–,–,–,–,–,–,–,–,–,–,–,–,32,15  1/4 ,1,  1/2 ,1  7/8 ,2.64,2  3/4 ,–,–,–,–,–,–,–,–,–,–,–,–,–,–,–,–,–,4.22,30.2,107,122
14th,–,W,W30X261,–,–,–,–,–,–,77,31.6,0.93,–,15.2,1.65,–,–,1  5/16,261,4.59,28.7,–,–,–,13100,943,829,13.1,–,–,959,196,127,3.53,–,–,–,–,–,–,–,–,–,–,–,–,–,–,–,–,–,–,–,54.1,–,–,–,–,–,–,–,–,–,–,–,–,–,–,–,–,–,–,–,–,–,–,–,–,–,–,–,–,–,215000,–,–,–,–,114,–,714,–,–,176,469,–,–,–,–,–,–,–,–,–,–,–,–,–,–,31  5/8 ,15  1/8 , 15/16,  1/2 ,1  5/8 ,2.44,2  9/16,–,–,–,–,–,–,–,–,–,–,–,–,–,–,–,–,–,4.16,30,106,121
14th,–,W,W30X235,–,–,–,–,–,–,69.3,31.3,0.83,–,15.1,1.5,–,–,1  1/4 ,235,5.02,32.2,–,–,–,11700,847,748,13,–,–,855,175,114,3.51,–,–,–,–,–,–,–,–,–,–,–,–,–,–,–,–,–,–,–,40.3,–,–,–,–,–,–,–,–,–,–,–,–,–,–,–,–,–,–,–,–,–,–,–,–,–,–,–,–,–,190000,–,–,–,–,112,–,637,–,–,159,421,–,–,–,–,–,–,–,–,–,–,–,–,–,–,31  1/4 ,15, 13/16,  7/16,1  1/2 ,2.29,2  3/8 ,–,–,–,–,–,–,–,–,–,–,–,–,–,–,–,–,–,4.13,29.8,105,120
14th,–,W,W30X211,–,–,–,–,–,–,62.3,30.9,0.775,–,15.1,1.32,–,–,1  3/16,211,5.74,34.5,–,–,–,10300,751,665,12.9,–,–,757,155,100,3.49,–,–,–,–,–,–,–,–,–,–,–,–,–,–,–,–,–,–,–,28.4,–,–,–,–,–,–,–,–,–,–,–,–,–,–,–,–,–,–,–,–,–,–,–,–,–,–,–,–,–,166000,–,–,–,–,112,–,556,–,–,140,372,–,–,–,–,–,–,–,–,–,–,–,–,–,–,31,15  1/8 ,  3/4 ,  3/8 ,1  5/16,2.1,2  1/4 ,–,–,–,–,–,–,–,–,–,–,–,–,–,–,–,–,–,4.11,29.6,104,119
14th,–,W,W30X191,–,–,–,–,–,–,56.1,30.7,0.71,–,15,1.19,–,–,1  3/16,191,6.35,37.7,–,–,–,9200,675,600,12.8,–,–,673,138,89.5,3.46,–,–,–,–,–,–,–,–,–,–,–,–,–,–,–,–,–,–,–,21,–,–,–,–,–,–,–,–,–,–,–,–,–,–,–,–,–,–,–,–,–,–,–,–,–,–,–,–,–,146000,–,–,–,–,111,–,494,–,–,125,335,–,–,–,–,–,–,–,–,–,–,–,–,–,–,30  5/8 ,15, 11/16,  3/8 ,1  3/16,1.97,2  1/16,–,–,–,–,–,–,–,–,–,–,–,–,–,–,–,–,–,4.06,29.5,104,119
14th,–,W,W30X173,–,–,–,–,–,–,50.9,30.4,0.655,–,15,1.07,–,–,1  1/8 ,173,7.04,40.8,–,–,–,8230,607,541,12.7,–,–,598,123,79.8,3.42,–,–,–,–,–,–,–,–,–,–,–,–,–,–,–,–,–,–,–,15.6,–,–,–,–,–,–,–,–,–,–,–,–,–,–,–,–,–,–,–,–,–,–,–,–,–,–,–,–,–,129000,–,–,–,–,110,–,441,–,–,113,301,–,–,–,–,–,–,–,–,–,–,–,–,–,–,30  1/2 ,15,  5/8 ,  5/16,1  1/16,1.85,2,–,–,–,–,–,–,–,–,–,–,–,–,–,–,–,–,–,4.03,29.3,103,118
14th,–,W,W30X148,–,–,–,–,–,–,43.6,30.7,0.65,–,10.5,1.18,–,–,1  1/8 ,148,4.44,41.6,–,–,–,6680,500,436,12.4,–,–,227,68,43.3,2.28,–,–,–,–,–,–,–,–,–,–,–,–,–,–,–,–,–,–,–,14.5,–,–,–,–,–,–,–,–,–,–,–,–,–,–,–,–,–,–,–,–,–,–,–,–,–,–,–,–,–,49400,–,–,–,–,77.5,–,240,–,–,85.8,248,–,–,–,–,–,–,–,–,–,–,–,–,–,–,30  5/8 ,10  1/2 ,  5/8 ,  5/16,1  3/16,1.83,2  1/16,–,–,–,–,–,–,–,–,–,–,–,–,–,–,–,–,–,2.77,29.5,90.5,101
14th,–,W,W30X132,–,–,–,–,–,–,38.8,30.3,0.615,–,10.5,1,–,–,1  1/8 ,132,5.27,43.9,–,–,–,5770,437,380,12.2,–,–,196,58.4,37.2,2.25,–,–,–,–,–,–,–,–,–,–,–,–,–,–,–,–,–,–,–,9.72,–,–,–,–,–,–,–,–,–,–,–,–,–,–,–,–,–,–,–,–,–,–,–,–,–,–,–,–,–,42100,–,–,–,–,76.9,–,202,–,–,72.4,215,–,–,–,–,–,–,–,–,–,–,–,–,–,–,30  1/4 ,10  1/2 ,  5/8 ,  5/16,1,1.65,1  7/8 ,–,–,–,–,–,–,–,–,–,–,–,–,–,–,–,–,–,2.75,29.3,89.5,100
14th,–,W,W30X124,–,–,–,–,–,–,36.5,30.2,0.585,–,10.5,0.93,–,–,1  1/8 ,124,5.65,46.2,–,–,–,5360,408,355,12.1,–,–,181,54,34.4,2.23,–,–,–,–,–,–,–,–,–,–,–,–,–,–,–,–,–,–,–,7.99,–,–,–,–,–,–,–,–,–,–,–,–,–,–,–,–,–,–,–,–,–,–,–,–,–,–,–,–,–,38600,–,–,–,–,76.8,–,188,–,–,67.5,202,–,–,–,–,–,–,–,–,–,–,–,–,–,–,30  1/8 ,10  1/2 ,  9/16,  5/16, 15/16,1.58,1 13/16,–,–,–,–,–,–,–,–,–,–,–,–,–,–,–,–,–,2.73,29.3,89.5,100
14th,–,W,W30X116,–,–,–,–,–,–,34.2,30,0.565,–,10.5,0.85,–,–,1  1/8 ,116,6.17,47.8,–,–,–,4930,378,329,12,–,–,164,49.2,31.3,2.19,–,–,–,–,–,–,–,–,–,–,–,–,–,–,–,–,–,–,–,6.43,–,–,–,–,–,–,–,–,–,–,–,–,–,–,–,–,–,–,–,–,–,–,–,–,–,–,–,–,–,34900,–,–,–,–,76.5,–,171,–,–,61.5,187,–,–,–,–,–,–,–,–,–,–,–,–,–,–,30,10  1/2 ,  9/16,  5/16,  7/8 ,1.5,1  3/4 ,–,–,–,–,–,–,–,–,–,–,–,–,–,–,–,–,–,2.7,29.2,89.3,99.8
14th,–,W,W30X108,–,–,–,–,–,–,31.7,29.8,0.545,–,10.5,0.76,–,–,1  1/8 ,108,6.89,49.6,–,–,–,4470,346,299,11.9,–,–,146,43.9,27.9,2.15,–,–,–,–,–,–,–,–,–,–,–,–,–,–,–,–,–,–,–,4.99,–,–,–,–,–,–,–,–,–,–,–,–,–,–,–,–,–,–,–,–,–,–,–,–,–,–,–,–,–,30900,–,–,–,–,76.2,–,152,–,–,54.9,170,–,–,–,–,–,–,–,–,–,–,–,–,–,–,29  7/8 ,10  1/2 ,  9/16,  5/16,  3/4 ,1.41,1 11/16,–,–,–,–,–,–,–,–,–,–,–,–,–,–,–,–,–,2.67,29,88.9,99.4
14th,–,W,W30X99,–,–,–,–,–,–,29,29.7,0.52,–,10.5,0.67,–,–,1  1/16,99,7.8,51.9,–,–,–,3990,312,269,11.7,–,–,128,38.6,24.5,2.1,–,–,–,–,–,–,–,–,–,–,–,–,–,–,–,–,–,–,–,3.77,–,–,–,–,–,–,–,–,–,–,–,–,–,–,–,–,–,–,–,–,–,–,–,–,–,–,–,–,–,26800,–,–,–,–,76.2,–,134,–,–,48.5,154,–,–,–,–,–,–,–,–,–,–,–,–,–,–,29  5/8 ,10  1/2 ,  1/2 ,  1/4 , 11/16,1.32,1  9/16,–,–,–,–,–,–,–,–,–,–,–,–,–,–,–,–,–,2.62,29,88.7,99.2
14th,–,W,W30X90,–,–,–,–,–,–,26.3,29.5,0.47,–,10.4,0.61,–,–,1  1/16,90,8.52,57.5,–,–,–,3610,283,245,11.7,–,–,115,34.7,22.1,2.09,–,–,–,–,–,–,–,–,–,–,–,–,–,–,–,–,–,–,–,2.84,–,–,–,–,–,–,–,–,–,–,–,–,–,–,–,–,–,–,–,–,–,–,–,–,–,–,–,–,–,24000,–,–,–,–,75.1,–,119,–,–,43.7,139,–,–,–,–,–,–,–,–,–,–,–,–,–,–,29  1/2 ,10  3/8 ,  1/2 ,  1/4 ,  5/8 ,1.26,1  1/2 ,–,–,–,–,–,–,–,–,–,–,–,–,–,–,–,–,–,2.6,28.9,88.1,98.5
14th,–,W,W27X539,–,–,–,–,–,–,159,32.5,1.97,–,15.3,3.54,–,–,1 13/16,539,2.15,12.1,–,–,–,25600,1890,1570,12.7,–,–,2110,437,277,3.65,–,–,–,–,–,–,–,–,–,–,–,–,–,–,–,–,–,–,–,496,–,–,–,–,–,–,–,–,–,–,–,–,–,–,–,–,–,–,–,–,–,–,–,–,–,–,–,–,–,443000,–,–,–,–,111,–,1500,–,–,342,943,–,–,–,–,–,–,–,–,–,–,–,–,–,–,32  1/2 ,15  1/4 ,2,1,3  9/16,4.33,4  7/16,–,–,–,–,–,–,–,–,–,–,–,–,–,–,–,–,–,4.41,29,106,121
14th,–,W,W27X368,–,–,–,–,–,–,109,30.4,1.38,–,14.7,2.48,–,–,1  1/2 ,368,2.96,17.3,–,–,–,16200,1240,1060,12.2,–,–,1310,279,179,3.48,–,–,–,–,–,–,–,–,–,–,–,–,–,–,–,–,–,–,–,170,–,–,–,–,–,–,–,–,–,–,–,–,–,–,–,–,–,–,–,–,–,–,–,–,–,–,–,–,–,255000,–,–,–,–,103,–,935,–,–,231,621,–,–,–,–,–,–,–,–,–,–,–,–,–,–,30  3/8 ,14  5/8 ,1  3/8 , 11/16,2  1/2 ,3.27,3  3/8 ,–,–,–,–,–,–,–,–,–,–,–,–,–,–,–,–,–,4.15,27.9,100,115
14th,–,W,W27X336,–,–,–,–,–,–,99.2,30,1.26,–,14.6,2.28,–,–,1  7/16,336,3.19,18.9,–,–,–,14600,1130,972,12.1,–,–,1180,252,162,3.45,–,–,–,–,–,–,–,–,–,–,–,–,–,–,–,–,–,–,–,131,–,–,–,–,–,–,–,–,–,–,–,–,–,–,–,–,–,–,–,–,–,–,–,–,–,–,–,–,–,226000,–,–,–,–,101,–,842,–,–,211,563,–,–,–,–,–,–,–,–,–,–,–,–,–,–,30,14  1/2 ,1  1/4 ,  5/8 ,2  1/4 ,3.07,3  3/16,–,–,–,–,–,–,–,–,–,–,–,–,–,–,–,–,–,4.1,27.7,100,115
14th,–,W,W27X307,–,–,–,–,–,–,90.2,29.6,1.16,–,14.4,2.09,–,–,1  7/16,307,3.46,20.6,–,–,–,13100,1030,887,12,–,–,1050,227,146,3.41,–,–,–,–,–,–,–,–,–,–,–,–,–,–,–,–,–,–,–,101,–,–,–,–,–,–,–,–,–,–,–,–,–,–,–,–,–,–,–,–,–,–,–,–,–,–,–,–,–,199000,–,–,–,–,99,–,745,–,–,190,508,–,–,–,–,–,–,–,–,–,–,–,–,–,–,29  5/8 ,14  1/2 ,1  3/16,  5/8 ,2  1/16,2.88,3,–,–,–,–,–,–,–,–,–,–,–,–,–,–,–,–,–,4.04,27.5,98.6,113
14th,–,W,W27X281,–,–,–,–,–,–,83.1,29.3,1.06,–,14.4,1.93,–,–,1  3/8 ,281,3.72,22.5,–,–,–,11900,936,814,12,–,–,953,206,133,3.39,–,–,–,–,–,–,–,–,–,–,–,–,–,–,–,–,–,–,–,79.5,–,–,–,–,–,–,–,–,–,–,–,–,–,–,–,–,–,–,–,–,–,–,–,–,–,–,–,–,–,178000,–,–,–,–,98.5,–,685,–,–,176,466,–,–,–,–,–,–,–,–,–,–,–,–,–,–,29  1/4 ,14  3/8 ,1  1/16,  9/16,1 15/16,2.72,2 13/16,–,–,–,–,–,–,–,–,–,–,–,–,–,–,–,–,–,4,27.4,98.6,113
14th,–,W,W27X258,–,–,–,–,–,–,76.1,29,0.98,–,14.3,1.77,–,–,1  5/16,258,4.03,24.4,–,–,–,10800,852,745,11.9,–,–,859,187,120,3.36,–,–,–,–,–,–,–,–,–,–,–,–,–,–,–,–,–,–,–,61.6,–,–,–,–,–,–,–,–,–,–,–,–,–,–,–,–,–,–,–,–,–,–,–,–,–,–,–,–,–,159000,–,–,–,–,97.3,–,616,–,–,160,424,–,–,–,–,–,–,–,–,–,–,–,–,–,–,29,14  1/4 ,1,  1/2 ,1  3/4 ,2.56,2 11/16,–,–,–,–,–,–,–,–,–,–,–,–,–,–,–,–,–,3.96,27.2,97.7,112
14th,–,W,W27X235,–,–,–,–,–,–,69.4,28.7,0.91,–,14.2,1.61,–,–,1  5/16,235,4.41,26.2,–,–,–,9700,772,677,11.8,–,–,769,168,108,3.33,–,–,–,–,–,–,–,–,–,–,–,–,–,–,–,–,–,–,–,47,–,–,–,–,–,–,–,–,–,–,–,–,–,–,–,–,–,–,–,–,–,–,–,–,–,–,–,–,–,141000,–,–,–,–,96.2,–,550,–,–,145,384,–,–,–,–,–,–,–,–,–,–,–,–,–,–,28  5/8 ,14  1/4 , 15/16,  1/2 ,1  5/8 ,2.4,2  1/2 ,–,–,–,–,–,–,–,–,–,–,–,–,–,–,–,–,–,3.92,27.1,96.8,111
14th,–,W,W27X217,–,–,–,–,–,–,63.9,28.4,0.83,–,14.1,1.5,–,–,1  1/4 ,217,4.71,28.7,–,–,–,8910,711,627,11.8,–,–,704,154,100,3.32,–,–,–,–,–,–,–,–,–,–,–,–,–,–,–,–,–,–,–,37.6,–,–,–,–,–,–,–,–,–,–,–,–,–,–,–,–,–,–,–,–,–,–,–,–,–,–,–,–,–,128000,–,–,–,–,94.8,–,501,–,–,134,351,–,–,–,–,–,–,–,–,–,–,–,–,–,–,28  3/8 ,14  1/8 , 13/16,  7/16,1  1/2 ,2.29,2  3/8 ,–,–,–,–,–,–,–,–,–,–,–,–,–,–,–,–,–,3.89,26.9,95.9,110
14th,–,W,W27X194,–,–,–,–,–,–,57.1,28.1,0.75,–,14,1.34,–,–,1  3/16,194,5.24,31.8,–,–,–,7860,631,559,11.7,–,–,619,136,88.1,3.29,–,–,–,–,–,–,–,–,–,–,–,–,–,–,–,–,–,–,–,27.1,–,–,–,–,–,–,–,–,–,–,–,–,–,–,–,–,–,–,–,–,–,–,–,–,–,–,–,–,–,111000,–,–,–,–,93.7,–,439,–,–,119,312,–,–,–,–,–,–,–,–,–,–,–,–,–,–,28  1/8 ,14,  3/4 ,  3/8 ,1  5/16,2.13,2  1/4 ,–,–,–,–,–,–,–,–,–,–,–,–,–,–,–,–,–,3.85,26.8,95,109
14th,–,W,W27X178,–,–,–,–,–,–,52.5,27.8,0.725,–,14.1,1.19,–,–,1  3/16,178,5.92,32.9,–,–,–,7020,570,505,11.6,–,–,555,122,78.8,3.25,–,–,–,–,–,–,–,–,–,–,–,–,–,–,–,–,–,–,–,20.1,–,–,–,–,–,–,–,–,–,–,–,–,–,–,–,–,–,–,–,–,–,–,–,–,–,–,–,–,–,98400,–,–,–,–,93.8,–,393,–,–,106,282,–,–,–,–,–,–,–,–,–,–,–,–,–,–,27  3/4 ,14  1/8 ,  3/4 ,  3/8 ,1  3/16,1.98,2  1/16,–,–,–,–,–,–,–,–,–,–,–,–,–,–,–,–,–,3.83,26.6,94.9,109
14th,–,W,W27X161,–,–,–,–,–,–,47.6,27.6,0.66,–,14,1.08,–,–,1  3/16,161,6.49,36.1,–,–,–,6310,515,458,11.5,–,–,497,109,70.9,3.23,–,–,–,–,–,–,–,–,–,–,–,–,–,–,–,–,–,–,–,15.1,–,–,–,–,–,–,–,–,–,–,–,–,–,–,–,–,–,–,–,–,–,–,–,–,–,–,–,–,–,87300,–,–,–,–,92.8,–,351,–,–,95.5,254,–,–,–,–,–,–,–,–,–,–,–,–,–,–,27  5/8 ,14, 11/16,  3/8 ,1  1/16,1.87,2,–,–,–,–,–,–,–,–,–,–,–,–,–,–,–,–,–,3.79,26.5,95,109
14th,–,W,W27X146,–,–,–,–,–,–,43.2,27.4,0.605,–,14,0.975,–,–,1  1/8 ,146,7.16,39.4,–,–,–,5660,464,414,11.5,–,–,443,97.7,63.5,3.2,–,–,–,–,–,–,–,–,–,–,–,–,–,–,–,–,–,–,–,11.3,–,–,–,–,–,–,–,–,–,–,–,–,–,–,–,–,–,–,–,–,–,–,–,–,–,–,–,–,–,77200,–,–,–,–,92.5,–,316,–,–,86.3,229,–,–,–,–,–,–,–,–,–,–,–,–,–,–,27  3/8 ,14,  5/8 ,  5/16,1,1.76,1  7/8 ,–,–,–,–,–,–,–,–,–,–,–,–,–,–,–,–,–,3.76,26.4,94,108
14th,–,W,W27X129,–,–,–,–,–,–,37.8,27.6,0.61,–,10,1.1,–,–,1  1/8 ,129,4.55,39.7,–,–,–,4760,395,345,11.2,–,–,184,57.6,36.8,2.21,–,–,–,–,–,–,–,–,–,–,–,–,–,–,–,–,–,–,–,11.1,–,–,–,–,–,–,–,–,–,–,–,–,–,–,–,–,–,–,–,–,–,–,–,–,–,–,–,–,–,32500,–,–,–,–,66.3,–,182,–,–,68.4,195,–,–,–,–,–,–,–,–,–,–,–,–,–,–,27  5/8 ,10,  5/8 ,  5/16,1  1/8 ,1.7,2,–,–,–,–,–,–,–,–,–,–,–,–,–,–,–,–,–,2.66,26.5,83,93
14th,–,W,W27X114,–,–,–,–,–,–,33.6,27.3,0.57,–,10.1,0.93,–,–,1  1/8 ,114,5.41,42.5,–,–,–,4080,343,299,11,–,–,159,49.3,31.5,2.18,–,–,–,–,–,–,–,–,–,–,–,–,–,–,–,–,–,–,–,7.33,–,–,–,–,–,–,–,–,–,–,–,–,–,–,–,–,–,–,–,–,–,–,–,–,–,–,–,–,–,27600,–,–,–,–,66.6,–,156,–,–,58.4,170,–,–,–,–,–,–,–,–,–,–,–,–,–,–,27  1/4 ,10  1/8 ,  9/16,  5/16, 15/16,1.53,1 13/16,–,–,–,–,–,–,–,–,–,–,–,–,–,–,–,–,–,2.65,26.4,82.7,92.8
14th,–,W,W27X102,–,–,–,–,–,–,30,27.1,0.515,–,10,0.83,–,–,1  1/16,102,6.03,47.1,–,–,–,3620,305,267,11,–,–,139,43.4,27.8,2.15,–,–,–,–,–,–,–,–,–,–,–,–,–,–,–,–,–,–,–,5.28,–,–,–,–,–,–,–,–,–,–,–,–,–,–,–,–,–,–,–,–,–,–,–,–,–,–,–,–,–,24000,–,–,–,–,65.7,–,136,–,–,51.7,151,–,–,–,–,–,–,–,–,–,–,–,–,–,–,27  1/8 ,10,  1/2 ,  1/4 , 13/16,1.43,1  3/4 ,–,–,–,–,–,–,–,–,–,–,–,–,–,–,–,–,–,2.62,26.3,82.1,92.1
14th,–,W,W27X94,–,–,–,–,–,–,27.6,26.9,0.49,–,10,0.745,–,–,1  1/16,94,6.7,49.5,–,–,–,3270,278,243,10.9,–,–,124,38.8,24.8,2.12,–,–,–,–,–,–,–,–,–,–,–,–,–,–,–,–,–,–,–,4.03,–,–,–,–,–,–,–,–,–,–,–,–,–,–,–,–,–,–,–,–,–,–,–,–,–,–,–,–,–,21300,–,–,–,–,65.4,–,122,–,–,46.3,137,–,–,–,–,–,–,–,–,–,–,–,–,–,–,26  7/8 ,10,  1/2 ,  1/4 ,  3/4 ,1.34,1  5/8 ,–,–,–,–,–,–,–,–,–,–,–,–,–,–,–,–,–,2.59,26.2,81.8,91.8
14th,–,W,W27X84,–,–,–,–,–,–,24.7,26.7,0.46,–,10,0.64,–,–,1  1/16,84,7.78,52.7,–,–,–,2850,244,213,10.7,–,–,106,33.2,21.2,2.07,–,–,–,–,–,–,–,–,–,–,–,–,–,–,–,–,–,–,–,2.81,–,–,–,–,–,–,–,–,–,–,–,–,–,–,–,–,–,–,–,–,–,–,–,–,–,–,–,–,–,17900,–,–,–,–,65.2,–,104,–,–,39.8,121,–,–,–,–,–,–,–,–,–,–,–,–,–,–,26  3/4 ,10,  7/16,  1/4 ,  5/8 ,1.24,1  9/16,–,–,–,–,–,–,–,–,–,–,–,–,–,–,–,–,–,2.54,26.1,81.5,91.5
14th,–,W,W24X370,–,–,–,–,–,–,109,28,1.52,–,13.7,2.72,–,–,1  9/16,370,2.51,14.2,–,–,–,13400,1130,957,11.1,–,–,1160,267,170,3.27,–,–,–,–,–,–,–,–,–,–,–,–,–,–,–,–,–,–,–,201,–,–,–,–,–,–,–,–,–,–,–,–,–,–,–,–,–,–,–,–,–,–,–,–,–,–,–,–,–,186000,–,–,–,–,86.6,–,807,–,–,209,568,–,–,–,–,–,–,–,–,–,–,–,–,–,–,28,13  5/8 ,1  1/2 ,  3/4 ,2  3/4 ,3.22,3  5/8 ,–,–,–,–,–,–,–,–,–,–,–,–,–,–,–,–,–,3.92,25.3,93.3,107
14th,–,W,W24X335,–,–,–,–,–,–,98.3,27.5,1.38,–,13.5,2.48,–,–,1  1/2 ,335,2.73,15.6,–,–,–,11900,1020,864,11,–,–,1030,238,152,3.23,–,–,–,–,–,–,–,–,–,–,–,–,–,–,–,–,–,–,–,152,–,–,–,–,–,–,–,–,–,–,–,–,–,–,–,–,–,–,–,–,–,–,–,–,–,–,–,–,–,161000,–,–,–,–,84.4,–,707,–,–,188,506,–,–,–,–,–,–,–,–,–,–,–,–,–,–,27  1/2 ,13  1/2 ,1  3/8 , 11/16,2  1/2 ,2.98,3  3/8 ,–,–,–,–,–,–,–,–,–,–,–,–,–,–,–,–,–,3.86,25,91.5,105
14th,–,W,W24X306,–,–,–,–,–,–,89.7,27.1,1.26,–,13.4,2.28,–,–,1  7/16,306,2.94,17.1,–,–,–,10700,922,789,10.9,–,–,919,214,137,3.2,–,–,–,–,–,–,–,–,–,–,–,–,–,–,–,–,–,–,–,117,–,–,–,–,–,–,–,–,–,–,–,–,–,–,–,–,–,–,–,–,–,–,–,–,–,–,–,–,–,142000,–,–,–,–,83.1,–,635,–,–,172,459,–,–,–,–,–,–,–,–,–,–,–,–,–,–,27  1/8 ,13  3/8 ,1  1/4 ,  5/8 ,2  1/4 ,2.78,3  3/16,–,–,–,–,–,–,–,–,–,–,–,–,–,–,–,–,–,3.81,24.8,90.6,104
14th,–,W,W24X279,–,–,–,–,–,–,81.9,26.7,1.16,–,13.3,2.09,–,–,1  7/16,279,3.18,18.6,–,–,–,9600,835,718,10.8,–,–,823,193,124,3.17,–,–,–,–,–,–,–,–,–,–,–,–,–,–,–,–,–,–,–,90.5,–,–,–,–,–,–,–,–,–,–,–,–,–,–,–,–,–,–,–,–,–,–,–,–,–,–,–,–,–,125000,–,–,–,–,81.8,–,569,–,–,156,416,–,–,–,–,–,–,–,–,–,–,–,–,–,–,26  3/4 ,13  1/4 ,1  3/16,  5/8 ,2  1/16,2.59,3,–,–,–,–,–,–,–,–,–,–,–,–,–,–,–,–,–,3.76,24.6,89.7,103
14th,–,W,W24X250,–,–,–,–,–,–,73.5,26.3,1.04,–,13.2,1.89,–,–,1  3/8 ,250,3.49,20.7,–,–,–,8490,744,644,10.7,–,–,724,171,110,3.14,–,–,–,–,–,–,–,–,–,–,–,–,–,–,–,–,–,–,–,66.6,–,–,–,–,–,–,–,–,–,–,–,–,–,–,–,–,–,–,–,–,–,–,–,–,–,–,–,–,–,108000,–,–,–,–,80.6,–,502,–,–,140,370,–,–,–,–,–,–,–,–,–,–,–,–,–,–,26  3/8 ,13  1/8 ,1  1/16,  9/16,1  7/8 ,2.39,2 13/16,–,–,–,–,–,–,–,–,–,–,–,–,–,–,–,–,–,3.71,24.4,88.8,102
14th,–,W,W24X229,–,–,–,–,–,–,67.2,26,0.96,–,13.1,1.73,–,–,1  5/16,229,3.79,22.5,–,–,–,7650,675,588,10.7,–,–,651,154,99.4,3.11,–,–,–,–,–,–,–,–,–,–,–,–,–,–,–,–,–,–,–,51.3,–,–,–,–,–,–,–,–,–,–,–,–,–,–,–,–,–,–,–,–,–,–,–,–,–,–,–,–,–,96100,–,–,–,–,79.5,–,450,–,–,127,336,–,–,–,–,–,–,–,–,–,–,–,–,–,–,26,13  1/8 , 15/16,  1/2 ,1  3/4 ,2.23,2  5/8 ,–,–,–,–,–,–,–,–,–,–,–,–,–,–,–,–,–,3.67,24.3,88.9,102
14th,–,W,W24X207,–,–,–,–,–,–,60.7,25.7,0.87,–,13,1.57,–,–,1  1/4 ,207,4.14,24.8,–,–,–,6820,606,531,10.6,–,–,578,137,88.8,3.08,–,–,–,–,–,–,–,–,–,–,–,–,–,–,–,–,–,–,–,38.3,–,–,–,–,–,–,–,–,–,–,–,–,–,–,–,–,–,–,–,–,–,–,–,–,–,–,–,–,–,84100,–,–,–,–,78.4,–,400,–,–,115,302,–,–,–,–,–,–,–,–,–,–,–,–,–,–,25  3/4 ,13,  7/8 ,  7/16,1  9/16,2.07,2  1/2 ,–,–,–,–,–,–,–,–,–,–,–,–,–,–,–,–,–,3.62,24.1,88,101
14th,–,W,W24X192,–,–,–,–,–,–,56.5,25.5,0.81,–,13,1.46,–,–,1  1/4 ,192,4.43,26.6,–,–,–,6260,559,491,10.5,–,–,530,126,81.8,3.07,–,–,–,–,–,–,–,–,–,–,–,–,–,–,–,–,–,–,–,30.8,–,–,–,–,–,–,–,–,–,–,–,–,–,–,–,–,–,–,–,–,–,–,–,–,–,–,–,–,–,76300,–,–,–,–,78.1,–,371,–,–,107,280,–,–,–,–,–,–,–,–,–,–,–,–,–,–,25  1/2 ,13, 13/16,  7/16,1  7/16,1.96,2  3/8 ,–,–,–,–,–,–,–,–,–,–,–,–,–,–,–,–,–,3.6,24,88,101
14th,–,W,W24X176,–,–,–,–,–,–,51.7,25.2,0.75,–,12.9,1.34,–,–,1  3/16,176,4.81,28.7,–,–,–,5680,511,450,10.5,–,–,479,115,74.3,3.04,–,–,–,–,–,–,–,–,–,–,–,–,–,–,–,–,–,–,–,23.9,–,–,–,–,–,–,–,–,–,–,–,–,–,–,–,–,–,–,–,–,–,–,–,–,–,–,–,–,–,68400,–,–,–,–,76.9,–,333,–,–,97.1,254,–,–,–,–,–,–,–,–,–,–,–,–,–,–,25  1/4 ,12  7/8 ,  3/4 ,  3/8 ,1  5/16,1.84,2  1/4 ,–,–,–,–,–,–,–,–,–,–,–,–,–,–,–,–,–,3.57,23.9,86.7,99.6
14th,–,W,W24X162,–,–,–,–,–,–,47.8,25,0.705,–,13,1.22,–,–,1  3/16,162,5.31,30.6,–,–,–,5170,468,414,10.4,–,–,443,105,68.4,3.05,–,–,–,–,–,–,–,–,–,–,–,–,–,–,–,–,–,–,–,18.5,–,–,–,–,–,–,–,–,–,–,–,–,–,–,–,–,–,–,–,–,–,–,–,–,–,–,–,–,–,62600,–,–,–,–,77.3,–,306,–,–,89.2,233,–,–,–,–,–,–,–,–,–,–,–,–,–,–,25,13, 11/16,  3/8 ,1  1/4 ,1.72,2  1/8 ,–,–,–,–,–,–,–,–,–,–,–,–,–,–,–,–,–,3.57,23.8,86.7,99.7
14th,–,W,W24X146,–,–,–,–,–,–,43,24.7,0.65,–,12.9,1.09,–,–,1  1/8 ,146,5.92,33.2,–,–,–,4580,418,371,10.3,–,–,391,93.2,60.5,3.01,–,–,–,–,–,–,–,–,–,–,–,–,–,–,–,–,–,–,–,13.4,–,–,–,–,–,–,–,–,–,–,–,–,–,–,–,–,–,–,–,–,–,–,–,–,–,–,–,–,–,54600,–,–,–,–,76.1,–,268,–,–,78.8,207,–,–,–,–,–,–,–,–,–,–,–,–,–,–,24  3/4 ,12  7/8 ,  5/8 ,  5/16,1  1/16,1.59,2,–,–,–,–,–,–,–,–,–,–,–,–,–,–,–,–,–,3.53,23.6,85.9,98.8
14th,–,W,W24X131,–,–,–,–,–,–,38.6,24.5,0.605,–,12.9,0.96,–,–,1  1/8 ,131,6.7,35.6,–,–,–,4020,370,329,10.2,–,–,340,81.5,53,2.97,–,–,–,–,–,–,–,–,–,–,–,–,–,–,–,–,–,–,–,9.5,–,–,–,–,–,–,–,–,–,–,–,–,–,–,–,–,–,–,–,–,–,–,–,–,–,–,–,–,–,47100,–,–,–,–,75.9,–,235,–,–,69.5,184,–,–,–,–,–,–,–,–,–,–,–,–,–,–,24  1/2 ,12  7/8 ,  5/8 ,  5/16, 15/16,1.46,1  7/8 ,–,–,–,–,–,–,–,–,–,–,–,–,–,–,–,–,–,3.49,23.5,85.6,98.5
14th,–,W,W24X117,–,–,–,–,–,–,34.4,24.3,0.55,–,12.8,0.85,–,–,1  1/8 ,117,7.53,39.2,–,–,–,3540,327,291,10.1,–,–,297,71.4,46.5,2.94,–,–,–,–,–,–,–,–,–,–,–,–,–,–,–,–,–,–,–,6.72,–,–,–,–,–,–,–,–,–,–,–,–,–,–,–,–,–,–,–,–,–,–,–,–,–,–,–,–,–,40800,–,–,–,–,75,–,204,–,–,61,163,–,–,–,–,–,–,–,–,–,–,–,–,–,–,24  1/4 ,12  3/4 ,  9/16,  5/16,  7/8 ,1.35,1  3/4 ,–,–,–,–,–,–,–,–,–,–,–,–,–,–,–,–,–,3.46,23.5,85,97.8
14th,–,W,W24X104,–,–,–,–,–,–,30.7,24.1,0.5,–,12.8,0.75,–,–,1  1/16,104,8.5,43.1,–,–,–,3100,289,258,10.1,–,–,259,62.4,40.7,2.91,–,–,–,–,–,–,–,–,–,–,–,–,–,–,–,–,–,–,–,4.72,–,–,–,–,–,–,–,–,–,–,–,–,–,–,–,–,–,–,–,–,–,–,–,–,–,–,–,–,–,35200,–,–,–,–,74.7,–,179,–,–,53.9,144,–,–,–,–,–,–,–,–,–,–,–,–,–,–,24,12  3/4 ,  1/2 ,  1/4 ,  3/4 ,1.25,1  5/8 ,–,–,–,–,–,–,–,–,–,–,–,–,–,–,–,–,–,3.42,23.4,84.7,97.5
14th,–,W,W24X103,–,–,–,–,–,–,30.3,24.5,0.55,–,9,0.98,–,–,1  1/8 ,103,4.59,39.2,–,–,–,3000,280,245,10,–,–,119,41.5,26.5,1.99,–,–,–,–,–,–,–,–,–,–,–,–,–,–,–,–,–,–,–,7.07,–,–,–,–,–,–,–,–,–,–,–,–,–,–,–,–,–,–,–,–,–,–,–,–,–,–,–,–,–,16600,–,–,–,–,52.9,–,117,–,–,48.7,139,–,–,–,–,–,–,–,–,–,–,–,–,–,–,24  1/2 ,9,  9/16,  5/16,1,1.48,1  7/8 ,–,–,–,–,–,–,–,–,–,–,–,–,–,–,–,–,–,2.4,23.5,74,83
14th,–,W,W24X94,–,–,–,–,–,–,27.7,24.3,0.515,–,9.07,0.875,–,–,1  1/16,94,5.18,41.9,–,–,–,2700,254,222,9.87,–,–,109,37.5,24,1.98,–,–,–,–,–,–,–,–,–,–,–,–,–,–,–,–,–,–,–,5.26,–,–,–,–,–,–,–,–,–,–,–,–,–,–,–,–,–,–,–,–,–,–,–,–,–,–,–,–,–,15000,–,–,–,–,53.1,–,105,–,–,43.8,126,–,–,–,–,–,–,–,–,–,–,–,–,–,–,24  1/4 ,9  1/8 ,  1/2 ,  1/4 ,  7/8 ,1.38,1  3/4 ,–,–,–,–,–,–,–,–,–,–,–,–,–,–,–,–,–,2.4,23.4,73.9,83
14th,–,W,W24X84,–,–,–,–,–,–,24.7,24.1,0.47,–,9.02,0.77,–,–,1  1/16,84,5.86,45.9,–,–,–,2370,224,196,9.79,–,–,94.4,32.6,20.9,1.95,–,–,–,–,–,–,–,–,–,–,–,–,–,–,–,–,–,–,–,3.7,–,–,–,–,–,–,–,–,–,–,–,–,–,–,–,–,–,–,–,–,–,–,–,–,–,–,–,–,–,12800,–,–,–,–,52.6,–,91.3,–,–,38.4,111,–,–,–,–,–,–,–,–,–,–,–,–,–,–,24  1/8 ,9,  1/2 ,  1/4 ,  3/4 ,1.27,1 11/16,–,–,–,–,–,–,–,–,–,–,–,–,–,–,–,–,–,2.37,23.3,73.5,82.5
14th,–,W,W24X76,–,–,–,–,–,–,22.4,23.9,0.44,–,8.99,0.68,–,–,1  1/16,76,6.61,49,–,–,–,2100,200,176,9.69,–,–,82.5,28.6,18.4,1.92,–,–,–,–,–,–,–,–,–,–,–,–,–,–,–,–,–,–,–,2.68,–,–,–,–,–,–,–,–,–,–,–,–,–,–,–,–,–,–,–,–,–,–,–,–,–,–,–,–,–,11100,–,–,–,–,52.2,–,79.8,–,–,33.8,98.9,–,–,–,–,–,–,–,–,–,–,–,–,–,–,23  7/8 ,9,  7/16,  1/4 , 11/16,1.18,1  9/16,–,–,–,–,–,–,–,–,–,–,–,–,–,–,–,–,–,2.33,23.2,73,82
14th,–,W,W24X68,–,–,–,–,–,–,20.1,23.7,0.415,–,8.97,0.585,–,–,1  1/16,68,7.66,52,–,–,–,1830,177,154,9.55,–,–,70.4,24.5,15.7,1.87,–,–,–,–,–,–,–,–,–,–,–,–,–,–,–,–,–,–,–,1.87,–,–,–,–,–,–,–,–,–,–,–,–,–,–,–,–,–,–,–,–,–,–,–,–,–,–,–,–,–,9430,–,–,–,–,51.8,–,68,–,–,28.9,87,–,–,–,–,–,–,–,–,–,–,–,–,–,–,23  3/4 ,9,  7/16,  1/4 ,  9/16,1.09,1  1/2 ,–,–,–,–,–,–,–,–,–,–,–,–,–,–,–,–,–,2.3,23.1,72.6,81.6
14th,–,W,W24X62,–,–,–,–,–,–,18.2,23.7,0.43,–,7.04,0.59,–,–,1  1/16,62,5.97,50.1,–,–,–,1550,153,131,9.23,–,–,34.5,15.7,9.8,1.38,–,–,–,–,–,–,–,–,–,–,–,–,–,–,–,–,–,–,–,1.71,–,–,–,–,–,–,–,–,–,–,–,–,–,–,–,–,–,–,–,–,–,–,–,–,–,–,–,–,–,4620,–,–,–,–,40.7,–,42.2,–,–,22.5,75.3,–,–,–,–,–,–,–,–,–,–,–,–,–,–,23  3/4 ,7,  7/16,  1/4 ,  9/16,1.09,1  1/2 ,–,–,–,–,–,–,–,–,–,–,–,–,–,–,–,–,–,1.75,23.1,66.8,73.8
14th,–,W,W24X55,–,–,–,–,–,–,16.2,23.6,0.395,–,7.01,0.505,–,–,1,55,6.94,54.6,–,–,–,1350,134,114,9.11,–,–,29.1,13.3,8.3,1.34,–,–,–,–,–,–,–,–,–,–,–,–,–,–,–,–,–,–,–,1.18,–,–,–,–,–,–,–,–,–,–,–,–,–,–,–,–,–,–,–,–,–,–,–,–,–,–,–,–,–,3870,–,–,–,–,40.5,–,35.8,–,–,19.3,66.1,–,–,–,–,–,–,–,–,–,–,–,–,–,–,23  5/8 ,7,  3/8 ,  3/16,  1/2 ,1.01,1  7/16,–,–,–,–,–,–,–,–,–,–,–,–,–,–,–,–,–,1.72,23.1,66.6,73.6
14th,–,W,W21X201,–,–,–,–,–,–,59.3,23,0.91,–,12.6,1.63,–,–,1  5/16,201,3.86,20.6,–,–,–,5310,530,461,9.47,–,–,542,133,86.1,3.02,–,–,–,–,–,–,–,–,–,–,–,–,–,–,–,–,–,–,–,40.9,–,–,–,–,–,–,–,–,–,–,–,–,–,–,–,–,–,–,–,–,–,–,–,–,–,–,–,–,–,62000,–,–,–,–,67.3,–,346,–,–,102,264,–,–,–,–,–,–,–,–,–,–,–,–,–,–,23,12  5/8 , 15/16,  1/2 ,1  5/8 ,2.13,2  1/2 ,–,–,–,–,–,–,–,–,–,–,–,–,–,–,–,–,–,3.55,21.4,81.1,93.7
14th,–,W,W21X182,–,–,–,–,–,–,53.6,22.7,0.83,–,12.5,1.48,–,–,1  1/4 ,182,4.22,22.6,–,–,–,4730,476,417,9.4,–,–,483,119,77.2,3,–,–,–,–,–,–,–,–,–,–,–,–,–,–,–,–,–,–,–,30.7,–,–,–,–,–,–,–,–,–,–,–,–,–,–,–,–,–,–,–,–,–,–,–,–,–,–,–,–,–,54400,–,–,–,–,66.3,–,307,–,–,91.6,237,–,–,–,–,–,–,–,–,–,–,–,–,–,–,22  3/4 ,12  1/2 , 13/16,  7/16,1  1/2 ,1.98,2  3/8 ,–,–,–,–,–,–,–,–,–,–,–,–,–,–,–,–,–,3.51,21.2,80.4,92.9
14th,–,W,W21X166,–,–,–,–,–,–,48.8,22.5,0.75,–,12.4,1.36,–,–,1  3/16,166,4.57,25,–,–,–,4280,432,380,9.36,–,–,435,108,70,2.99,–,–,–,–,–,–,–,–,–,–,–,–,–,–,–,–,–,–,–,23.6,–,–,–,–,–,–,–,–,–,–,–,–,–,–,–,–,–,–,–,–,–,–,–,–,–,–,–,–,–,48500,–,–,–,–,65.5,–,276,–,–,83.7,215,–,–,–,–,–,–,–,–,–,–,–,–,–,–,22  1/2 ,12  3/8 ,  3/4 ,  3/8 ,1  3/8 ,1.86,2  1/4 ,–,–,–,–,–,–,–,–,–,–,–,–,–,–,–,–,–,3.48,21.1,79.8,92.2
14th,–,W,W21X147,–,–,–,–,–,–,43.2,22.1,0.72,–,12.5,1.15,–,–,1  3/16,147,5.44,26.1,–,–,–,3630,373,329,9.17,–,–,376,92.6,60.1,2.95,–,–,–,–,–,–,–,–,–,–,–,–,–,–,–,–,–,–,–,15.4,–,–,–,–,–,–,–,–,–,–,–,–,–,–,–,–,–,–,–,–,–,–,–,–,–,–,–,–,–,41100,–,–,–,–,65.5,–,235,–,–,71,186,–,–,–,–,–,–,–,–,–,–,–,–,–,–,22,12  1/2 ,  3/4 ,  3/8 ,1  1/8 ,1.65,2,–,–,–,–,–,–,–,–,–,–,–,–,–,–,–,–,–,3.46,21,79.4,91.9
14th,–,W,W21X132,–,–,–,–,–,–,38.8,21.8,0.65,–,12.4,1.04,–,–,1  1/8 ,132,6.01,28.9,–,–,–,3220,333,295,9.12,–,–,333,82.3,53.5,2.93,–,–,–,–,–,–,–,–,–,–,–,–,–,–,–,–,–,–,–,11.3,–,–,–,–,–,–,–,–,–,–,–,–,–,–,–,–,–,–,–,–,–,–,–,–,–,–,–,–,–,36000,–,–,–,–,64.4,–,206,–,–,62.8,164,–,–,–,–,–,–,–,–,–,–,–,–,–,–,21  7/8 ,12  1/2 ,  5/8 ,  5/16,1  1/16,1.54,1 15/16,–,–,–,–,–,–,–,–,–,–,–,–,–,–,–,–,–,3.43,20.8,78.6,91
14th,–,W,W21X122,–,–,–,–,–,–,35.9,21.7,0.6,–,12.4,0.96,–,–,1  1/8 ,122,6.45,31.3,–,–,–,2960,307,273,9.09,–,–,305,75.6,49.2,2.92,–,–,–,–,–,–,–,–,–,–,–,–,–,–,–,–,–,–,–,8.98,–,–,–,–,–,–,–,–,–,–,–,–,–,–,–,–,–,–,–,–,–,–,–,–,–,–,–,–,–,32700,–,–,–,–,64.3,–,191,–,–,58.7,153,–,–,–,–,–,–,–,–,–,–,–,–,–,–,21  5/8 ,12  3/8 ,  5/8 ,  5/16, 15/16,1.46,1 13/16,–,–,–,–,–,–,–,–,–,–,–,–,–,–,–,–,–,3.4,20.7,78.5,90.9
14th,–,W,W21X111,–,–,–,–,–,–,32.6,21.5,0.55,–,12.3,0.875,–,–,1  1/8 ,111,7.05,34.1,–,–,–,2670,279,249,9.05,–,–,274,68.2,44.5,2.9,–,–,–,–,–,–,–,–,–,–,–,–,–,–,–,–,–,–,–,6.83,–,–,–,–,–,–,–,–,–,–,–,–,–,–,–,–,–,–,–,–,–,–,–,–,–,–,–,–,–,29200,–,–,–,–,63.4,–,171,–,–,53,138,–,–,–,–,–,–,–,–,–,–,–,–,–,–,21  1/2 ,12  3/8 ,  9/16,  5/16,  7/8 ,1.38,1  3/4 ,–,–,–,–,–,–,–,–,–,–,–,–,–,–,–,–,–,3.37,20.6,77.9,90.2
14th,–,W,W21X101,–,–,–,–,–,–,29.8,21.4,0.5,–,12.3,0.8,–,–,1  1/16,101,7.68,37.5,–,–,–,2420,253,227,9.02,–,–,248,61.7,40.3,2.89,–,–,–,–,–,–,–,–,–,–,–,–,–,–,–,–,–,–,–,5.21,–,–,–,–,–,–,–,–,–,–,–,–,–,–,–,–,–,–,–,–,–,–,–,–,–,–,–,–,–,26200,–,–,–,–,63.3,–,156,–,–,48.6,126,–,–,–,–,–,–,–,–,–,–,–,–,–,–,21  3/8 ,12  1/4 ,  1/2 ,  1/4 , 13/16,1.3,1 11/16,–,–,–,–,–,–,–,–,–,–,–,–,–,–,–,–,–,3.35,20.6,77.8,90.1
14th,–,W,W21X93,–,–,–,–,–,–,27.3,21.6,0.58,–,8.42,0.93,–,–, 15/16,93,4.53,32.3,–,–,–,2070,221,192,8.7,–,–,92.9,34.7,22.1,1.84,–,–,–,–,–,–,–,–,–,–,–,–,–,–,–,–,–,–,–,6.03,–,–,–,–,–,–,–,–,–,–,–,–,–,–,–,–,–,–,–,–,–,–,–,–,–,–,–,–,–,9940,–,–,–,–,43.5,–,85.2,–,–,37.7,109,–,–,–,–,–,–,–,–,–,–,–,–,–,–,21  5/8 ,8  3/8 ,  9/16,  5/16, 15/16,1.43,1  5/8 ,–,–,–,–,–,–,–,–,–,–,–,–,–,–,–,–,–,2.24,20.7,66.5,74.9
14th,–,W,W21X83,–,–,–,–,–,–,24.4,21.4,0.515,–,8.36,0.835,–,–,  7/8 ,83,5,36.4,–,–,–,1830,196,171,8.67,–,–,81.4,30.5,19.5,1.83,–,–,–,–,–,–,–,–,–,–,–,–,–,–,–,–,–,–,–,4.34,–,–,–,–,–,–,–,–,–,–,–,–,–,–,–,–,–,–,–,–,–,–,–,–,–,–,–,–,–,8630,–,–,–,–,43,–,75,–,–,33.7,96.8,–,–,–,–,–,–,–,–,–,–,–,–,–,–,21  3/8 ,8  3/8 ,  1/2 ,  1/4 , 13/16,1.34,1  1/2 ,–,–,–,–,–,–,–,–,–,–,–,–,–,–,–,–,–,2.21,20.6,66,74.4
14th,–,W,W21X73,–,–,–,–,–,–,21.5,21.2,0.455,–,8.3,0.74,–,–,  7/8 ,73,5.6,41.2,–,–,–,1600,172,151,8.64,–,–,70.6,26.6,17,1.81,–,–,–,–,–,–,–,–,–,–,–,–,–,–,–,–,–,–,–,3.02,–,–,–,–,–,–,–,–,–,–,–,–,–,–,–,–,–,–,–,–,–,–,–,–,–,–,–,–,–,7410,–,–,–,–,42.5,–,65.2,–,–,29.7,85,–,–,–,–,–,–,–,–,–,–,–,–,–,–,21  1/4 ,8  1/4 ,  7/16,  1/4 ,  3/4 ,1.24,1  7/16,–,–,–,–,–,–,–,–,–,–,–,–,–,–,–,–,–,2.19,20.5,65.5,73.8
14th,–,W,W21X68,–,–,–,–,–,–,20,21.1,0.43,–,8.27,0.685,–,–,  7/8 ,68,6.04,43.6,–,–,–,1480,160,140,8.6,–,–,64.7,24.4,15.7,1.8,–,–,–,–,–,–,–,–,–,–,–,–,–,–,–,–,–,–,–,2.45,–,–,–,–,–,–,–,–,–,–,–,–,–,–,–,–,–,–,–,–,–,–,–,–,–,–,–,–,–,6760,–,–,–,–,42.2,–,59.8,–,–,27.4,78.7,–,–,–,–,–,–,–,–,–,–,–,–,–,–,21  1/8 ,8  1/4 ,  7/16,  1/4 , 11/16,1.19,1  3/8 ,–,–,–,–,–,–,–,–,–,–,–,–,–,–,–,–,–,2.17,20.4,65.3,73.6
14th,–,W,W21X62,–,–,–,–,–,–,18.3,21,0.4,–,8.24,0.615,–,–, 13/16,62,6.7,46.9,–,–,–,1330,144,127,8.54,–,–,57.5,21.7,14,1.77,–,–,–,–,–,–,–,–,–,–,–,–,–,–,–,–,–,–,–,1.83,–,–,–,–,–,–,–,–,–,–,–,–,–,–,–,–,–,–,–,–,–,–,–,–,–,–,–,–,–,5960,–,–,–,–,42,–,53.2,–,–,24.6,71.2,–,–,–,–,–,–,–,–,–,–,–,–,–,–,21,8  1/4 ,  3/8 ,  3/16,  5/8 ,1.12,1  5/16,–,–,–,–,–,–,–,–,–,–,–,–,–,–,–,–,–,2.15,20.4,65.1,73.3
14th,–,W,W21X55,–,–,–,–,–,–,16.2,20.8,0.375,–,8.22,0.522,–,–, 13/16,55,7.87,50,–,–,–,1140,126,110,8.4,–,–,48.4,18.4,11.8,1.73,–,–,–,–,–,–,–,–,–,–,–,–,–,–,–,–,–,–,–,1.24,–,–,–,–,–,–,–,–,–,–,–,–,–,–,–,–,–,–,–,–,–,–,–,–,–,–,–,–,–,4980,–,–,–,–,41.7,–,44.7,–,–,20.8,61.8,–,–,–,–,–,–,–,–,–,–,–,–,–,–,20  3/4 ,8  1/4 ,  3/8 ,  3/16,  1/2 ,1.02,1  3/16,–,–,–,–,–,–,–,–,–,–,–,–,–,–,–,–,–,2.11,20.3,64.7,72.9
14th,–,W,W21X48,–,–,–,–,–,–,14.1,20.6,0.35,–,8.14,0.43,–,–, 13/16,48,9.47,53.6,–,–,–,959,107,93,8.24,–,–,38.7,14.9,9.52,1.66,–,–,–,–,–,–,–,–,–,–,–,–,–,–,–,–,–,–,–,0.803,–,–,–,–,–,–,–,–,–,–,–,–,–,–,–,–,–,–,–,–,–,–,–,–,–,–,–,–,–,3950,–,–,–,–,41,–,35.9,–,–,16.9,52.3,–,–,–,–,–,–,–,–,–,–,–,–,–,–,20  5/8 ,8  1/8 ,  3/8 ,  3/16,  7/16,0.93,1  1/8 ,–,–,–,–,–,–,–,–,–,–,–,–,–,–,–,–,–,2.05,20.2,64.1,72.2
14th,–,W,W21X57,–,–,–,–,–,–,16.7,21.1,0.405,–,6.56,0.65,–,–, 13/16,57,5.04,46.3,–,–,–,1170,129,111,8.36,–,–,30.6,14.8,9.35,1.35,–,–,–,–,–,–,–,–,–,–,–,–,–,–,–,–,–,–,–,1.77,–,–,–,–,–,–,–,–,–,–,–,–,–,–,–,–,–,–,–,–,–,–,–,–,–,–,–,–,–,3190,–,–,–,–,33.5,–,35.8,–,–,20.5,63.4,–,–,–,–,–,–,–,–,–,–,–,–,–,–,21,6  1/2 ,  3/8 ,  3/16,  5/8 ,1.15,1  5/16,–,–,–,–,–,–,–,–,–,–,–,–,–,–,–,–,–,1.68,20.5,60.2,66.8
14th,–,W,W21X50,–,–,–,–,–,–,14.7,20.8,0.38,–,6.53,0.535,–,–, 13/16,50,6.1,49.4,–,–,–,984,110,94.5,8.18,–,–,24.9,12.2,7.64,1.3,–,–,–,–,–,–,–,–,–,–,–,–,–,–,–,–,–,–,–,1.14,–,–,–,–,–,–,–,–,–,–,–,–,–,–,–,–,–,–,–,–,–,–,–,–,–,–,–,–,–,2570,–,–,–,–,33.1,–,28.9,–,–,16.7,53.9,–,–,–,–,–,–,–,–,–,–,–,–,–,–,20  7/8 ,6  1/2 ,  3/8 ,  3/16,  9/16,1.04,1  1/4 ,–,–,–,–,–,–,–,–,–,–,–,–,–,–,–,–,–,1.64,20.3,59.6,66.1
14th,–,W,W21X44,–,–,–,–,–,–,13,20.7,0.35,–,6.5,0.45,–,–, 13/16,44,7.22,53.6,–,–,–,843,95.4,81.6,8.06,–,–,20.7,10.2,6.37,1.26,–,–,–,–,–,–,–,–,–,–,–,–,–,–,–,–,–,–,–,0.77,–,–,–,–,–,–,–,–,–,–,–,–,–,–,–,–,–,–,–,–,–,–,–,–,–,–,–,–,–,2110,–,–,–,–,32.9,–,24.1,–,–,14,46.8,–,–,–,–,–,–,–,–,–,–,–,–,–,–,20  5/8 ,6  1/2 ,  3/8 ,  3/16,  7/16,0.95,1  1/8 ,–,–,–,–,–,–,–,–,–,–,–,–,–,–,–,–,–,1.6,20.3,59.3,65.8
14th,–,W,W18X311,–,–,–,–,–,–,91.6,22.3,1.52,–,12,2.74,–,–,1  3/8 ,311,2.19,10.4,–,–,–,6970,754,624,8.72,–,–,795,207,132,2.95,–,–,–,–,–,–,–,–,–,–,–,–,–,–,–,–,–,–,–,176,–,–,–,–,–,–,–,–,–,–,–,–,–,–,–,–,–,–,–,–,–,–,–,–,–,–,–,–,–,76200,–,–,–,–,58.7,–,482,–,–,140,375,–,–,–,–,–,–,–,–,–,–,–,–,–,–,22  3/8 ,12,1  1/2 ,  3/4 ,2  3/4 ,3.24,3  7/16,–,–,–,–,–,–,–,–,–,–,–,–,–,–,–,–,–,3.53,19.6,76.7,88.7
14th,–,W,W18X283,–,–,–,–,–,–,83.3,21.9,1.4,–,11.9,2.5,–,–,1  5/16,283,2.38,11.3,–,–,–,6170,676,565,8.61,–,–,704,185,118,2.91,–,–,–,–,–,–,–,–,–,–,–,–,–,–,–,–,–,–,–,134,–,–,–,–,–,–,–,–,–,–,–,–,–,–,–,–,–,–,–,–,–,–,–,–,–,–,–,–,–,65900,–,–,–,–,57.7,–,429,–,–,127,339,–,–,–,–,–,–,–,–,–,–,–,–,–,–,21  7/8 ,11  7/8 ,1  3/8 , 11/16,2  1/2 ,3,3  3/16,–,–,–,–,–,–,–,–,–,–,–,–,–,–,–,–,–,3.47,19.4,75.8,87.7
14th,–,W,W18X258,–,–,–,–,–,–,76,21.5,1.28,–,11.8,2.3,–,–,1  1/4 ,258,2.56,12.5,–,–,–,5510,611,514,8.53,–,–,628,166,107,2.88,–,–,–,–,–,–,–,–,–,–,–,–,–,–,–,–,–,–,–,103,–,–,–,–,–,–,–,–,–,–,–,–,–,–,–,–,–,–,–,–,–,–,–,–,–,–,–,–,–,57600,–,–,–,–,56.6,–,384,–,–,116,306,–,–,–,–,–,–,–,–,–,–,–,–,–,–,21  1/2 ,11  3/4 ,1  1/4 ,  5/8 ,2  5/16,2.7,3,–,–,–,–,–,–,–,–,–,–,–,–,–,–,–,–,–,3.42,19.2,75.1,86.9
14th,–,W,W18X234,–,–,–,–,–,–,68.6,21.1,1.16,–,11.7,2.11,–,–,1  3/16,234,2.76,13.8,–,–,–,4900,549,466,8.44,–,–,558,149,95.8,2.85,–,–,–,–,–,–,–,–,–,–,–,–,–,–,–,–,–,–,–,78.7,–,–,–,–,–,–,–,–,–,–,–,–,–,–,–,–,–,–,–,–,–,–,–,–,–,–,–,–,–,50100,–,–,–,–,55.5,–,343,–,–,106,276,–,–,–,–,–,–,–,–,–,–,–,–,–,–,21,11  5/8 ,1  3/16,  5/8 ,2  1/8 ,2.51,2  3/4 ,–,–,–,–,–,–,–,–,–,–,–,–,–,–,–,–,–,3.37,19,74.3,86
14th,–,W,W18X211,–,–,–,–,–,–,62.3,20.7,1.06,–,11.6,1.91,–,–,1  3/16,211,3.02,15.1,–,–,–,4330,490,419,8.35,–,–,493,132,85.3,2.82,–,–,–,–,–,–,–,–,–,–,–,–,–,–,–,–,–,–,–,58.6,–,–,–,–,–,–,–,–,–,–,–,–,–,–,–,–,–,–,–,–,–,–,–,–,–,–,–,–,–,43400,–,–,–,–,54.5,–,302,–,–,94.6,246,–,–,–,–,–,–,–,–,–,–,–,–,–,–,20  5/8 ,11  1/2 ,1  1/16,  9/16,1 15/16,2.31,2  9/16,–,–,–,–,–,–,–,–,–,–,–,–,–,–,–,–,–,3.32,18.8,73.4,85
14th,–,W,W18X192,–,–,–,–,–,–,56.2,20.4,0.96,–,11.5,1.75,–,–,1  1/8 ,192,3.27,16.7,–,–,–,3870,442,380,8.28,–,–,440,119,76.8,2.79,–,–,–,–,–,–,–,–,–,–,–,–,–,–,–,–,–,–,–,44.7,–,–,–,–,–,–,–,–,–,–,–,–,–,–,–,–,–,–,–,–,–,–,–,–,–,–,–,–,–,38000,–,–,–,–,53.6,–,270,–,–,86,222,–,–,–,–,–,–,–,–,–,–,–,–,–,–,20  3/8 ,11  1/2 , 15/16,  1/2 ,1  3/4 ,2.15,2  7/16,–,–,–,–,–,–,–,–,–,–,–,–,–,–,–,–,–,3.28,18.7,72.7,84.2
14th,–,W,W18X175,–,–,–,–,–,–,51.4,20,0.89,–,11.4,1.59,–,–,1  1/4 ,175,3.58,18,–,–,–,3450,398,344,8.2,–,–,391,106,68.8,2.76,–,–,–,–,–,–,–,–,–,–,–,–,–,–,–,–,–,–,–,33.8,–,–,–,–,–,–,–,–,–,–,–,–,–,–,–,–,–,–,–,–,–,–,–,–,–,–,–,–,–,33300,–,–,–,–,52.5,–,238,–,–,76.9,198,–,–,–,–,–,–,–,–,–,–,–,–,–,–,20,11  3/8 ,  7/8 ,  7/16,1  9/16,1.99,2  7/16,–,–,–,–,–,–,–,–,–,–,–,–,–,–,–,–,–,3.24,18.4,71.7,83.1
14th,–,W,W18X158,–,–,–,–,–,–,46.3,19.7,0.81,–,11.3,1.44,–,–,1  1/4 ,158,3.92,19.8,–,–,–,3060,356,310,8.12,–,–,347,94.8,61.4,2.74,–,–,–,–,–,–,–,–,–,–,–,–,–,–,–,–,–,–,–,25.2,–,–,–,–,–,–,–,–,–,–,–,–,–,–,–,–,–,–,–,–,–,–,–,–,–,–,–,–,–,29000,–,–,–,–,51.6,–,210,–,–,69,177,–,–,–,–,–,–,–,–,–,–,–,–,–,–,19  3/4 ,11  1/4 , 13/16,  7/16,1  7/16,1.84,2  3/8 ,–,–,–,–,–,–,–,–,–,–,–,–,–,–,–,–,–,3.2,18.3,71,82.3
14th,–,W,W18X143,–,–,–,–,–,–,42,19.5,0.73,–,11.2,1.32,–,–,1  3/16,143,4.25,22,–,–,–,2750,322,282,8.09,–,–,311,85.4,55.5,2.72,–,–,–,–,–,–,–,–,–,–,–,–,–,–,–,–,–,–,–,19.2,–,–,–,–,–,–,–,–,–,–,–,–,–,–,–,–,–,–,–,–,–,–,–,–,–,–,–,–,–,25700,–,–,–,–,50.9,–,188,–,–,62.8,160,–,–,–,–,–,–,–,–,–,–,–,–,–,–,19  1/2 ,11  1/4 ,  3/4 ,  3/8 ,1  5/16,1.72,2  3/16,–,–,–,–,–,–,–,–,–,–,–,–,–,–,–,–,–,3.17,18.2,70.4,81.6
14th,–,W,W18X130,–,–,–,–,–,–,38.3,19.3,0.67,–,11.2,1.2,–,–,1  3/16,130,4.65,23.9,–,–,–,2460,290,256,8.03,–,–,278,76.7,49.9,2.7,–,–,–,–,–,–,–,–,–,–,–,–,–,–,–,–,–,–,–,14.5,–,–,–,–,–,–,–,–,–,–,–,–,–,–,–,–,–,–,–,–,–,–,–,–,–,–,–,–,–,22700,–,–,–,–,50.7,–,170,–,–,57.2,146,–,–,–,–,–,–,–,–,–,–,–,–,–,–,19  1/4 ,11  1/8 , 11/16,  3/8 ,1  3/16,1.6,2  1/16,–,–,–,–,–,–,–,–,–,–,–,–,–,–,–,–,–,3.13,18.1,70.2,81.4
14th,–,W,W18X119,–,–,–,–,–,–,35.1,19,0.655,–,11.3,1.06,–,–,1  3/16,119,5.31,24.5,–,–,–,2190,262,231,7.9,–,–,253,69.1,44.9,2.69,–,–,–,–,–,–,–,–,–,–,–,–,–,–,–,–,–,–,–,10.6,–,–,–,–,–,–,–,–,–,–,–,–,–,–,–,–,–,–,–,–,–,–,–,–,–,–,–,–,–,20300,–,–,–,–,50.7,–,152,–,–,50.6,131,–,–,–,–,–,–,–,–,–,–,–,–,–,–,19,11  1/4 ,  5/8 ,  5/16,1  1/16,1.46,1 15/16,–,–,–,–,–,–,–,–,–,–,–,–,–,–,–,–,–,3.13,17.9,69.9,81.2
14th,–,W,W18X106,–,–,–,–,–,–,31.1,18.7,0.59,–,11.2,0.94,–,–,1  1/8 ,106,5.96,27.2,–,–,–,1910,230,204,7.84,–,–,220,60.5,39.4,2.66,–,–,–,–,–,–,–,–,–,–,–,–,–,–,–,–,–,–,–,7.48,–,–,–,–,–,–,–,–,–,–,–,–,–,–,–,–,–,–,–,–,–,–,–,–,–,–,–,–,–,17400,–,–,–,–,49.7,–,131,–,–,44.3,114,–,–,–,–,–,–,–,–,–,–,–,–,–,–,18  3/4 ,11  1/4 ,  9/16,  5/16, 15/16,1.34,1 13/16,–,–,–,–,–,–,–,–,–,–,–,–,–,–,–,–,–,3.1,17.8,69.1,80.3
14th,–,W,W18X97,–,–,–,–,–,–,28.5,18.6,0.535,–,11.1,0.87,–,–,1  1/8 ,97,6.41,30,–,–,–,1750,211,188,7.82,–,–,201,55.3,36.1,2.65,–,–,–,–,–,–,–,–,–,–,–,–,–,–,–,–,–,–,–,5.86,–,–,–,–,–,–,–,–,–,–,–,–,–,–,–,–,–,–,–,–,–,–,–,–,–,–,–,–,–,15800,–,–,–,–,49.2,–,119,–,–,40.7,105,–,–,–,–,–,–,–,–,–,–,–,–,–,–,18  5/8 ,11  1/8 ,  9/16,  5/16,  7/8 ,1.27,1  3/4 ,–,–,–,–,–,–,–,–,–,–,–,–,–,–,–,–,–,3.08,17.7,68.7,79.8
14th,–,W,W18X86,–,–,–,–,–,–,25.3,18.4,0.48,–,11.1,0.77,–,–,1  1/16,86,7.2,33.4,–,–,–,1530,186,166,7.77,–,–,175,48.4,31.6,2.63,–,–,–,–,–,–,–,–,–,–,–,–,–,–,–,–,–,–,–,4.1,–,–,–,–,–,–,–,–,–,–,–,–,–,–,–,–,–,–,–,–,–,–,–,–,–,–,–,–,–,13600,–,–,–,–,48.9,–,105,–,–,36,92.4,–,–,–,–,–,–,–,–,–,–,–,–,–,–,18  3/8 ,11  1/8 ,  1/2 ,  1/4 ,  3/4 ,1.17,1  5/8 ,–,–,–,–,–,–,–,–,–,–,–,–,–,–,–,–,–,3.05,17.6,68.4,79.5
14th,–,W,W18X76,–,–,–,–,–,–,22.3,18.2,0.425,–,11,0.68,–,–,1  1/16,76,8.11,37.8,–,–,–,1330,163,146,7.73,–,–,152,42.2,27.6,2.61,–,–,–,–,–,–,–,–,–,–,–,–,–,–,–,–,–,–,–,2.83,–,–,–,–,–,–,–,–,–,–,–,–,–,–,–,–,–,–,–,–,–,–,–,–,–,–,–,–,–,11700,–,–,–,–,48.2,–,90.1,–,–,31.5,80.6,–,–,–,–,–,–,–,–,–,–,–,–,–,–,18  1/4 ,11,  7/16,  1/4 , 11/16,1.08,1  9/16,–,–,–,–,–,–,–,–,–,–,–,–,–,–,–,–,–,3.02,17.5,67.9,78.9
14th,–,W,W18X71,–,–,–,–,–,–,20.9,18.5,0.495,–,7.64,0.81,–,–,  7/8 ,71,4.71,32.4,–,–,–,1170,146,127,7.5,–,–,60.3,24.7,15.8,1.7,–,–,–,–,–,–,–,–,–,–,–,–,–,–,–,–,–,–,–,3.49,–,–,–,–,–,–,–,–,–,–,–,–,–,–,–,–,–,–,–,–,–,–,–,–,–,–,–,–,–,4700,–,–,–,–,33.8,–,52.3,–,–,25.6,72.4,–,–,–,–,–,–,–,–,–,–,–,–,–,–,18  1/2 ,7  5/8 ,  1/2 ,  1/4 , 13/16,1.21,1  1/2 ,–,–,–,–,–,–,–,–,–,–,–,–,–,–,–,–,–,2.05,17.7,58.3,65.9
14th,–,W,W18X65,–,–,–,–,–,–,19.1,18.4,0.45,–,7.59,0.75,–,–,  7/8 ,65,5.06,35.7,–,–,–,1070,133,117,7.49,–,–,54.8,22.5,14.4,1.69,–,–,–,–,–,–,–,–,–,–,–,–,–,–,–,–,–,–,–,2.73,–,–,–,–,–,–,–,–,–,–,–,–,–,–,–,–,–,–,–,–,–,–,–,–,–,–,–,–,–,4240,–,–,–,–,33.5,–,47.7,–,–,23.6,66.3,–,–,–,–,–,–,–,–,–,–,–,–,–,–,18  3/8 ,7  5/8 ,  7/16,  1/4 ,  3/4 ,1.15,1  7/16,–,–,–,–,–,–,–,–,–,–,–,–,–,–,–,–,–,2.03,17.7,58,65.6
14th,–,W,W18X60,–,–,–,–,–,–,17.6,18.2,0.415,–,7.56,0.695,–,–, 13/16,60,5.44,38.7,–,–,–,984,123,108,7.47,–,–,50.1,20.6,13.3,1.68,–,–,–,–,–,–,–,–,–,–,–,–,–,–,–,–,–,–,–,2.17,–,–,–,–,–,–,–,–,–,–,–,–,–,–,–,–,–,–,–,–,–,–,–,–,–,–,–,–,–,3850,–,–,–,–,33.1,–,43.5,–,–,21.7,60.6,–,–,–,–,–,–,–,–,–,–,–,–,–,–,18  1/4 ,7  1/2 ,  7/16,  1/4 , 11/16,1.1,1  3/8 ,–,–,–,–,–,–,–,–,–,–,–,–,–,–,–,–,–,2.02,17.5,57.5,65.1
14th,–,W,W18X55,–,–,–,–,–,–,16.2,18.1,0.39,–,7.53,0.63,–,–, 13/16,55,5.98,41.1,–,–,–,890,112,98.3,7.41,–,–,44.9,18.5,11.9,1.67,–,–,–,–,–,–,–,–,–,–,–,–,–,–,–,–,–,–,–,1.66,–,–,–,–,–,–,–,–,–,–,–,–,–,–,–,–,–,–,–,–,–,–,–,–,–,–,–,–,–,3430,–,–,–,–,32.9,–,39,–,–,19.6,55.3,–,–,–,–,–,–,–,–,–,–,–,–,–,–,18  1/8 ,7  1/2 ,  3/8 ,  3/16,  5/8 ,1.03,1  5/16,–,–,–,–,–,–,–,–,–,–,–,–,–,–,–,–,–,2,17.5,57.3,64.8
14th,–,W,W18X50,–,–,–,–,–,–,14.7,18,0.355,–,7.5,0.57,–,–, 13/16,50,6.57,45.2,–,–,–,800,101,88.9,7.38,–,–,40.1,16.6,10.7,1.65,–,–,–,–,–,–,–,–,–,–,–,–,–,–,–,–,–,–,–,1.24,–,–,–,–,–,–,–,–,–,–,–,–,–,–,–,–,–,–,–,–,–,–,–,–,–,–,–,–,–,3040,–,–,–,–,32.7,–,34.9,–,–,17.7,49.9,–,–,–,–,–,–,–,–,–,–,–,–,–,–,18,7  1/2 ,  3/8 ,  3/16,  9/16,0.972,1  1/4 ,–,–,–,–,–,–,–,–,–,–,–,–,–,–,–,–,–,1.98,17.4,57.1,64.6
14th,–,W,W18X46,–,–,–,–,–,–,13.5,18.1,0.36,–,6.06,0.605,–,–, 13/16,46,5.01,44.6,–,–,–,712,90.7,78.8,7.25,–,–,22.5,11.7,7.43,1.29,–,–,–,–,–,–,–,–,–,–,–,–,–,–,–,–,–,–,–,1.22,–,–,–,–,–,–,–,–,–,–,–,–,–,–,–,–,–,–,–,–,–,–,–,–,–,–,–,–,–,1720,–,–,–,–,26.5,–,24.3,–,–,15.1,44.9,–,–,–,–,–,–,–,–,–,–,–,–,–,–,18,6,  3/8 ,  3/16,  5/8 ,1.01,1  1/4 ,–,–,–,–,–,–,–,–,–,–,–,–,–,–,–,–,–,1.58,17.5,52.9,59
14th,–,W,W18X40,–,–,–,–,–,–,11.8,17.9,0.315,–,6.02,0.525,–,–, 13/16,40,5.73,50.9,–,–,–,612,78.4,68.4,7.21,–,–,19.1,10,6.35,1.27,–,–,–,–,–,–,–,–,–,–,–,–,–,–,–,–,–,–,–,0.81,–,–,–,–,–,–,–,–,–,–,–,–,–,–,–,–,–,–,–,–,–,–,–,–,–,–,–,–,–,1440,–,–,–,–,26.1,–,20.7,–,–,13,38.6,–,–,–,–,–,–,–,–,–,–,–,–,–,–,17  7/8 ,6,  5/16,  3/16,  1/2 ,0.927,1  3/16,–,–,–,–,–,–,–,–,–,–,–,–,–,–,–,–,–,1.56,17.4,52.6,58.6
14th,–,W,W18X35,–,–,–,–,–,–,10.3,17.7,0.3,–,6,0.425,–,–,  3/4 ,35,7.06,53.5,–,–,–,510,66.5,57.6,7.04,–,–,15.3,8.06,5.12,1.22,–,–,–,–,–,–,–,–,–,–,–,–,–,–,–,–,–,–,–,0.506,–,–,–,–,–,–,–,–,–,–,–,–,–,–,–,–,–,–,–,–,–,–,–,–,–,–,–,–,–,1140,–,–,–,–,25.9,–,16.5,–,–,10.5,32.7,–,–,–,–,–,–,–,–,–,–,–,–,–,–,17  3/4 ,6,  5/16,  3/16,  7/16,0.827,1  1/8 ,–,–,–,–,–,–,–,–,–,–,–,–,–,–,–,–,–,1.51,17.3,52.1,58.1
14th,–,W,W16X100,–,–,–,–,–,–,29.4,17,0.585,–,10.4,0.985,–,–,1  1/8 ,100,5.29,24.3,–,–,–,1490,198,175,7.1,–,–,186,54.9,35.7,2.51,–,–,–,–,–,–,–,–,–,–,–,–,–,–,–,–,–,–,–,7.73,–,–,–,–,–,–,–,–,–,–,–,–,–,–,–,–,–,–,–,–,–,–,–,–,–,–,–,–,–,11900,–,–,–,–,41.6,–,107,–,–,38.7,98.5,–,–,–,–,–,–,–,–,–,–,–,–,–,–,17,10  3/8 ,  9/16,  5/16,1,1.39,1  7/8 ,–,–,–,–,–,–,–,–,–,–,–,–,–,–,–,–,–,2.92,16,63.3,73.7
14th,–,W,W16X89,–,–,–,–,–,–,26.2,16.8,0.525,–,10.4,0.875,–,–,1  1/16,89,5.92,27,–,–,–,1300,175,155,7.05,–,–,163,48.1,31.4,2.49,–,–,–,–,–,–,–,–,–,–,–,–,–,–,–,–,–,–,–,5.45,–,–,–,–,–,–,–,–,–,–,–,–,–,–,–,–,–,–,–,–,–,–,–,–,–,–,–,–,–,10200,–,–,–,–,41.4,–,94.2,–,–,34.4,87.3,–,–,–,–,–,–,–,–,–,–,–,–,–,–,16  3/4 ,10  3/8 ,  1/2 ,  1/4 ,  7/8 ,1.28,1  3/4 ,–,–,–,–,–,–,–,–,–,–,–,–,–,–,–,–,–,2.88,15.9,63.1,73.5
14th,–,W,W16X77,–,–,–,–,–,–,22.6,16.5,0.455,–,10.3,0.76,–,–,1  1/16,77,6.77,31.2,–,–,–,1110,150,134,7,–,–,138,41.1,26.9,2.47,–,–,–,–,–,–,–,–,–,–,–,–,–,–,–,–,–,–,–,3.57,–,–,–,–,–,–,–,–,–,–,–,–,–,–,–,–,–,–,–,–,–,–,–,–,–,–,–,–,–,8590,–,–,–,–,40.5,–,79.3,–,–,29.4,74.4,–,–,–,–,–,–,–,–,–,–,–,–,–,–,16  1/2 ,10  1/4 ,  7/16,  1/4 ,  3/4 ,1.16,1  5/8 ,–,–,–,–,–,–,–,–,–,–,–,–,–,–,–,–,–,2.85,15.7,62.3,72.6
14th,–,W,W16X67,–,–,–,–,–,–,19.6,16.3,0.395,–,10.2,0.665,–,–,1,67,7.7,35.9,–,–,–,954,130,117,6.96,–,–,119,35.5,23.2,2.46,–,–,–,–,–,–,–,–,–,–,–,–,–,–,–,–,–,–,–,2.39,–,–,–,–,–,–,–,–,–,–,–,–,–,–,–,–,–,–,–,–,–,–,–,–,–,–,–,–,–,7300,–,–,–,–,39.9,–,67.6,–,–,25.5,64.1,–,–,–,–,–,–,–,–,–,–,–,–,–,–,16  3/8 ,10  1/4 ,  3/8 ,  3/16, 11/16,1.07,1  9/16,–,–,–,–,–,–,–,–,–,–,–,–,–,–,–,–,–,2.82,15.6,61.7,71.9
14th,–,W,W16X57,–,–,–,–,–,–,16.8,16.4,0.43,–,7.12,0.715,–,–,  7/8 ,57,4.98,33,–,–,–,758,105,92.2,6.72,–,–,43.1,18.9,12.1,1.6,–,–,–,–,–,–,–,–,–,–,–,–,–,–,–,–,–,–,–,2.22,–,–,–,–,–,–,–,–,–,–,–,–,–,–,–,–,–,–,–,–,–,–,–,–,–,–,–,–,–,2660,–,–,–,–,27.9,–,35.5,–,–,18.8,52,–,–,–,–,–,–,–,–,–,–,–,–,–,–,16  3/8 ,7  1/8 ,  7/16,  1/4 , 11/16,1.12,1  3/8 ,–,–,–,–,–,–,–,–,–,–,–,–,–,–,–,–,–,1.92,15.7,52.6,59.7
14th,–,W,W16X50,–,–,–,–,–,–,14.7,16.3,0.38,–,7.07,0.63,–,–, 13/16,50,5.61,37.4,–,–,–,659,92,81,6.68,–,–,37.2,16.3,10.5,1.59,–,–,–,–,–,–,–,–,–,–,–,–,–,–,–,–,–,–,–,1.52,–,–,–,–,–,–,–,–,–,–,–,–,–,–,–,–,–,–,–,–,–,–,–,–,–,–,–,–,–,2270,–,–,–,–,27.7,–,30.8,–,–,16.5,45.6,–,–,–,–,–,–,–,–,–,–,–,–,–,–,16  1/4 ,7  1/8 ,  3/8 ,  3/16,  5/8 ,1.03,1  5/16,–,–,–,–,–,–,–,–,–,–,–,–,–,–,–,–,–,1.89,15.7,52.3,59.4
14th,–,W,W16X45,–,–,–,–,–,–,13.3,16.1,0.345,–,7.04,0.565,–,–, 13/16,45,6.23,41.1,–,–,–,586,82.3,72.7,6.65,–,–,32.8,14.5,9.34,1.57,–,–,–,–,–,–,–,–,–,–,–,–,–,–,–,–,–,–,–,1.11,–,–,–,–,–,–,–,–,–,–,–,–,–,–,–,–,–,–,–,–,–,–,–,–,–,–,–,–,–,1990,–,–,–,–,27.3,–,27.2,–,–,14.7,40.6,–,–,–,–,–,–,–,–,–,–,–,–,–,–,16  1/8 ,7,  3/8 ,  3/16,  9/16,0.967,1  1/4 ,–,–,–,–,–,–,–,–,–,–,–,–,–,–,–,–,–,1.87,15.5,52,59
14th,–,W,W16X40,–,–,–,–,–,–,11.8,16,0.305,–,7,0.505,–,–, 13/16,40,6.93,46.5,–,–,–,518,73,64.7,6.63,–,–,28.9,12.7,8.25,1.57,–,–,–,–,–,–,–,–,–,–,–,–,–,–,–,–,–,–,–,0.794,–,–,–,–,–,–,–,–,–,–,–,–,–,–,–,–,–,–,–,–,–,–,–,–,–,–,–,–,–,1730,–,–,–,–,27.1,–,24,–,–,13.1,36,–,–,–,–,–,–,–,–,–,–,–,–,–,–,16,7,  5/16,  3/16,  1/2 ,0.907,1  3/16,–,–,–,–,–,–,–,–,–,–,–,–,–,–,–,–,–,1.86,15.5,51.7,58.7
14th,–,W,W16X36,–,–,–,–,–,–,10.6,15.9,0.295,–,6.99,0.43,–,–,  3/4 ,36,8.12,48.1,–,–,–,448,64,56.5,6.51,–,–,24.5,10.8,7,1.52,–,–,–,–,–,–,–,–,–,–,–,–,–,–,–,–,–,–,–,0.545,–,–,–,–,–,–,–,–,–,–,–,–,–,–,–,–,–,–,–,–,–,–,–,–,–,–,–,–,–,1460,–,–,–,–,27,–,20.3,–,–,11.1,31.6,–,–,–,–,–,–,–,–,–,–,–,–,–,–,15  7/8 ,7,  5/16,  3/16,  7/16,0.832,1  1/8 ,–,–,–,–,–,–,–,–,–,–,–,–,–,–,–,–,–,1.83,15.5,51.5,58.5
14th,–,W,W16X31,–,–,–,–,–,–,9.13,15.9,0.275,–,5.53,0.44,–,–,  3/4 ,31,6.28,51.6,–,–,–,375,54,47.2,6.41,–,–,12.4,7.03,4.49,1.17,–,–,–,–,–,–,–,–,–,–,–,–,–,–,–,–,–,–,–,0.461,–,–,–,–,–,–,–,–,–,–,–,–,–,–,–,–,–,–,–,–,–,–,–,–,–,–,–,–,–,739,–,–,–,–,21.4,–,13,–,–,8.94,26.6,–,–,–,–,–,–,–,–,–,–,–,–,–,–,15  7/8 ,5  1/2 ,  1/4 ,  1/8 ,  7/16,0.842,1  1/8 ,–,–,–,–,–,–,–,–,–,–,–,–,–,–,–,–,–,1.42,15.5,47.2,52.7
14th,–,W,W16X26,–,–,–,–,–,–,7.68,15.7,0.25,–,5.5,0.345,–,–,  3/4 ,26,7.97,56.8,–,–,–,301,44.2,38.4,6.26,–,–,9.59,5.48,3.49,1.12,–,–,–,–,–,–,–,–,–,–,–,–,–,–,–,–,–,–,–,0.262,–,–,–,–,–,–,–,–,–,–,–,–,–,–,–,–,–,–,–,–,–,–,–,–,–,–,–,–,–,565,–,–,–,–,21.1,–,10,–,–,6.95,21.6,–,–,–,–,–,–,–,–,–,–,–,–,–,–,15  3/4 ,5  1/2 ,  1/4 ,  1/8 ,  3/8 ,0.747,1  1/16,–,–,–,–,–,–,–,–,–,–,–,–,–,–,–,–,–,1.38,15.4,46.7,52.2
14th,–,W,W14X730,–,–,–,–,–,–,215,22.4,3.07,–,17.9,4.91,–,–,2  3/4 ,730,1.82,3.71,–,–,–,14300,1660,1280,8.17,–,–,4720,816,527,4.69,–,–,–,–,–,–,–,–,–,–,–,–,–,–,–,–,–,–,–,1450,–,–,–,–,–,–,–,–,–,–,–,–,–,–,–,–,–,–,–,–,–,–,–,–,–,–,–,–,–,362000,–,–,–,–,78.3,–,1720,–,–,318,829,–,–,–,–,–,–,–,–,–,–,–,–,–,–,22  3/8 ,17  7/8 ,3  1/16,1  9/16,4 15/16,5.51,6  3/16,–,–,–,–,–,–,–,–,–,–,–,–,–,–,–,–,–,5.68,17.5,91.1,109
14th,–,W,W14X665,–,–,–,–,–,–,196,21.6,2.83,–,17.7,4.52,–,–,2  5/8 ,665,1.95,4.03,–,–,–,12400,1480,1150,7.98,–,–,4170,730,472,4.62,–,–,–,–,–,–,–,–,–,–,–,–,–,–,–,–,–,–,–,1120,–,–,–,–,–,–,–,–,–,–,–,–,–,–,–,–,–,–,–,–,–,–,–,–,–,–,–,–,–,305000,–,–,–,–,75.6,–,1510,–,–,287,739,–,–,–,–,–,–,–,–,–,–,–,–,–,–,21  5/8 ,17  5/8 ,2 13/16,1  7/16,4  1/2 ,5.12,5 13/16,–,–,–,–,–,–,–,–,–,–,–,–,–,–,–,–,–,5.57,17.1,89.3,107
14th,–,W,W14X605,–,–,–,–,–,–,178,20.9,2.6,–,17.4,4.16,–,–,2  1/2 ,605,2.09,4.39,–,–,–,10800,1320,1040,7.8,–,–,3680,652,423,4.55,–,–,–,–,–,–,–,–,–,–,–,–,–,–,–,–,–,–,–,869,–,–,–,–,–,–,–,–,–,–,–,–,–,–,–,–,–,–,–,–,–,–,–,–,–,–,–,–,–,258000,–,–,–,–,72.8,–,1320,–,–,258,657,–,–,–,–,–,–,–,–,–,–,–,–,–,–,20  7/8 ,17  3/8 ,2  5/8 ,1  5/16,4  3/16,4.76,5  7/16,–,–,–,–,–,–,–,–,–,–,–,–,–,–,–,–,–,5.44,16.7,87.6,105
14th,–,W,W14X550,–,–,–,–,–,–,162,20.2,2.38,–,17.2,3.82,–,–,2  3/8 ,550,2.25,4.79,–,–,–,9430,1180,931,7.63,–,–,3250,583,378,4.49,–,–,–,–,–,–,–,–,–,–,–,–,–,–,–,–,–,–,–,669,–,–,–,–,–,–,–,–,–,–,–,–,–,–,–,–,–,–,–,–,–,–,–,–,–,–,–,–,–,219000,–,–,–,–,70.4,–,1160,–,–,232,585,–,–,–,–,–,–,–,–,–,–,–,–,–,–,20  1/4 ,17  1/4 ,2  3/8 ,1  3/16,3 13/16,4.42,5  1/8 ,–,–,–,–,–,–,–,–,–,–,–,–,–,–,–,–,–,5.35,16.4,85.8,103
14th,–,W,W14X500,–,–,–,–,–,–,147,19.6,2.19,–,17,3.5,–,–,2  5/16,500,2.43,5.21,–,–,–,8210,1050,838,7.48,–,–,2880,522,339,4.43,–,–,–,–,–,–,–,–,–,–,–,–,–,–,–,–,–,–,–,514,–,–,–,–,–,–,–,–,–,–,–,–,–,–,–,–,–,–,–,–,–,–,–,–,–,–,–,–,–,187000,–,–,–,–,68.4,–,1020,–,–,209,522,–,–,–,–,–,–,–,–,–,–,–,–,–,–,19  5/8 ,17,2  3/16,1  1/8 ,3  1/2 ,4.1,4 13/16,–,–,–,–,–,–,–,–,–,–,–,–,–,–,–,–,–,5.26,16.1,85,102
14th,–,W,W14X455,–,–,–,–,–,–,134,19,2.02,–,16.8,3.21,–,–,2  1/4 ,455,2.62,5.66,–,–,–,7190,936,756,7.33,–,–,2560,468,304,4.38,–,–,–,–,–,–,–,–,–,–,–,–,–,–,–,–,–,–,–,395,–,–,–,–,–,–,–,–,–,–,–,–,–,–,–,–,–,–,–,–,–,–,–,–,–,–,–,–,–,160000,–,–,–,–,66.3,–,894,–,–,187,466,–,–,–,–,–,–,–,–,–,–,–,–,–,–,19,16  7/8 ,2,1,3  3/16,3.81,4  1/2 ,–,–,–,–,–,–,–,–,–,–,–,–,–,–,–,–,–,5.17,15.8,83.2,100
14th,–,W,W14X426,–,–,–,–,–,–,125,18.7,1.88,–,16.7,3.04,–,–,2  1/8 ,426,2.75,6.08,–,–,–,6600,869,706,7.26,–,–,2360,434,283,4.34,–,–,–,–,–,–,–,–,–,–,–,–,–,–,–,–,–,–,–,331,–,–,–,–,–,–,–,–,–,–,–,–,–,–,–,–,–,–,–,–,–,–,–,–,–,–,–,–,–,144000,–,–,–,–,65.4,–,830,–,–,176,435,–,–,–,–,–,–,–,–,–,–,–,–,–,–,18  5/8 ,16  3/4 ,1  7/8 , 15/16,3  1/16,3.63,4  5/16,–,–,–,–,–,–,–,–,–,–,–,–,–,–,–,–,–,5.11,15.7,82.7,99.4
14th,–,W,W14X398,–,–,–,–,–,–,117,18.3,1.77,–,16.6,2.85,–,–,2  1/8 ,398,2.92,6.44,–,–,–,6000,801,656,7.16,–,–,2170,402,262,4.31,–,–,–,–,–,–,–,–,–,–,–,–,–,–,–,–,–,–,–,273,–,–,–,–,–,–,–,–,–,–,–,–,–,–,–,–,–,–,–,–,–,–,–,–,–,–,–,–,–,129000,–,–,–,–,64.1,–,758,–,–,163,401,–,–,–,–,–,–,–,–,–,–,–,–,–,–,18  1/4 ,16  5/8 ,1  3/4 ,  7/8 ,2  7/8 ,3.44,4  1/8 ,–,–,–,–,–,–,–,–,–,–,–,–,–,–,–,–,–,5.05,15.5,81.8,98.4
14th,–,W,W14X370,–,–,–,–,–,–,109,17.9,1.66,–,16.5,2.66,–,–,2  1/16,370,3.1,6.89,–,–,–,5440,736,607,7.07,–,–,1990,370,241,4.27,–,–,–,–,–,–,–,–,–,–,–,–,–,–,–,–,–,–,–,222,–,–,–,–,–,–,–,–,–,–,–,–,–,–,–,–,–,–,–,–,–,–,–,–,–,–,–,–,–,116000,–,–,–,–,62.9,–,690,–,–,150,367,–,–,–,–,–,–,–,–,–,–,–,–,–,–,17  7/8 ,16  1/2 ,1 11/16, 13/16,2 11/16,3.26,3 15/16,–,–,–,–,–,–,–,–,–,–,–,–,–,–,–,–,–,5,15.2,81,97.5
14th,–,W,W14X342,–,–,–,–,–,–,101,17.5,1.54,–,16.4,2.47,–,–,2,342,3.31,7.41,–,–,–,4900,672,558,6.98,–,–,1810,338,221,4.24,–,–,–,–,–,–,–,–,–,–,–,–,–,–,–,–,–,–,–,178,–,–,–,–,–,–,–,–,–,–,–,–,–,–,–,–,–,–,–,–,–,–,–,–,–,–,–,–,–,103000,–,–,–,–,61.6,–,624,–,–,138,335,–,–,–,–,–,–,–,–,–,–,–,–,–,–,17  1/2 ,16  3/8 ,1  9/16, 13/16,2  1/2 ,3.07,3  3/4 ,–,–,–,–,–,–,–,–,–,–,–,–,–,–,–,–,–,4.95,15,80.1,96.5
14th,–,W,W14X311,–,–,–,–,–,–,91.4,17.1,1.41,–,16.2,2.26,–,–,1 15/16,311,3.59,8.09,–,–,–,4330,603,506,6.88,–,–,1610,304,199,4.2,–,–,–,–,–,–,–,–,–,–,–,–,–,–,–,–,–,–,–,136,–,–,–,–,–,–,–,–,–,–,–,–,–,–,–,–,–,–,–,–,–,–,–,–,–,–,–,–,–,89100,–,–,–,–,60.1,–,550,–,–,124,300,–,–,–,–,–,–,–,–,–,–,–,–,–,–,17  1/8 ,16  1/4 ,1  7/16,  3/4 ,2  1/4 ,2.86,3  9/16,–,–,–,–,–,–,–,–,–,–,–,–,–,–,–,–,–,4.87,14.8,79,95.2
14th,–,W,W14X283,–,–,–,–,–,–,83.3,16.7,1.29,–,16.1,2.07,–,–,1  7/8 ,283,3.89,8.84,–,–,–,3840,542,459,6.79,–,–,1440,274,179,4.17,–,–,–,–,–,–,–,–,–,–,–,–,–,–,–,–,–,–,–,104,–,–,–,–,–,–,–,–,–,–,–,–,–,–,–,–,–,–,–,–,–,–,–,–,–,–,–,–,–,77700,–,–,–,–,58.9,–,491,–,–,112,269,–,–,–,–,–,–,–,–,–,–,–,–,–,–,16  3/4 ,16  1/8 ,1  5/16, 11/16,2  1/16,2.67,3  3/8 ,–,–,–,–,–,–,–,–,–,–,–,–,–,–,–,–,–,4.8,14.6,78.1,94.2
14th,–,W,W14X257,–,–,–,–,–,–,75.6,16.4,1.18,–,16,1.89,–,–,1 13/16,257,4.23,9.71,–,–,–,3400,487,415,6.71,–,–,1290,246,161,4.13,–,–,–,–,–,–,–,–,–,–,–,–,–,–,–,–,–,–,–,79.1,–,–,–,–,–,–,–,–,–,–,–,–,–,–,–,–,–,–,–,–,–,–,–,–,–,–,–,–,–,67800,–,–,–,–,58,–,439,–,–,102,243,–,–,–,–,–,–,–,–,–,–,–,–,–,–,16  3/8 ,16,1  3/16,  5/8 ,1  7/8 ,2.49,3  3/16,–,–,–,–,–,–,–,–,–,–,–,–,–,–,–,–,–,4.75,14.5,77.4,93.4
14th,–,W,W14X233,–,–,–,–,–,–,68.5,16,1.07,–,15.9,1.72,–,–,1  3/4 ,233,4.62,10.7,–,–,–,3010,436,375,6.63,–,–,1150,221,145,4.1,–,–,–,–,–,–,–,–,–,–,–,–,–,–,–,–,–,–,–,59.5,–,–,–,–,–,–,–,–,–,–,–,–,–,–,–,–,–,–,–,–,–,–,–,–,–,–,–,–,–,59000,–,–,–,–,56.8,–,388,–,–,91.1,216,–,–,–,–,–,–,–,–,–,–,–,–,–,–,16,15  7/8 ,1  1/16,  9/16,1  3/4 ,2.32,3,–,–,–,–,–,–,–,–,–,–,–,–,–,–,–,–,–,4.69,14.3,76.5,92.4
14th,–,W,W14X211,–,–,–,–,–,–,62,15.7,0.98,–,15.8,1.56,–,–,1 11/16,211,5.06,11.6,–,–,–,2660,390,338,6.55,–,–,1030,198,130,4.07,–,–,–,–,–,–,–,–,–,–,–,–,–,–,–,–,–,–,–,44.6,–,–,–,–,–,–,–,–,–,–,–,–,–,–,–,–,–,–,–,–,–,–,–,–,–,–,–,–,–,51500,–,–,–,–,55.9,–,344,–,–,81.7,194,–,–,–,–,–,–,–,–,–,–,–,–,–,–,15  3/4 ,15  3/4 ,1,  1/2 ,1  9/16,2.16,2  7/8 ,–,–,–,–,–,–,–,–,–,–,–,–,–,–,–,–,–,4.64,14.1,75.8,91.6
14th,–,W,W14X193,–,–,–,–,–,–,56.8,15.5,0.89,–,15.7,1.44,–,–,1 11/16,193,5.45,12.8,–,–,–,2400,355,310,6.5,–,–,931,180,119,4.05,–,–,–,–,–,–,–,–,–,–,–,–,–,–,–,–,–,–,–,34.8,–,–,–,–,–,–,–,–,–,–,–,–,–,–,–,–,–,–,–,–,–,–,–,–,–,–,–,–,–,45900,–,–,–,–,55.2,–,312,–,–,75,177,–,–,–,–,–,–,–,–,–,–,–,–,–,–,15  1/2 ,15  3/4 ,  7/8 ,  7/16,1  7/16,2.04,2  3/4 ,–,–,–,–,–,–,–,–,–,–,–,–,–,–,–,–,–,4.59,14.1,75.3,91
14th,–,W,W14X176,–,–,–,–,–,–,51.8,15.2,0.83,–,15.7,1.31,–,–,1  5/8 ,176,5.97,13.7,–,–,–,2140,320,281,6.43,–,–,838,163,107,4.02,–,–,–,–,–,–,–,–,–,–,–,–,–,–,–,–,–,–,–,26.5,–,–,–,–,–,–,–,–,–,–,–,–,–,–,–,–,–,–,–,–,–,–,–,–,–,–,–,–,–,40500,–,–,–,–,54.5,–,280,–,–,67.6,159,–,–,–,–,–,–,–,–,–,–,–,–,–,–,15  1/4 ,15  5/8 , 13/16,  7/16,1  5/16,1.91,2  5/8 ,–,–,–,–,–,–,–,–,–,–,–,–,–,–,–,–,–,4.55,13.9,74.8,90.5
14th,–,W,W14X159,–,–,–,–,–,–,46.7,15,0.745,–,15.6,1.19,–,–,1  9/16,159,6.54,15.3,–,–,–,1900,287,254,6.38,–,–,748,146,96.2,4,–,–,–,–,–,–,–,–,–,–,–,–,–,–,–,–,–,–,–,19.7,–,–,–,–,–,–,–,–,–,–,–,–,–,–,–,–,–,–,–,–,–,–,–,–,–,–,–,–,–,35600,–,–,–,–,53.9,–,250,–,–,61,143,–,–,–,–,–,–,–,–,–,–,–,–,–,–,15,15  5/8 ,  3/4 ,  3/8 ,1  3/16,1.79,2  1/2 ,–,–,–,–,–,–,–,–,–,–,–,–,–,–,–,–,–,4.51,13.8,74.3,89.9
14th,–,W,W14X145,–,–,–,–,–,–,42.7,14.8,0.68,–,15.5,1.09,–,–,1  9/16,145,7.11,16.8,–,–,–,1710,260,232,6.33,–,–,677,133,87.3,3.98,–,–,–,–,–,–,–,–,–,–,–,–,–,–,–,–,–,–,–,15.2,–,–,–,–,–,–,–,–,–,–,–,–,–,–,–,–,–,–,–,–,–,–,–,–,–,–,–,–,–,31700,–,–,–,–,53.1,–,224,–,–,55.4,129,–,–,–,–,–,–,–,–,–,–,–,–,–,–,14  3/4 ,15  1/2 , 11/16,  3/8 ,1  1/16,1.69,2  3/8 ,–,–,–,–,–,–,–,–,–,–,–,–,–,–,–,–,–,4.47,13.7,73.7,89.2
14th,–,W,W14X132,–,–,–,–,–,–,38.8,14.7,0.645,–,14.7,1.03,–,–,1  9/16,132,7.15,17.7,–,–,–,1530,234,209,6.28,–,–,548,113,74.5,3.76,–,–,–,–,–,–,–,–,–,–,–,–,–,–,–,–,–,–,–,12.3,–,–,–,–,–,–,–,–,–,–,–,–,–,–,–,–,–,–,–,–,–,–,–,–,–,–,–,–,–,25500,–,–,–,–,50.2,–,190,–,–,49.5,116,–,–,–,–,–,–,–,–,–,–,–,–,–,–,14  5/8 ,14  3/4 ,  5/8 ,  5/16,1,1.63,2  5/16,–,–,–,–,–,–,–,–,–,–,–,–,–,–,–,–,–,4.23,13.7,71.2,85.9
14th,–,W,W14X120,–,–,–,–,–,–,35.3,14.5,0.59,–,14.7,0.94,–,–,1  1/2 ,120,7.8,19.3,–,–,–,1380,212,190,6.24,–,–,495,102,67.5,3.74,–,–,–,–,–,–,–,–,–,–,–,–,–,–,–,–,–,–,–,9.37,–,–,–,–,–,–,–,–,–,–,–,–,–,–,–,–,–,–,–,–,–,–,–,–,–,–,–,–,–,22700,–,–,–,–,49.8,–,172,–,–,45,105,–,–,–,–,–,–,–,–,–,–,–,–,–,–,14  1/2 ,14  5/8 ,  9/16,  5/16, 15/16,1.54,2  1/4 ,–,–,–,–,–,–,–,–,–,–,–,–,–,–,–,–,–,4.2,13.6,70.9,85.6
14th,–,W,W14X109,–,–,–,–,–,–,32,14.3,0.525,–,14.6,0.86,–,–,1  1/2 ,109,8.49,21.7,–,–,–,1240,192,173,6.22,–,–,447,92.7,61.2,3.73,–,–,–,–,–,–,–,–,–,–,–,–,–,–,–,–,–,–,–,7.12,–,–,–,–,–,–,–,–,–,–,–,–,–,–,–,–,–,–,–,–,–,–,–,–,–,–,–,–,–,20200,–,–,–,–,49.1,–,154,–,–,40.7,94.8,–,–,–,–,–,–,–,–,–,–,–,–,–,–,14  3/8 ,14  5/8 ,  1/2 ,  1/4 ,  7/8 ,1.46,2  3/16,–,–,–,–,–,–,–,–,–,–,–,–,–,–,–,–,–,4.17,13.4,70.3,84.9
14th,–,W,W14X99,–,–,–,–,–,–,29.1,14.2,0.485,–,14.6,0.78,–,–,1  7/16,99,9.34,23.5,–,–,–,1110,173,157,6.17,–,–,402,83.6,55.2,3.71,–,–,–,–,–,–,–,–,–,–,–,–,–,–,–,–,–,–,–,5.37,–,–,–,–,–,–,–,–,–,–,–,–,–,–,–,–,–,–,–,–,–,–,–,–,–,–,–,–,–,18000,–,–,–,–,49,–,139,–,–,36.9,86.1,–,–,–,–,–,–,–,–,–,–,–,–,–,–,14  1/8 ,14  5/8 ,  1/2 ,  1/4 ,  3/4 ,1.38,2  1/16,–,–,–,–,–,–,–,–,–,–,–,–,–,–,–,–,–,4.14,13.4,70.2,84.8
14th,–,W,W14X90,–,–,–,–,–,–,26.5,14,0.44,–,14.5,0.71,–,–,1  7/16,90,10.2,25.9,–,–,–,999,157,143,6.14,–,–,362,75.6,49.9,3.7,–,–,–,–,–,–,–,–,–,–,–,–,–,–,–,–,–,–,–,4.06,–,–,–,–,–,–,–,–,–,–,–,–,–,–,–,–,–,–,–,–,–,–,–,–,–,–,–,–,–,16000,–,–,–,–,48.2,–,124,–,–,33.2,77.1,–,–,–,–,–,–,–,–,–,–,–,–,–,–,14,14  1/2 ,  7/16,  1/4 , 11/16,1.31,2,–,–,–,–,–,–,–,–,–,–,–,–,–,–,–,–,–,4.1,13.3,69.6,84.1
14th,–,W,W14X82,–,–,–,–,–,–,24,14.3,0.51,–,10.1,0.855,–,–,1  1/16,82,5.92,22.4,–,–,–,881,139,123,6.05,–,–,148,44.8,29.3,2.48,–,–,–,–,–,–,–,–,–,–,–,–,–,–,–,–,–,–,–,5.07,–,–,–,–,–,–,–,–,–,–,–,–,–,–,–,–,–,–,–,–,–,–,–,–,–,–,–,–,–,6710,–,–,–,–,33.9,–,73.3,–,–,27.6,68.2,–,–,–,–,–,–,–,–,–,–,–,–,–,–,14  1/4 ,10  1/8 ,  1/2 ,  1/4 ,  7/8 ,1.45,1 11/16,–,–,–,–,–,–,–,–,–,–,–,–,–,–,–,–,–,2.85,13.4,56.9,67
14th,–,W,W14X74,–,–,–,–,–,–,21.8,14.2,0.45,–,10.1,0.785,–,–,1  1/16,74,6.41,25.4,–,–,–,795,126,112,6.04,–,–,134,40.5,26.6,2.48,–,–,–,–,–,–,–,–,–,–,–,–,–,–,–,–,–,–,–,3.87,–,–,–,–,–,–,–,–,–,–,–,–,–,–,–,–,–,–,–,–,–,–,–,–,–,–,–,–,–,5990,–,–,–,–,33.9,–,67.1,–,–,25.4,62.2,–,–,–,–,–,–,–,–,–,–,–,–,–,–,14  1/8 ,10  1/8 ,  7/16,  1/4 , 13/16,1.38,1  5/8 ,–,–,–,–,–,–,–,–,–,–,–,–,–,–,–,–,–,2.83,13.4,56.8,66.9
14th,–,W,W14X68,–,–,–,–,–,–,20,14,0.415,–,10,0.72,–,–,1  1/16,68,6.97,27.5,–,–,–,722,115,103,6.01,–,–,121,36.9,24.2,2.46,–,–,–,–,–,–,–,–,–,–,–,–,–,–,–,–,–,–,–,3.01,–,–,–,–,–,–,–,–,–,–,–,–,–,–,–,–,–,–,–,–,–,–,–,–,–,–,–,–,–,5380,–,–,–,–,33.2,–,59.8,–,–,22.9,56,–,–,–,–,–,–,–,–,–,–,–,–,–,–,14,10,  7/16,  1/4 ,  3/4 ,1.31,1  9/16,–,–,–,–,–,–,–,–,–,–,–,–,–,–,–,–,–,2.8,13.3,56.2,66.2
14th,–,W,W14X61,–,–,–,–,–,–,17.9,13.9,0.375,–,10,0.645,–,–,1,61,7.75,30.4,–,–,–,640,102,92.1,5.98,–,–,107,32.8,21.5,2.45,–,–,–,–,–,–,–,–,–,–,–,–,–,–,–,–,–,–,–,2.19,–,–,–,–,–,–,–,–,–,–,–,–,–,–,–,–,–,–,–,–,–,–,–,–,–,–,–,–,–,4710,–,–,–,–,33.1,–,53.4,–,–,20.6,50.2,–,–,–,–,–,–,–,–,–,–,–,–,–,–,13  7/8 ,10,  3/8 ,  3/16,  5/8 ,1.24,1  1/2 ,–,–,–,–,–,–,–,–,–,–,–,–,–,–,–,–,–,2.78,13.3,56,66
14th,–,W,W14X53,–,–,–,–,–,–,15.6,13.9,0.37,–,8.06,0.66,–,–,1,53,6.11,30.9,–,–,–,541,87.1,77.8,5.89,–,–,57.7,22,14.3,1.92,–,–,–,–,–,–,–,–,–,–,–,–,–,–,–,–,–,–,–,1.94,–,–,–,–,–,–,–,–,–,–,–,–,–,–,–,–,–,–,–,–,–,–,–,–,–,–,–,–,–,2540,–,–,–,–,26.7,–,35.5,–,–,16.8,42.5,–,–,–,–,–,–,–,–,–,–,–,–,–,–,13  7/8 ,8,  3/8 ,  3/16, 11/16,1.25,1  1/2 ,–,–,–,–,–,–,–,–,–,–,–,–,–,–,–,–,–,2.22,13.2,50.2,58.3
14th,–,W,W14X48,–,–,–,–,–,–,14.1,13.8,0.34,–,8.03,0.595,–,–,1,48,6.75,33.6,–,–,–,484,78.4,70.2,5.85,–,–,51.4,19.6,12.8,1.91,–,–,–,–,–,–,–,–,–,–,–,–,–,–,–,–,–,–,–,1.45,–,–,–,–,–,–,–,–,–,–,–,–,–,–,–,–,–,–,–,–,–,–,–,–,–,–,–,–,–,2240,–,–,–,–,26.5,–,31.7,–,–,15.1,38.3,–,–,–,–,–,–,–,–,–,–,–,–,–,–,13  3/4 ,8,  5/16,  3/16,  5/8 ,1.19,1  7/16,–,–,–,–,–,–,–,–,–,–,–,–,–,–,–,–,–,2.2,13.2,50,58
14th,–,W,W14X43,–,–,–,–,–,–,12.6,13.7,0.305,–,8,0.53,–,–,1,43,7.54,37.4,–,–,–,428,69.6,62.6,5.82,–,–,45.2,17.3,11.3,1.89,–,–,–,–,–,–,–,–,–,–,–,–,–,–,–,–,–,–,–,1.05,–,–,–,–,–,–,–,–,–,–,–,–,–,–,–,–,–,–,–,–,–,–,–,–,–,–,–,–,–,1950,–,–,–,–,26.3,–,27.9,–,–,13.4,34,–,–,–,–,–,–,–,–,–,–,–,–,–,–,13  5/8 ,8,  5/16,  3/16,  1/2 ,1.12,1  3/8 ,–,–,–,–,–,–,–,–,–,–,–,–,–,–,–,–,–,2.18,13.2,49.8,57.8
14th,–,W,W14X38,–,–,–,–,–,–,11.2,14.1,0.31,–,6.77,0.515,–,–, 13/16,38,6.57,39.6,–,–,–,385,61.5,54.6,5.87,–,–,26.7,12.1,7.88,1.55,–,–,–,–,–,–,–,–,–,–,–,–,–,–,–,–,–,–,–,0.798,–,–,–,–,–,–,–,–,–,–,–,–,–,–,–,–,–,–,–,–,–,–,–,–,–,–,–,–,–,1230,–,–,–,–,23,–,20,–,–,11.3,30.3,–,–,–,–,–,–,–,–,–,–,–,–,–,–,14  1/8 ,6  3/4 ,  5/16,  3/16,  1/2 ,0.915,1  1/4 ,–,–,–,–,–,–,–,–,–,–,–,–,–,–,–,–,–,1.82,13.6,47.2,54
14th,–,W,W14X34,–,–,–,–,–,–,10,14,0.285,–,6.75,0.455,–,–,  3/4 ,34,7.41,43.1,–,–,–,340,54.6,48.6,5.83,–,–,23.3,10.6,6.91,1.53,–,–,–,–,–,–,–,–,–,–,–,–,–,–,–,–,–,–,–,0.569,–,–,–,–,–,–,–,–,–,–,–,–,–,–,–,–,–,–,–,–,–,–,–,–,–,–,–,–,–,1070,–,–,–,–,22.9,–,17.6,–,–,10,26.9,–,–,–,–,–,–,–,–,–,–,–,–,–,–,14,6  3/4 ,  5/16,  3/16,  7/16,0.855,1  3/16,–,–,–,–,–,–,–,–,–,–,–,–,–,–,–,–,–,1.8,13.5,47,53.7
14th,–,W,W14X30,–,–,–,–,–,–,8.85,13.8,0.27,–,6.73,0.385,–,–,  3/4 ,30,8.74,45.4,–,–,–,291,47.3,42,5.73,–,–,19.6,8.99,5.82,1.49,–,–,–,–,–,–,–,–,–,–,–,–,–,–,–,–,–,–,–,0.38,–,–,–,–,–,–,–,–,–,–,–,–,–,–,–,–,–,–,–,–,–,–,–,–,–,–,–,–,–,887,–,–,–,–,22.6,–,14.6,–,–,8.34,23.1,–,–,–,–,–,–,–,–,–,–,–,–,–,–,13  7/8 ,6  3/4 ,  1/4 ,  1/8 ,  3/8 ,0.785,1  1/8 ,–,–,–,–,–,–,–,–,–,–,–,–,–,–,–,–,–,1.77,13.4,46.6,53.3
14th,–,W,W14X26,–,–,–,–,–,–,7.69,13.9,0.255,–,5.03,0.42,–,–,  3/4 ,26,5.98,48.1,–,–,–,245,40.2,35.3,5.65,–,–,8.91,5.54,3.55,1.08,–,–,–,–,–,–,–,–,–,–,–,–,–,–,–,–,–,–,–,0.358,–,–,–,–,–,–,–,–,–,–,–,–,–,–,–,–,–,–,–,–,–,–,–,–,–,–,–,–,–,405,–,–,–,–,17,–,8.95,–,–,6.76,19.7,–,–,–,–,–,–,–,–,–,–,–,–,–,–,13  7/8 ,5,  1/4 ,  1/8 ,  7/16,0.82,1  1/8 ,–,–,–,–,–,–,–,–,–,–,–,–,–,–,–,–,–,1.3,13.5,41.7,46.7
14th,–,W,W14X22,–,–,–,–,–,–,6.49,13.7,0.23,–,5,0.335,–,–,  3/4 ,22,7.46,53.3,–,–,–,199,33.2,29,5.54,–,–,7,4.39,2.8,1.04,–,–,–,–,–,–,–,–,–,–,–,–,–,–,–,–,–,–,–,0.208,–,–,–,–,–,–,–,–,–,–,–,–,–,–,–,–,–,–,–,–,–,–,–,–,–,–,–,–,–,314,–,–,–,–,16.7,–,7,–,–,5.34,16.1,–,–,–,–,–,–,–,–,–,–,–,–,–,–,13  3/4 ,5,  1/4 ,  1/8 ,  5/16,0.735,1  1/16,–,–,–,–,–,–,–,–,–,–,–,–,–,–,–,–,–,1.27,13.4,41.3,46.3
14th,–,W,W12X336,–,–,–,–,–,–,98.9,16.8,1.78,–,13.4,2.96,–,–,1 11/16,336,2.26,5.47,–,–,–,4060,603,483,6.41,–,–,1190,274,177,3.47,–,–,–,–,–,–,–,–,–,–,–,–,–,–,–,–,–,–,–,243,–,–,–,–,–,–,–,–,–,–,–,–,–,–,–,–,–,–,–,–,–,–,–,–,–,–,–,–,–,57000,–,–,–,–,46.4,–,460,–,–,119,301,–,–,–,–,–,–,–,–,–,–,–,–,–,–,16  7/8 ,13  3/8 ,1  3/4 ,  7/8 ,2 15/16,3.55,3  7/8 ,–,–,–,–,–,–,–,–,–,–,–,–,–,–,–,–,–,4.13,13.8,69.2,82.6
14th,–,W,W12X305,–,–,–,–,–,–,89.5,16.3,1.63,–,13.2,2.71,–,–,1  5/8 ,305,2.45,5.98,–,–,–,3550,537,435,6.29,–,–,1050,244,159,3.42,–,–,–,–,–,–,–,–,–,–,–,–,–,–,–,–,–,–,–,185,–,–,–,–,–,–,–,–,–,–,–,–,–,–,–,–,–,–,–,–,–,–,–,–,–,–,–,–,–,48600,–,–,–,–,44.8,–,401,–,–,107,267,–,–,–,–,–,–,–,–,–,–,–,–,–,–,16  3/8 ,13  1/4 ,1  5/8 , 13/16,2 11/16,3.3,3  5/8 ,–,–,–,–,–,–,–,–,–,–,–,–,–,–,–,–,–,4.05,13.6,67.9,81.1
14th,–,W,W12X279,–,–,–,–,–,–,81.9,15.9,1.53,–,13.1,2.47,–,–,1  5/8 ,279,2.66,6.35,–,–,–,3110,481,393,6.16,–,–,937,220,143,3.38,–,–,–,–,–,–,–,–,–,–,–,–,–,–,–,–,–,–,–,143,–,–,–,–,–,–,–,–,–,–,–,–,–,–,–,–,–,–,–,–,–,–,–,–,–,–,–,–,–,42000,–,–,–,–,44,–,356,–,–,96,240,–,–,–,–,–,–,–,–,–,–,–,–,–,–,15  7/8 ,13  1/8 ,1  1/2 ,  3/4 ,2  1/2 ,3.07,3  3/8 ,–,–,–,–,–,–,–,–,–,–,–,–,–,–,–,–,–,4,13.4,67,80.1
14th,–,W,W12X252,–,–,–,–,–,–,74.1,15.4,1.4,–,13,2.25,–,–,1  1/2 ,252,2.89,6.96,–,–,–,2720,428,353,6.06,–,–,828,196,127,3.34,–,–,–,–,–,–,–,–,–,–,–,–,–,–,–,–,–,–,–,108,–,–,–,–,–,–,–,–,–,–,–,–,–,–,–,–,–,–,–,–,–,–,–,–,–,–,–,–,–,35800,–,–,–,–,42.7,–,313,–,–,85.8,213,–,–,–,–,–,–,–,–,–,–,–,–,–,–,15  3/8 ,13,1  3/8 , 11/16,2  1/4 ,2.85,3  1/8 ,–,–,–,–,–,–,–,–,–,–,–,–,–,–,–,–,–,3.93,13.2,66,79
14th,–,W,W12X230,–,–,–,–,–,–,67.7,15.1,1.29,–,12.9,2.07,–,–,1  1/2 ,230,3.11,7.56,–,–,–,2420,386,321,5.97,–,–,742,177,115,3.31,–,–,–,–,–,–,–,–,–,–,–,–,–,–,–,–,–,–,–,83.8,–,–,–,–,–,–,–,–,–,–,–,–,–,–,–,–,–,–,–,–,–,–,–,–,–,–,–,–,–,31200,–,–,–,–,42,–,281,–,–,78.3,193,–,–,–,–,–,–,–,–,–,–,–,–,–,–,15,12  7/8 ,1  5/16, 11/16,2  1/16,2.67,2 15/16,–,–,–,–,–,–,–,–,–,–,–,–,–,–,–,–,–,3.87,13,65.3,78.2
14th,–,W,W12X210,–,–,–,–,–,–,61.8,14.7,1.18,–,12.8,1.9,–,–,1  7/16,210,3.37,8.23,–,–,–,2140,348,292,5.89,–,–,664,159,104,3.28,–,–,–,–,–,–,–,–,–,–,–,–,–,–,–,–,–,–,–,64.7,–,–,–,–,–,–,–,–,–,–,–,–,–,–,–,–,–,–,–,–,–,–,–,–,–,–,–,–,–,27200,–,–,–,–,41,–,249,–,–,70.6,173,–,–,–,–,–,–,–,–,–,–,–,–,–,–,14  3/4 ,12  3/4 ,1  3/16,  5/8 ,1  7/8 ,2.5,2 13/16,–,–,–,–,–,–,–,–,–,–,–,–,–,–,–,–,–,3.81,12.8,64.4,77.2
14th,–,W,W12X190,–,–,–,–,–,–,56,14.4,1.06,–,12.7,1.74,–,–,1  3/8 ,190,3.65,9.16,–,–,–,1890,311,263,5.82,–,–,589,143,93,3.25,–,–,–,–,–,–,–,–,–,–,–,–,–,–,–,–,–,–,–,48.8,–,–,–,–,–,–,–,–,–,–,–,–,–,–,–,–,–,–,–,–,–,–,–,–,–,–,–,–,–,23600,–,–,–,–,40.2,–,222,–,–,64.1,156,–,–,–,–,–,–,–,–,–,–,–,–,–,–,14  3/8 ,12  5/8 ,1  1/16,  9/16,1  3/4 ,2.33,2  5/8 ,–,–,–,–,–,–,–,–,–,–,–,–,–,–,–,–,–,3.77,12.7,63.8,76.5
14th,–,W,W12X170,–,–,–,–,–,–,50,14,0.96,–,12.6,1.56,–,–,1  5/16,170,4.03,10.1,–,–,–,1650,275,235,5.74,–,–,517,126,82.3,3.22,–,–,–,–,–,–,–,–,–,–,–,–,–,–,–,–,–,–,–,35.6,–,–,–,–,–,–,–,–,–,–,–,–,–,–,–,–,–,–,–,–,–,–,–,–,–,–,–,–,–,20100,–,–,–,–,39.2,–,193,–,–,56.5,136,–,–,–,–,–,–,–,–,–,–,–,–,–,–,14,12  5/8 , 15/16,  1/2 ,1  9/16,2.16,2  7/16,–,–,–,–,–,–,–,–,–,–,–,–,–,–,–,–,–,3.7,12.4,62.9,75.5
14th,–,W,W12X152,–,–,–,–,–,–,44.7,13.7,0.87,–,12.5,1.4,–,–,1  1/4 ,152,4.46,11.2,–,–,–,1430,243,209,5.66,–,–,454,111,72.8,3.19,–,–,–,–,–,–,–,–,–,–,–,–,–,–,–,–,–,–,–,25.8,–,–,–,–,–,–,–,–,–,–,–,–,–,–,–,–,–,–,–,–,–,–,–,–,–,–,–,–,–,17200,–,–,–,–,38.4,–,168,–,–,50.1,121,–,–,–,–,–,–,–,–,–,–,–,–,–,–,13  3/4 ,12  1/2 ,  7/8 ,  7/16,1  3/8 ,2,2  5/16,–,–,–,–,–,–,–,–,–,–,–,–,–,–,–,–,–,3.66,12.3,62.1,74.6
14th,–,W,W12X136,–,–,–,–,–,–,39.9,13.4,0.79,–,12.4,1.25,–,–,1  1/4 ,136,4.96,12.3,–,–,–,1240,214,186,5.58,–,–,398,98,64.2,3.16,–,–,–,–,–,–,–,–,–,–,–,–,–,–,–,–,–,–,–,18.5,–,–,–,–,–,–,–,–,–,–,–,–,–,–,–,–,–,–,–,–,–,–,–,–,–,–,–,–,–,14700,–,–,–,–,37.7,–,146,–,–,44.1,106,–,–,–,–,–,–,–,–,–,–,–,–,–,–,13  3/8 ,12  3/8 , 13/16,  7/16,1  1/4 ,1.85,2  1/8 ,–,–,–,–,–,–,–,–,–,–,–,–,–,–,–,–,–,3.61,12.2,61.4,73.8
14th,–,W,W12X120,–,–,–,–,–,–,35.2,13.1,0.71,–,12.3,1.11,–,–,1  3/16,120,5.57,13.7,–,–,–,1070,186,163,5.51,–,–,345,85.4,56,3.13,–,–,–,–,–,–,–,–,–,–,–,–,–,–,–,–,–,–,–,12.9,–,–,–,–,–,–,–,–,–,–,–,–,–,–,–,–,–,–,–,–,–,–,–,–,–,–,–,–,–,12400,–,–,–,–,36.9,–,126,–,–,38.6,92.4,–,–,–,–,–,–,–,–,–,–,–,–,–,–,13  1/8 ,12  3/8 , 11/16,  3/8 ,1  1/8 ,1.7,2,–,–,–,–,–,–,–,–,–,–,–,–,–,–,–,–,–,3.56,12,60.7,73
14th,–,W,W12X106,–,–,–,–,–,–,31.2,12.9,0.61,–,12.2,0.99,–,–,1  1/8 ,106,6.17,15.9,–,–,–,933,164,145,5.47,–,–,301,75.1,49.3,3.11,–,–,–,–,–,–,–,–,–,–,–,–,–,–,–,–,–,–,–,9.13,–,–,–,–,–,–,–,–,–,–,–,–,–,–,–,–,–,–,–,–,–,–,–,–,–,–,–,–,–,10700,–,–,–,–,36.3,–,110,–,–,34.2,81,–,–,–,–,–,–,–,–,–,–,–,–,–,–,12  7/8 ,12  1/4 ,  5/8 ,  5/16,1,1.59,1  7/8 ,–,–,–,–,–,–,–,–,–,–,–,–,–,–,–,–,–,3.52,11.9,60.2,72.4
14th,–,W,W12X96,–,–,–,–,–,–,28.2,12.7,0.55,–,12.2,0.9,–,–,1  1/8 ,96,6.76,17.7,–,–,–,833,147,131,5.44,–,–,270,67.5,44.4,3.09,–,–,–,–,–,–,–,–,–,–,–,–,–,–,–,–,–,–,–,6.85,–,–,–,–,–,–,–,–,–,–,–,–,–,–,–,–,–,–,–,–,–,–,–,–,–,–,–,–,–,9410,–,–,–,–,36,–,98.8,–,–,30.9,73,–,–,–,–,–,–,–,–,–,–,–,–,–,–,12  3/4 ,12  1/8 ,  9/16,  5/16,  7/8 ,1.5,1 13/16,–,–,–,–,–,–,–,–,–,–,–,–,–,–,–,–,–,3.49,11.8,59.9,72.1
14th,–,W,W12X87,–,–,–,–,–,–,25.6,12.5,0.515,–,12.1,0.81,–,–,1  1/16,87,7.48,18.9,–,–,–,740,132,118,5.38,–,–,241,60.4,39.7,3.07,–,–,–,–,–,–,–,–,–,–,–,–,–,–,–,–,–,–,–,5.1,–,–,–,–,–,–,–,–,–,–,–,–,–,–,–,–,–,–,–,–,–,–,–,–,–,–,–,–,–,8270,–,–,–,–,35.4,–,86.6,–,–,27.4,64.9,–,–,–,–,–,–,–,–,–,–,–,–,–,–,12  1/2 ,12  1/8 ,  1/2 ,  1/4 , 13/16,1.41,1 11/16,–,–,–,–,–,–,–,–,–,–,–,–,–,–,–,–,–,3.46,11.7,59.2,71.3
14th,–,W,W12X79,–,–,–,–,–,–,23.2,12.4,0.47,–,12.1,0.735,–,–,1  1/16,79,8.22,20.7,–,–,–,662,119,107,5.34,–,–,216,54.3,35.8,3.05,–,–,–,–,–,–,–,–,–,–,–,–,–,–,–,–,–,–,–,3.84,–,–,–,–,–,–,–,–,–,–,–,–,–,–,–,–,–,–,–,–,–,–,–,–,–,–,–,–,–,7330,–,–,–,–,35.3,–,78.5,–,–,24.9,58.9,–,–,–,–,–,–,–,–,–,–,–,–,–,–,12  3/8 ,12  1/8 ,  1/2 ,  1/4 ,  3/4 ,1.33,1  5/8 ,–,–,–,–,–,–,–,–,–,–,–,–,–,–,–,–,–,3.43,11.7,59.1,71.2
14th,–,W,W12X72,–,–,–,–,–,–,21.1,12.3,0.43,–,12,0.67,–,–,1  1/16,72,8.99,22.6,–,–,–,597,108,97.4,5.31,–,–,195,49.2,32.4,3.04,–,–,–,–,–,–,–,–,–,–,–,–,–,–,–,–,–,–,–,2.93,–,–,–,–,–,–,–,–,–,–,–,–,–,–,–,–,–,–,–,–,–,–,–,–,–,–,–,–,–,6540,–,–,–,–,34.9,–,70.1,–,–,22.5,53.2,–,–,–,–,–,–,–,–,–,–,–,–,–,–,12  1/4 ,12,  7/16,  1/4 , 11/16,1.27,1  9/16,–,–,–,–,–,–,–,–,–,–,–,–,–,–,–,–,–,3.41,11.6,58.7,70.7
14th,–,W,W12X65,–,–,–,–,–,–,19.1,12.1,0.39,–,12,0.605,–,–,1,65,9.92,24.9,–,–,–,533,96.8,87.9,5.28,–,–,174,44.1,29.1,3.02,–,–,–,–,–,–,–,–,–,–,–,–,–,–,–,–,–,–,–,2.18,–,–,–,–,–,–,–,–,–,–,–,–,–,–,–,–,–,–,–,–,–,–,–,–,–,–,–,–,–,5780,–,–,–,–,34.5,–,62.6,–,–,20.2,47.5,–,–,–,–,–,–,–,–,–,–,–,–,–,–,12  1/8 ,12,  3/8 ,  3/16,  5/8 ,1.2,1  1/2 ,–,–,–,–,–,–,–,–,–,–,–,–,–,–,–,–,–,3.38,11.5,58.4,70.4
14th,–,W,W12X58,–,–,–,–,–,–,17,12.2,0.36,–,10,0.64,–,–, 15/16,58,7.82,27,–,–,–,475,86.4,78,5.28,–,–,107,32.5,21.4,2.51,–,–,–,–,–,–,–,–,–,–,–,–,–,–,–,–,–,–,–,2.1,–,–,–,–,–,–,–,–,–,–,–,–,–,–,–,–,–,–,–,–,–,–,–,–,–,–,–,–,–,3570,–,–,–,–,28.9,–,46.2,–,–,17.8,42.4,–,–,–,–,–,–,–,–,–,–,–,–,–,–,12  1/4 ,10,  3/8 ,  3/16,  5/8 ,1.24,1  1/2 ,–,–,–,–,–,–,–,–,–,–,–,–,–,–,–,–,–,2.81,11.6,52.6,62.6
14th,–,W,W12X53,–,–,–,–,–,–,15.6,12.1,0.345,–,10,0.575,–,–, 15/16,53,8.69,28.1,–,–,–,425,77.9,70.6,5.23,–,–,95.8,29.1,19.2,2.48,–,–,–,–,–,–,–,–,–,–,–,–,–,–,–,–,–,–,–,1.58,–,–,–,–,–,–,–,–,–,–,–,–,–,–,–,–,–,–,–,–,–,–,–,–,–,–,–,–,–,3160,–,–,–,–,28.8,–,41.4,–,–,16,38.3,–,–,–,–,–,–,–,–,–,–,–,–,–,–,12,10,  3/8 ,  3/16,  9/16,1.18,1  3/8 ,–,–,–,–,–,–,–,–,–,–,–,–,–,–,–,–,–,2.79,11.5,52.5,62.5
14th,–,W,W12X50,–,–,–,–,–,–,14.6,12.2,0.37,–,8.08,0.64,–,–, 15/16,50,6.31,26.8,–,–,–,391,71.9,64.2,5.18,–,–,56.3,21.3,13.9,1.96,–,–,–,–,–,–,–,–,–,–,–,–,–,–,–,–,–,–,–,1.71,–,–,–,–,–,–,–,–,–,–,–,–,–,–,–,–,–,–,–,–,–,–,–,–,–,–,–,–,–,1880,–,–,–,–,23.4,–,30.2,–,–,14.3,35.4,–,–,–,–,–,–,–,–,–,–,–,–,–,–,12  1/4 ,8  1/8 ,  3/8 ,  3/16,  5/8 ,1.14,1  1/2 ,–,–,–,–,–,–,–,–,–,–,–,–,–,–,–,–,–,2.25,11.6,47,55.1
14th,–,W,W12X45,–,–,–,–,–,–,13.1,12.1,0.335,–,8.05,0.575,–,–, 15/16,45,7,29.6,–,–,–,348,64.2,57.7,5.15,–,–,50,19,12.4,1.95,–,–,–,–,–,–,–,–,–,–,–,–,–,–,–,–,–,–,–,1.26,–,–,–,–,–,–,–,–,–,–,–,–,–,–,–,–,–,–,–,–,–,–,–,–,–,–,–,–,–,1650,–,–,–,–,23.2,–,26.8,–,–,12.8,31.7,–,–,–,–,–,–,–,–,–,–,–,–,–,–,12,8,  5/16,  3/16,  9/16,1.08,1  3/8 ,–,–,–,–,–,–,–,–,–,–,–,–,–,–,–,–,–,2.23,11.5,46.8,54.9
14th,–,W,W12X40,–,–,–,–,–,–,11.7,11.9,0.295,–,8.01,0.515,–,–,  7/8 ,40,7.77,33.6,–,–,–,307,57,51.5,5.13,–,–,44.1,16.8,11,1.94,–,–,–,–,–,–,–,–,–,–,–,–,–,–,–,–,–,–,–,0.906,–,–,–,–,–,–,–,–,–,–,–,–,–,–,–,–,–,–,–,–,–,–,–,–,–,–,–,–,–,1440,–,–,–,–,22.8,–,23.5,–,–,11.3,27.8,–,–,–,–,–,–,–,–,–,–,–,–,–,–,12,8,  5/16,  3/16,  1/2 ,1.02,1  3/8 ,–,–,–,–,–,–,–,–,–,–,–,–,–,–,–,–,–,2.21,11.4,46.4,54.4
14th,–,W,W12X35,–,–,–,–,–,–,10.3,12.5,0.3,–,6.56,0.52,–,–,  3/4 ,35,6.31,36.2,–,–,–,285,51.2,45.6,5.25,–,–,24.5,11.5,7.47,1.54,–,–,–,–,–,–,–,–,–,–,–,–,–,–,–,–,–,–,–,0.741,–,–,–,–,–,–,–,–,–,–,–,–,–,–,–,–,–,–,–,–,–,–,–,–,–,–,–,–,–,879,–,–,–,–,19.6,–,16.8,–,–,9.75,25.4,–,–,–,–,–,–,–,–,–,–,–,–,–,–,12  1/2 ,6  1/2 ,  5/16,  3/16,  1/2 ,0.82,1  3/16,–,–,–,–,–,–,–,–,–,–,–,–,–,–,–,–,–,1.79,12,43.5,50.1
14th,–,W,W12X30,–,–,–,–,–,–,8.79,12.3,0.26,–,6.52,0.44,–,–,  3/4 ,30,7.41,41.8,–,–,–,238,43.1,38.6,5.21,–,–,20.3,9.56,6.24,1.52,–,–,–,–,–,–,–,–,–,–,–,–,–,–,–,–,–,–,–,0.457,–,–,–,–,–,–,–,–,–,–,–,–,–,–,–,–,–,–,–,–,–,–,–,–,–,–,–,–,–,720,–,–,–,–,19.3,–,13.9,–,–,8.17,21.3,–,–,–,–,–,–,–,–,–,–,–,–,–,–,12  3/8 ,6  1/2 ,  1/4 ,  1/8 ,  7/16,0.74,1  1/8 ,–,–,–,–,–,–,–,–,–,–,–,–,–,–,–,–,–,1.77,11.9,43.1,49.6
14th,–,W,W12X26,–,–,–,–,–,–,7.65,12.2,0.23,–,6.49,0.38,–,–,  3/4 ,26,8.54,47.2,–,–,–,204,37.2,33.4,5.17,–,–,17.3,8.17,5.34,1.51,–,–,–,–,–,–,–,–,–,–,–,–,–,–,–,–,–,–,–,0.3,–,–,–,–,–,–,–,–,–,–,–,–,–,–,–,–,–,–,–,–,–,–,–,–,–,–,–,–,–,607,–,–,–,–,19.2,–,11.8,–,–,7.03,18.3,–,–,–,–,–,–,–,–,–,–,–,–,–,–,12  1/4 ,6  1/2 ,  1/4 ,  1/8 ,  3/8 ,0.68,1  1/16,–,–,–,–,–,–,–,–,–,–,–,–,–,–,–,–,–,1.75,11.8,42.9,49.4
14th,–,W,W12X22,–,–,–,–,–,–,6.48,12.3,0.26,–,4.03,0.425,–,–,  5/8 ,22,4.74,41.8,–,–,–,156,29.3,25.4,4.91,–,–,4.66,3.66,2.31,0.848,–,–,–,–,–,–,–,–,–,–,–,–,–,–,–,–,–,–,–,0.293,–,–,–,–,–,–,–,–,–,–,–,–,–,–,–,–,–,–,–,–,–,–,–,–,–,–,–,–,–,164,–,–,–,–,12,–,5.12,–,–,4.76,14.4,–,–,–,–,–,–,–,–,–,–,–,–,–,–,12  1/4 ,4,  1/4 ,  1/8 ,  7/16,0.725, 15/16,–,–,–,–,–,–,–,–,–,–,–,–,–,–,–,–,–,1.04,11.9,35.7,39.7
14th,–,W,W12X19,–,–,–,–,–,–,5.57,12.2,0.235,–,4.01,0.35,–,–,  9/16,19,5.72,46.2,–,–,–,130,24.7,21.3,4.82,–,–,3.76,2.98,1.88,0.822,–,–,–,–,–,–,–,–,–,–,–,–,–,–,–,–,–,–,–,0.18,–,–,–,–,–,–,–,–,–,–,–,–,–,–,–,–,–,–,–,–,–,–,–,–,–,–,–,–,–,131,–,–,–,–,11.9,–,4.17,–,–,3.91,12.2,–,–,–,–,–,–,–,–,–,–,–,–,–,–,12  1/8 ,4,  1/4 ,  1/8 ,  3/8 ,0.65,  7/8 ,–,–,–,–,–,–,–,–,–,–,–,–,–,–,–,–,–,1.02,11.9,35.5,39.5
14th,–,W,W12X16,–,–,–,–,–,–,4.71,12,0.22,–,3.99,0.265,–,–,  9/16,16,7.53,49.4,–,–,–,103,20.1,17.1,4.67,–,–,2.82,2.26,1.41,0.773,–,–,–,–,–,–,–,–,–,–,–,–,–,–,–,–,–,–,–,0.103,–,–,–,–,–,–,–,–,–,–,–,–,–,–,–,–,–,–,–,–,–,–,–,–,–,–,–,–,–,96.9,–,–,–,–,11.7,–,3.09,–,–,2.93,9.82,–,–,–,–,–,–,–,–,–,–,–,–,–,–,12,4,  1/4 ,  1/8 ,  1/4 ,0.565, 13/16,–,–,–,–,–,–,–,–,–,–,–,–,–,–,–,–,–,0.983,11.7,35,39
14th,–,W,W12X14,–,–,–,–,–,–,4.16,11.9,0.2,–,3.97,0.225,–,–,  9/16,14,8.82,54.3,–,–,–,88.6,17.4,14.9,4.62,–,–,2.36,1.9,1.19,0.753,–,–,–,–,–,–,–,–,–,–,–,–,–,–,–,–,–,–,–,0.0704,–,–,–,–,–,–,–,–,–,–,–,–,–,–,–,–,–,–,–,–,–,–,–,–,–,–,–,–,–,80.4,–,–,–,–,11.6,–,2.59,–,–,2.48,8.49,–,–,–,–,–,–,–,–,–,–,–,–,–,–,11  7/8 ,4,  3/16,  1/8 ,  1/4 ,0.525,  3/4 ,–,–,–,–,–,–,–,–,–,–,–,–,–,–,–,–,–,0.961,11.7,34.8,38.8
14th,–,W,W10X112,–,–,–,–,–,–,32.9,11.4,0.755,–,10.4,1.25,–,–,1,112,4.17,10.4,–,–,–,716,147,126,4.66,–,–,236,69.2,45.3,2.68,–,–,–,–,–,–,–,–,–,–,–,–,–,–,–,–,–,–,–,15.1,–,–,–,–,–,–,–,–,–,–,–,–,–,–,–,–,–,–,–,–,–,–,–,–,–,–,–,–,–,6020,–,–,–,–,26.4,–,85.8,–,–,30.6,73.5,–,–,–,–,–,–,–,–,–,–,–,–,–,–,11  3/8 ,10  3/8 ,  3/4 ,  3/8 ,1  1/4 ,1.75,1 15/16,–,–,–,–,–,–,–,–,–,–,–,–,–,–,–,–,–,3.08,10.2,51.6,62
14th,–,W,W10X100,–,–,–,–,–,–,29.3,11.1,0.68,–,10.3,1.12,–,–,1,100,4.62,11.6,–,–,–,623,130,112,4.6,–,–,207,61,40,2.65,–,–,–,–,–,–,–,–,–,–,–,–,–,–,–,–,–,–,–,10.9,–,–,–,–,–,–,–,–,–,–,–,–,–,–,–,–,–,–,–,–,–,–,–,–,–,–,–,–,–,5150,–,–,–,–,25.7,–,74.1,–,–,26.9,64.2,–,–,–,–,–,–,–,–,–,–,–,–,–,–,11  1/8 ,10  3/8 , 11/16,  3/8 ,1  1/8 ,1.62,1 13/16,–,–,–,–,–,–,–,–,–,–,–,–,–,–,–,–,–,3.04,10,50.9,61.2
14th,–,W,W10X88,–,–,–,–,–,–,26,10.8,0.605,–,10.3,0.99,–,–, 15/16,88,5.18,13,–,–,–,534,113,98.5,4.54,–,–,179,53.1,34.8,2.63,–,–,–,–,–,–,–,–,–,–,–,–,–,–,–,–,–,–,–,7.53,–,–,–,–,–,–,–,–,–,–,–,–,–,–,–,–,–,–,–,–,–,–,–,–,–,–,–,–,–,4330,–,–,–,–,25.3,–,64.4,–,–,23.5,55.9,–,–,–,–,–,–,–,–,–,–,–,–,–,–,10  7/8 ,10  1/4 ,  5/8 ,  5/16,1,1.49,1 11/16,–,–,–,–,–,–,–,–,–,–,–,–,–,–,–,–,–,2.99,9.81,50.4,60.7
14th,–,W,W10X77,–,–,–,–,–,–,22.7,10.6,0.53,–,10.2,0.87,–,–,  7/8 ,77,5.86,14.8,–,–,–,455,97.6,85.9,4.49,–,–,154,45.9,30.1,2.6,–,–,–,–,–,–,–,–,–,–,–,–,–,–,–,–,–,–,–,5.11,–,–,–,–,–,–,–,–,–,–,–,–,–,–,–,–,–,–,–,–,–,–,–,–,–,–,–,–,–,3630,–,–,–,–,24.8,–,55,–,–,20.5,48.4,–,–,–,–,–,–,–,–,–,–,–,–,–,–,10  5/8 ,10  1/4 ,  1/2 ,  1/4 ,  7/8 ,1.37,1  9/16,–,–,–,–,–,–,–,–,–,–,–,–,–,–,–,–,–,2.95,9.73,49.9,60.1
14th,–,W,W10X68,–,–,–,–,–,–,19.9,10.4,0.47,–,10.1,0.77,–,–,  7/8 ,68,6.58,16.7,–,–,–,394,85.3,75.7,4.44,–,–,134,40.1,26.4,2.59,–,–,–,–,–,–,–,–,–,–,–,–,–,–,–,–,–,–,–,3.56,–,–,–,–,–,–,–,–,–,–,–,–,–,–,–,–,–,–,–,–,–,–,–,–,–,–,–,–,–,3100,–,–,–,–,24.3,–,47.3,–,–,17.9,42.1,–,–,–,–,–,–,–,–,–,–,–,–,–,–,10  3/8 ,10  1/8 ,  1/2 ,  1/4 ,  3/4 ,1.27,1  7/16,–,–,–,–,–,–,–,–,–,–,–,–,–,–,–,–,–,2.92,9.63,49.3,59.4
14th,–,W,W10X60,–,–,–,–,–,–,17.7,10.2,0.42,–,10.1,0.68,–,–, 13/16,60,7.41,18.7,–,–,–,341,74.6,66.7,4.39,–,–,116,35,23,2.57,–,–,–,–,–,–,–,–,–,–,–,–,–,–,–,–,–,–,–,2.48,–,–,–,–,–,–,–,–,–,–,–,–,–,–,–,–,–,–,–,–,–,–,–,–,–,–,–,–,–,2640,–,–,–,–,24,–,41.3,–,–,15.7,36.8,–,–,–,–,–,–,–,–,–,–,–,–,–,–,10  1/4 ,10  1/8 ,  7/16,  1/4 , 11/16,1.18,1  3/8 ,–,–,–,–,–,–,–,–,–,–,–,–,–,–,–,–,–,2.88,9.52,49,59.1
14th,–,W,W10X54,–,–,–,–,–,–,15.8,10.1,0.37,–,10,0.615,–,–, 13/16,54,8.15,21.2,–,–,–,303,66.6,60,4.37,–,–,103,31.3,20.6,2.56,–,–,–,–,–,–,–,–,–,–,–,–,–,–,–,–,–,–,–,1.82,–,–,–,–,–,–,–,–,–,–,–,–,–,–,–,–,–,–,–,–,–,–,–,–,–,–,–,–,–,2320,–,–,–,–,23.7,–,36.5,–,–,14,32.8,–,–,–,–,–,–,–,–,–,–,–,–,–,–,10  1/8 ,10,  3/8 ,  3/16,  5/8 ,1.12,1  5/16,–,–,–,–,–,–,–,–,–,–,–,–,–,–,–,–,–,2.85,9.49,48.6,58.6
14th,–,W,W10X49,–,–,–,–,–,–,14.4,10,0.34,–,10,0.56,–,–, 13/16,49,8.93,23.1,–,–,–,272,60.4,54.6,4.35,–,–,93.4,28.3,18.7,2.54,–,–,–,–,–,–,–,–,–,–,–,–,–,–,–,–,–,–,–,1.39,–,–,–,–,–,–,–,–,–,–,–,–,–,–,–,–,–,–,–,–,–,–,–,–,–,–,–,–,–,2070,–,–,–,–,23.6,–,33,–,–,12.8,29.8,–,–,–,–,–,–,–,–,–,–,–,–,–,–,10,10,  5/16,  3/16,  9/16,1.06,1  1/4 ,–,–,–,–,–,–,–,–,–,–,–,–,–,–,–,–,–,2.84,9.44,48.5,58.5
14th,–,W,W10X45,–,–,–,–,–,–,13.3,10.1,0.35,–,8.02,0.62,–,–, 13/16,45,6.47,22.5,–,–,–,248,54.9,49.1,4.32,–,–,53.4,20.3,13.3,2.01,–,–,–,–,–,–,–,–,–,–,–,–,–,–,–,–,–,–,–,1.51,–,–,–,–,–,–,–,–,–,–,–,–,–,–,–,–,–,–,–,–,–,–,–,–,–,–,–,–,–,1200,–,–,–,–,19,–,23.6,–,–,11.3,27,–,–,–,–,–,–,–,–,–,–,–,–,–,–,10  1/8 ,8,  3/8 ,  3/16,  5/8 ,1.12,1  5/16,–,–,–,–,–,–,–,–,–,–,–,–,–,–,–,–,–,2.27,9.48,42.7,50.7
14th,–,W,W10X39,–,–,–,–,–,–,11.5,9.92,0.315,–,7.99,0.53,–,–, 13/16,39,7.53,25,–,–,–,209,46.8,42.1,4.27,–,–,45,17.2,11.3,1.98,–,–,–,–,–,–,–,–,–,–,–,–,–,–,–,–,–,–,–,0.976,–,–,–,–,–,–,–,–,–,–,–,–,–,–,–,–,–,–,–,–,–,–,–,–,–,–,–,–,–,992,–,–,–,–,18.8,–,19.9,–,–,9.55,23,–,–,–,–,–,–,–,–,–,–,–,–,–,–,9  7/8 ,8,  5/16,  3/16,  1/2 ,1.03,1  3/16,–,–,–,–,–,–,–,–,–,–,–,–,–,–,–,–,–,2.24,9.39,42.3,50.3
14th,–,W,W10X33,–,–,–,–,–,–,9.71,9.73,0.29,–,7.96,0.435,–,–,  3/4 ,33,9.15,27.1,–,–,–,171,38.8,35,4.19,–,–,36.6,14,9.2,1.94,–,–,–,–,–,–,–,–,–,–,–,–,–,–,–,–,–,–,–,0.583,–,–,–,–,–,–,–,–,–,–,–,–,–,–,–,–,–,–,–,–,–,–,–,–,–,–,–,–,–,791,–,–,–,–,18.5,–,16,–,–,7.75,18.9,–,–,–,–,–,–,–,–,–,–,–,–,–,–,9  3/4 ,8,  5/16,  3/16,  7/16,0.935,1  1/8 ,–,–,–,–,–,–,–,–,–,–,–,–,–,–,–,–,–,2.2,9.3,41.9,49.9
14th,–,W,W10X30,–,–,–,–,–,–,8.84,10.5,0.3,–,5.81,0.51,–,–, 11/16,30,5.7,29.5,–,–,–,170,36.6,32.4,4.38,–,–,16.7,8.84,5.75,1.37,–,–,–,–,–,–,–,–,–,–,–,–,–,–,–,–,–,–,–,0.622,–,–,–,–,–,–,–,–,–,–,–,–,–,–,–,–,–,–,–,–,–,–,–,–,–,–,–,–,–,414,–,–,–,–,14.5,–,10.7,–,–,7.02,18.2,–,–,–,–,–,–,–,–,–,–,–,–,–,–,10  1/2 ,5  3/4 ,  5/16,  3/16,  1/2 ,0.81,1  1/8 ,–,–,–,–,–,–,–,–,–,–,–,–,–,–,–,–,–,1.6,9.99,37.3,43.1
14th,–,W,W10X26,–,–,–,–,–,–,7.61,10.3,0.26,–,5.77,0.44,–,–, 11/16,26,6.56,34,–,–,–,144,31.3,27.9,4.35,–,–,14.1,7.5,4.89,1.36,–,–,–,–,–,–,–,–,–,–,–,–,–,–,–,–,–,–,–,0.402,–,–,–,–,–,–,–,–,–,–,–,–,–,–,–,–,–,–,–,–,–,–,–,–,–,–,–,–,–,345,–,–,–,–,14.2,–,9.03,–,–,5.98,15.4,–,–,–,–,–,–,–,–,–,–,–,–,–,–,10  3/8 ,5  3/4 ,  1/4 ,  1/8 ,  7/16,0.74,1  1/16,–,–,–,–,–,–,–,–,–,–,–,–,–,–,–,–,–,1.58,9.86,36.8,42.6
14th,–,W,W10X22,–,–,–,–,–,–,6.49,10.2,0.24,–,5.75,0.36,–,–,  5/8 ,22,7.99,36.9,–,–,–,118,26,23.2,4.27,–,–,11.4,6.1,3.97,1.33,–,–,–,–,–,–,–,–,–,–,–,–,–,–,–,–,–,–,–,0.239,–,–,–,–,–,–,–,–,–,–,–,–,–,–,–,–,–,–,–,–,–,–,–,–,–,–,–,–,–,275,–,–,–,–,14.1,–,7.32,–,–,4.88,12.9,–,–,–,–,–,–,–,–,–,–,–,–,–,–,10  1/8 ,5  3/4 ,  1/4 ,  1/8 ,  3/8 ,0.66, 15/16,–,–,–,–,–,–,–,–,–,–,–,–,–,–,–,–,–,1.55,9.84,36.6,42.4
14th,–,W,W10X19,–,–,–,–,–,–,5.62,10.2,0.25,–,4.02,0.395,–,–,  5/8 ,19,5.09,35.4,–,–,–,96.3,21.6,18.8,4.14,–,–,4.29,3.35,2.14,0.874,–,–,–,–,–,–,–,–,–,–,–,–,–,–,–,–,–,–,–,0.233,–,–,–,–,–,–,–,–,–,–,–,–,–,–,–,–,–,–,–,–,–,–,–,–,–,–,–,–,–,104,–,–,–,–,9.85,–,3.91,–,–,3.65,10.6,–,–,–,–,–,–,–,–,–,–,–,–,–,–,10  1/4 ,4,  1/4 ,  1/8 ,  3/8 ,0.695, 15/16,–,–,–,–,–,–,–,–,–,–,–,–,–,–,–,–,–,1.06,9.81,31.5,35.5
14th,–,W,W10X17,–,–,–,–,–,–,4.99,10.1,0.24,–,4.01,0.33,–,–,  9/16,17,6.08,36.9,–,–,–,81.9,18.7,16.2,4.05,–,–,3.56,2.8,1.78,0.845,–,–,–,–,–,–,–,–,–,–,–,–,–,–,–,–,–,–,–,0.156,–,–,–,–,–,–,–,–,–,–,–,–,–,–,–,–,–,–,–,–,–,–,–,–,–,–,–,–,–,85.1,–,–,–,–,9.79,–,3.24,–,–,3.04,9.14,–,–,–,–,–,–,–,–,–,–,–,–,–,–,10  1/8 ,4,  1/4 ,  1/8 ,  5/16,0.63,  7/8 ,–,–,–,–,–,–,–,–,–,–,–,–,–,–,–,–,–,1.04,9.77,31.2,35.2
14th,–,W,W10X15,–,–,–,–,–,–,4.41,9.99,0.23,–,4,0.27,–,–,  9/16,15,7.41,38.5,–,–,–,68.9,16,13.8,3.95,–,–,2.89,2.3,1.45,0.81,–,–,–,–,–,–,–,–,–,–,–,–,–,–,–,–,–,–,–,0.104,–,–,–,–,–,–,–,–,–,–,–,–,–,–,–,–,–,–,–,–,–,–,–,–,–,–,–,–,–,68.3,–,–,–,–,9.73,–,2.63,–,–,2.48,7.83,–,–,–,–,–,–,–,–,–,–,–,–,–,–,10,4,  1/4 ,  1/8 ,  1/4 ,0.57, 13/16,–,–,–,–,–,–,–,–,–,–,–,–,–,–,–,–,–,1.01,9.72,31,35
14th,–,W,W10X12,–,–,–,–,–,–,3.54,9.87,0.19,–,3.96,0.21,–,–,  9/16,12,9.43,46.6,–,–,–,53.8,12.6,10.9,3.9,–,–,2.18,1.74,1.1,0.785,–,–,–,–,–,–,–,–,–,–,–,–,–,–,–,–,–,–,–,0.0547,–,–,–,–,–,–,–,–,–,–,–,–,–,–,–,–,–,–,–,–,–,–,–,–,–,–,–,–,–,50.9,–,–,–,–,9.56,–,1.99,–,–,1.91,6.14,–,–,–,–,–,–,–,–,–,–,–,–,–,–,9  7/8 ,4,  3/16,  1/8 ,  3/16,0.51,  3/4 ,–,–,–,–,–,–,–,–,–,–,–,–,–,–,–,–,–,0.983,9.66,30.7,34.7
14th,–,W,W8X67,–,–,–,–,–,–,19.7,9,0.57,–,8.28,0.935,–,–, 15/16,67,4.43,11.1,–,–,–,272,70.1,60.4,3.72,–,–,88.6,32.7,21.4,2.12,–,–,–,–,–,–,–,–,–,–,–,–,–,–,–,–,–,–,–,5.05,–,–,–,–,–,–,–,–,–,–,–,–,–,–,–,–,–,–,–,–,–,–,–,–,–,–,–,–,–,1440,–,–,–,–,16.7,–,32.3,–,–,14.5,34.8,–,–,–,–,–,–,–,–,–,–,–,–,–,–,9,8  1/4 ,  9/16,  5/16, 15/16,1.33,1  5/8 ,–,–,–,–,–,–,–,–,–,–,–,–,–,–,–,–,–,2.43,8.07,41,49.3
14th,–,W,W8X58,–,–,–,–,–,–,17.1,8.75,0.51,–,8.22,0.81,–,–,  7/8 ,58,5.07,12.4,–,–,–,228,59.8,52,3.65,–,–,75.1,27.9,18.3,2.1,–,–,–,–,–,–,–,–,–,–,–,–,–,–,–,–,–,–,–,3.33,–,–,–,–,–,–,–,–,–,–,–,–,–,–,–,–,–,–,–,–,–,–,–,–,–,–,–,–,–,1180,–,–,–,–,16.3,–,27.2,–,–,12.4,29.7,–,–,–,–,–,–,–,–,–,–,–,–,–,–,8  3/4 ,8  1/4 ,  1/2 ,  1/4 , 13/16,1.2,1  1/2 ,–,–,–,–,–,–,–,–,–,–,–,–,–,–,–,–,–,2.39,7.94,40.5,48.7
14th,–,W,W8X48,–,–,–,–,–,–,14.1,8.5,0.4,–,8.11,0.685,–,–, 13/16,48,5.92,15.9,–,–,–,184,49,43.2,3.61,–,–,60.9,22.9,15,2.08,–,–,–,–,–,–,–,–,–,–,–,–,–,–,–,–,–,–,–,1.96,–,–,–,–,–,–,–,–,–,–,–,–,–,–,–,–,–,–,–,–,–,–,–,–,–,–,–,–,–,931,–,–,–,–,15.8,–,22,–,–,10.3,24.2,–,–,–,–,–,–,–,–,–,–,–,–,–,–,8  1/2 ,8  1/8 ,  3/8 ,  3/16, 11/16,1.08,1  3/8 ,–,–,–,–,–,–,–,–,–,–,–,–,–,–,–,–,–,2.35,7.82,39.9,48
14th,–,W,W8X40,–,–,–,–,–,–,11.7,8.25,0.36,–,8.07,0.56,–,–, 13/16,40,7.21,17.6,–,–,–,146,39.8,35.5,3.53,–,–,49.1,18.5,12.2,2.04,–,–,–,–,–,–,–,–,–,–,–,–,–,–,–,–,–,–,–,1.12,–,–,–,–,–,–,–,–,–,–,–,–,–,–,–,–,–,–,–,–,–,–,–,–,–,–,–,–,–,726,–,–,–,–,15.5,–,17.5,–,–,8.3,19.7,–,–,–,–,–,–,–,–,–,–,–,–,–,–,8  1/4 ,8  1/8 ,  3/8 ,  3/16,  9/16,0.954,1  1/4 ,–,–,–,–,–,–,–,–,–,–,–,–,–,–,–,–,–,2.31,7.69,39.3,47.4
14th,–,W,W8X35,–,–,–,–,–,–,10.3,8.12,0.31,–,8.02,0.495,–,–, 13/16,35,8.1,20.5,–,–,–,127,34.7,31.2,3.51,–,–,42.6,16.1,10.6,2.03,–,–,–,–,–,–,–,–,–,–,–,–,–,–,–,–,–,–,–,0.769,–,–,–,–,–,–,–,–,–,–,–,–,–,–,–,–,–,–,–,–,–,–,–,–,–,–,–,–,–,619,–,–,–,–,15.3,–,15.2,–,–,7.28,17.1,–,–,–,–,–,–,–,–,–,–,–,–,–,–,8  1/8 ,8,  5/16,  3/16,  1/2 ,0.889,1  3/16,–,–,–,–,–,–,–,–,–,–,–,–,–,–,–,–,–,2.28,7.63,39,47
14th,–,W,W8X31,–,–,–,–,–,–,9.13,8,0.285,–,8,0.435,–,–,  3/4 ,31,9.19,22.3,–,–,–,110,30.4,27.5,3.47,–,–,37.1,14.1,9.27,2.02,–,–,–,–,–,–,–,–,–,–,–,–,–,–,–,–,–,–,–,0.536,–,–,–,–,–,–,–,–,–,–,–,–,–,–,–,–,–,–,–,–,–,–,–,–,–,–,–,–,–,530,–,–,–,–,15.1,–,13.2,–,–,6.35,15,–,–,–,–,–,–,–,–,–,–,–,–,–,–,8,8,  5/16,  3/16,  7/16,0.829,1  1/8 ,–,–,–,–,–,–,–,–,–,–,–,–,–,–,–,–,–,2.26,7.57,38.8,46.8
14th,–,W,W8X28,–,–,–,–,–,–,8.25,8.06,0.285,–,6.54,0.465,–,–,  5/8 ,28,7.03,22.3,–,–,–,98,27.2,24.3,3.45,–,–,21.7,10.1,6.63,1.62,–,–,–,–,–,–,–,–,–,–,–,–,–,–,–,–,–,–,–,0.537,–,–,–,–,–,–,–,–,–,–,–,–,–,–,–,–,–,–,–,–,–,–,–,–,–,–,–,–,–,312,–,–,–,–,12.4,–,9.44,–,–,5.52,13.4,–,–,–,–,–,–,–,–,–,–,–,–,–,–,8,6  1/2 ,  5/16,  3/16,  7/16,0.859, 15/16,–,–,–,–,–,–,–,–,–,–,–,–,–,–,–,–,–,1.84,7.6,34.5,41
14th,–,W,W8X24,–,–,–,–,–,–,7.08,7.93,0.245,–,6.5,0.4,–,–,  9/16,24,8.12,25.9,–,–,–,82.7,23.1,20.9,3.42,–,–,18.3,8.57,5.63,1.61,–,–,–,–,–,–,–,–,–,–,–,–,–,–,–,–,–,–,–,0.346,–,–,–,–,–,–,–,–,–,–,–,–,–,–,–,–,–,–,–,–,–,–,–,–,–,–,–,–,–,259,–,–,–,–,12.2,–,7.95,–,–,4.71,11.3,–,–,–,–,–,–,–,–,–,–,–,–,–,–,7  7/8 ,6  1/2 ,  1/4 ,  1/8 ,  3/8 ,0.794,  7/8 ,–,–,–,–,–,–,–,–,–,–,–,–,–,–,–,–,–,1.81,7.53,34.2,40.7
14th,–,W,W8X21,–,–,–,–,–,–,6.16,8.28,0.25,–,5.27,0.4,–,–,  9/16,21,6.59,27.5,–,–,–,75.3,20.4,18.2,3.49,–,–,9.77,5.69,3.71,1.26,–,–,–,–,–,–,–,–,–,–,–,–,–,–,–,–,–,–,–,0.282,–,–,–,–,–,–,–,–,–,–,–,–,–,–,–,–,–,–,–,–,–,–,–,–,–,–,–,–,–,152,–,–,–,–,10.4,–,5.47,–,–,3.96,10.1,–,–,–,–,–,–,–,–,–,–,–,–,–,–,8  1/4 ,5  1/4 ,  1/4 ,  1/8 ,  3/8 ,0.7,  7/8 ,–,–,–,–,–,–,–,–,–,–,–,–,–,–,–,–,–,1.46,7.88,31.3,36.6
14th,–,W,W8X18,–,–,–,–,–,–,5.26,8.14,0.23,–,5.25,0.33,–,–,  9/16,18,7.95,29.9,–,–,–,61.9,17,15.2,3.43,–,–,7.97,4.66,3.04,1.23,–,–,–,–,–,–,–,–,–,–,–,–,–,–,–,–,–,–,–,0.172,–,–,–,–,–,–,–,–,–,–,–,–,–,–,–,–,–,–,–,–,–,–,–,–,–,–,–,–,–,122,–,–,–,–,10.3,–,4.44,–,–,3.23,8.37,–,–,–,–,–,–,–,–,–,–,–,–,–,–,8  1/8 ,5  1/4 ,  1/4 ,  1/8 ,  5/16,0.63, 13/16,–,–,–,–,–,–,–,–,–,–,–,–,–,–,–,–,–,1.43,7.81,31,36.3
14th,–,W,W8X15,–,–,–,–,–,–,4.44,8.11,0.245,–,4.02,0.315,–,–,  9/16,15,6.37,28.1,–,–,–,48,13.6,11.8,3.29,–,–,3.41,2.67,1.7,0.876,–,–,–,–,–,–,–,–,–,–,–,–,–,–,–,–,–,–,–,0.137,–,–,–,–,–,–,–,–,–,–,–,–,–,–,–,–,–,–,–,–,–,–,–,–,–,–,–,–,–,51.8,–,–,–,–,7.81,–,2.47,–,–,2.31,6.64,–,–,–,–,–,–,–,–,–,–,–,–,–,–,8  1/8 ,4,  1/4 ,  1/8 ,  5/16,0.615, 13/16,–,–,–,–,–,–,–,–,–,–,–,–,–,–,–,–,–,1.06,7.8,27.3,31.3
14th,–,W,W8X13,–,–,–,–,–,–,3.84,7.99,0.23,–,4,0.255,–,–,  9/16,13,7.84,29.9,–,–,–,39.6,11.4,9.91,3.21,–,–,2.73,2.15,1.37,0.843,–,–,–,–,–,–,–,–,–,–,–,–,–,–,–,–,–,–,–,0.0871,–,–,–,–,–,–,–,–,–,–,–,–,–,–,–,–,–,–,–,–,–,–,–,–,–,–,–,–,–,40.8,–,–,–,–,7.74,–,1.97,–,–,1.86,5.55,–,–,–,–,–,–,–,–,–,–,–,–,–,–,8,4,  1/4 ,  1/8 ,  1/4 ,0.555,  3/4 ,–,–,–,–,–,–,–,–,–,–,–,–,–,–,–,–,–,1.03,7.74,27,31
14th,–,W,W8X10,–,–,–,–,–,–,2.96,7.89,0.17,–,3.94,0.205,–,–,  1/2 ,10,9.61,40.5,–,–,–,30.8,8.87,7.81,3.22,–,–,2.09,1.66,1.06,0.841,–,–,–,–,–,–,–,–,–,–,–,–,–,–,–,–,–,–,–,0.0426,–,–,–,–,–,–,–,–,–,–,–,–,–,–,–,–,–,–,–,–,–,–,–,–,–,–,–,–,–,30.9,–,–,–,–,7.57,–,1.53,–,–,1.48,4.29,–,–,–,–,–,–,–,–,–,–,–,–,–,–,7  7/8 ,4,  3/16,  1/8 ,  3/16,0.505, 11/16,–,–,–,–,–,–,–,–,–,–,–,–,–,–,–,–,–,1.01,7.69,26.8,30.7
14th,–,W,W6X25,–,–,–,–,–,–,7.34,6.38,0.32,–,6.08,0.455,–,–,  9/16,25,6.68,15.5,–,–,–,53.4,18.9,16.7,2.7,–,–,17.1,8.56,5.61,1.52,–,–,–,–,–,–,–,–,–,–,–,–,–,–,–,–,–,–,–,0.461,–,–,–,–,–,–,–,–,–,–,–,–,–,–,–,–,–,–,–,–,–,–,–,–,–,–,–,–,–,150,–,–,–,–,9.01,–,6.23,–,–,3.88,9.39,–,–,–,–,–,–,–,–,–,–,–,–,–,–,6  3/8 ,6  1/8 ,  5/16,  3/16,  7/16,0.705, 15/16,–,–,–,–,–,–,–,–,–,–,–,–,–,–,–,–,–,1.74,5.93,29.9,36
14th,–,W,W6X20,–,–,–,–,–,–,5.87,6.2,0.26,–,6.02,0.365,–,–,  9/16,20,8.25,19.1,–,–,–,41.4,15,13.4,2.66,–,–,13.3,6.72,4.41,1.5,–,–,–,–,–,–,–,–,–,–,–,–,–,–,–,–,–,–,–,0.24,–,–,–,–,–,–,–,–,–,–,–,–,–,–,–,–,–,–,–,–,–,–,–,–,–,–,–,–,–,113,–,–,–,–,8.78,–,4.82,–,–,3.07,7.38,–,–,–,–,–,–,–,–,–,–,–,–,–,–,6  1/4 ,6,  1/4 ,  1/8 ,  3/8 ,0.615,  7/8 ,–,–,–,–,–,–,–,–,–,–,–,–,–,–,–,–,–,1.7,5.84,29.5,35.5
14th,–,W,W6X15,–,–,–,–,–,–,4.43,5.99,0.23,–,5.99,0.26,–,–,  9/16,15,11.5,21.6,–,–,–,29.1,10.8,9.72,2.56,–,–,9.32,4.75,3.11,1.45,–,–,–,–,–,–,–,–,–,–,–,–,–,–,–,–,–,–,–,0.101,–,–,–,–,–,–,–,–,–,–,–,–,–,–,–,–,–,–,–,–,–,–,–,–,–,–,–,–,–,76.5,–,–,–,–,8.58,–,3.34,–,–,2.15,5.32,–,–,–,–,–,–,–,–,–,–,–,–,–,–,6,6,  1/4 ,  1/8 ,  1/4 ,0.51,  3/4 ,–,–,–,–,–,–,–,–,–,–,–,–,–,–,–,–,–,1.66,5.73,29.1,35.1
14th,–,W,W6X16,–,–,–,–,–,–,4.74,6.28,0.26,–,4.03,0.405,–,–,  9/16,16,4.98,19.1,–,–,–,32.1,11.7,10.2,2.6,–,–,4.43,3.39,2.2,0.967,–,–,–,–,–,–,–,–,–,–,–,–,–,–,–,–,–,–,–,0.223,–,–,–,–,–,–,–,–,–,–,–,–,–,–,–,–,–,–,–,–,–,–,–,–,–,–,–,–,–,38.2,–,–,–,–,5.92,–,2.42,–,–,2.24,5.77,–,–,–,–,–,–,–,–,–,–,–,–,–,–,6  1/4 ,4,  1/4 ,  1/8 ,  3/8 ,0.655,  7/8 ,–,–,–,–,–,–,–,–,–,–,–,–,–,–,–,–,–,1.13,5.88,23.7,27.7
14th,–,W,W6X12,–,–,–,–,–,–,3.55,6.03,0.23,–,4,0.28,–,–,  9/16,12,7.14,21.6,–,–,–,22.1,8.3,7.31,2.49,–,–,2.99,2.32,1.5,0.918,–,–,–,–,–,–,–,–,–,–,–,–,–,–,–,–,–,–,–,0.0903,–,–,–,–,–,–,–,–,–,–,–,–,–,–,–,–,–,–,–,–,–,–,–,–,–,–,–,–,–,24.7,–,–,–,–,5.75,–,1.61,–,–,1.52,4.08,–,–,–,–,–,–,–,–,–,–,–,–,–,–,6,4,  1/4 ,  1/8 ,  1/4 ,0.53,  3/4 ,–,–,–,–,–,–,–,–,–,–,–,–,–,–,–,–,–,1.08,5.75,23.2,27.2
14th,–,W,W6X9,–,–,–,–,–,–,2.68,5.9,0.17,–,3.94,0.215,–,–,  1/2 ,9,9.16,29.2,–,–,–,16.4,6.23,5.56,2.47,–,–,2.2,1.72,1.11,0.905,–,–,–,–,–,–,–,–,–,–,–,–,–,–,–,–,–,–,–,0.0405,–,–,–,–,–,–,–,–,–,–,–,–,–,–,–,–,–,–,–,–,–,–,–,–,–,–,–,–,–,17.7,–,–,–,–,5.6,–,1.19,–,–,1.15,3.04,–,–,–,–,–,–,–,–,–,–,–,–,–,–,5  7/8 ,4,  3/16,  1/8 ,  3/16,0.465, 11/16,–,–,–,–,–,–,–,–,–,–,–,–,–,–,–,–,–,1.06,5.69,22.9,26.8
14th,–,W,W6X8.5,–,–,–,–,–,–,2.52,5.83,0.17,–,3.94,0.195,–,–,  1/2 ,8.5,10.1,29.1,–,–,–,14.9,5.73,5.1,2.43,–,–,1.99,1.56,1.01,0.89,–,–,–,–,–,–,–,–,–,–,–,–,–,–,–,–,–,–,–,0.0333,–,–,–,–,–,–,–,–,–,–,–,–,–,–,–,–,–,–,–,–,–,–,–,–,–,–,–,–,–,15.8,–,–,–,–,5.55,–,1.06,–,–,1.03,2.78,–,–,–,–,–,–,–,–,–,–,–,–,–,–,5  7/8 ,4,  3/16,  1/8 ,  3/16,0.445, 11/16,–,–,–,–,–,–,–,–,–,–,–,–,–,–,–,–,–,1.05,5.64,22.8,26.7
14th,–,W,W5X19,–,–,–,–,–,–,5.56,5.15,0.27,–,5.03,0.43,–,–,  7/16,19,5.85,13.7,–,–,–,26.3,11.6,10.2,2.17,–,–,9.13,5.53,3.63,1.28,–,–,–,–,–,–,–,–,–,–,–,–,–,–,–,–,–,–,–,0.316,–,–,–,–,–,–,–,–,–,–,–,–,–,–,–,–,–,–,–,–,–,–,–,–,–,–,–,–,–,50.9,–,–,–,–,5.94,–,3.21,–,–,2.42,5.73,–,–,–,–,–,–,–,–,–,–,–,–,–,–,5  1/8 ,5,  1/4 ,  1/8 ,  7/16,0.73, 13/16,–,–,–,–,–,–,–,–,–,–,–,–,–,–,–,–,–,1.45,4.72,24.4,29.4
14th,–,W,W5X16,–,–,–,–,–,–,4.71,5.01,0.24,–,5,0.36,–,–,  7/16,16,6.94,15.4,–,–,–,21.4,9.63,8.55,2.13,–,–,7.51,4.58,3,1.26,–,–,–,–,–,–,–,–,–,–,–,–,–,–,–,–,–,–,–,0.192,–,–,–,–,–,–,–,–,–,–,–,–,–,–,–,–,–,–,–,–,–,–,–,–,–,–,–,–,–,40.6,–,–,–,–,5.81,–,2.62,–,–,1.99,4.74,–,–,–,–,–,–,–,–,–,–,–,–,–,–,5,5,  1/4 ,  1/8 ,  3/8 ,0.66,  3/4 ,–,–,–,–,–,–,–,–,–,–,–,–,–,–,–,–,–,1.43,4.65,24,29
14th,–,W,W4X13,–,–,–,–,–,–,3.83,4.16,0.28,–,4.06,0.345,–,–,  1/2 ,13,5.88,10.6,–,–,–,11.3,6.28,5.46,1.72,–,–,3.86,2.92,1.9,1,–,–,–,–,–,–,–,–,–,–,–,–,–,–,–,–,–,–,–,0.151,–,–,–,–,–,–,–,–,–,–,–,–,–,–,–,–,–,–,–,–,–,–,–,–,–,–,–,–,–,14,–,–,–,–,3.87,–,1.36,–,–,1.24,3.09,–,–,–,–,–,–,–,–,–,–,–,–,–,–,4  1/8 ,4,  1/4 ,  1/8 ,  3/8 ,0.595,  3/4 ,–,–,–,–,–,–,–,–,–,–,–,–,–,–,–,–,–,1.16,3.82,19.5,23.6
14th,–,M,M12.5X12.4,–,–,–,–,–,–,3.63,12.5,0.155,–,3.75,0.228,–,–,  3/8 ,12.4,8.22,74.8,–,–,–,89.3,16.5,14.2,4.96,–,–,2.01,1.68,1.07,0.744,–,–,–,–,–,–,–,–,–,–,–,–,–,–,–,–,–,–,–,0.0493,–,–,–,–,–,–,–,–,–,–,–,–,–,–,–,–,–,–,–,–,–,–,–,–,–,–,–,–,–,76,–,–,–,–,11.5,–,2.46,–,–,2.51,8.06,–,–,–,–,–,–,–,–,–,–,–,–,–,–,12  1/2 ,3  3/4 ,  1/8 ,  1/16,  1/4 ,0.563,  9/16,–,–,–,–,–,–,–,–,–,–,–,–,–,–,–,–,–,0.933,12.3,–,–
14th,–,M,M12.5X11.6,–,–,–,–,–,–,3.4,12.5,0.155,–,3.5,0.211,–,–,  3/8 ,11.6,8.29,74.8,–,–,–,80.3,15,12.8,4.86,–,–,1.51,1.37,0.864,0.667,–,–,–,–,–,–,–,–,–,–,–,–,–,–,–,–,–,–,–,0.0414,–,–,–,–,–,–,–,–,–,–,–,–,–,–,–,–,–,–,–,–,–,–,–,–,–,–,–,–,–,57.1,–,–,–,–,10.8,–,1.99,–,–,2.17,7.36,–,–,–,–,–,–,–,–,–,–,–,–,–,–,12  1/2 ,3  1/2 ,  1/8 ,  1/16,  3/16,0.563,  9/16,–,–,–,–,–,–,–,–,–,–,–,–,–,–,–,–,–,0.852,12.3,–,–
14th,–,M,M12X11.8,–,–,–,–,–,–,3.47,12,0.177,–,3.07,0.225,–,–,  3/8 ,11.8,6.81,62.5,–,–,–,72.2,14.3,12,4.56,–,–,1.09,1.15,0.709,0.559,–,–,–,–,–,–,–,–,–,–,–,–,–,–,–,–,–,–,–,0.05,–,–,–,–,–,–,–,–,–,–,–,–,–,–,–,–,–,–,–,–,–,–,–,–,–,–,–,–,–,37.7,–,–,–,–,9.04,–,1.56,–,–,1.92,7.02,–,–,–,–,–,–,–,–,–,–,–,–,–,–,12,3  1/8 ,  3/16,  1/8 ,  1/4 ,0.563,  9/16,–,–,–,–,–,–,–,–,–,–,–,–,–,–,–,–,–,0.731,11.8,–,–
14th,–,M,M12X10.8,–,–,–,–,–,–,3.18,12,0.16,–,3.07,0.21,–,–,  3/8 ,10.8,7.3,69.2,–,–,–,66.7,13.2,11.1,4.58,–,–,1.01,1.07,0.661,0.564,–,–,–,–,–,–,–,–,–,–,–,–,–,–,–,–,–,–,–,0.0393,–,–,–,–,–,–,–,–,–,–,–,–,–,–,–,–,–,–,–,–,–,–,–,–,–,–,–,–,–,35,–,–,–,–,9.05,–,1.46,–,–,1.8,6.48,–,–,–,–,–,–,–,–,–,–,–,–,–,–,12,3  1/8 ,  3/16,  1/8 ,  3/16,0.563,  9/16,–,–,–,–,–,–,–,–,–,–,–,–,–,–,–,–,–,0.732,11.8,–,–
14th,–,M,M12X10,–,–,–,–,–,–,2.95,12,0.149,–,3.25,0.18,–,–,  3/8 ,10,9.03,74.7,–,–,–,61.7,12.2,10.3,4.57,–,–,1.03,1.02,0.636,0.592,–,–,–,–,–,–,–,–,–,–,–,–,–,–,–,–,–,–,–,0.0292,–,–,–,–,–,–,–,–,–,–,–,–,–,–,–,–,–,–,–,–,–,–,–,–,–,–,–,–,–,35.9,–,–,–,–,9.6,–,1.4,–,–,1.65,5.98,–,–,–,–,–,–,–,–,–,–,–,–,–,–,12,3  1/4 ,  1/8 ,  1/16,  3/16,0.5,  1/2 ,–,–,–,–,–,–,–,–,–,–,–,–,–,–,–,–,–,0.768,11.8,–,–
14th,–,M,M10X9,–,–,–,–,–,–,2.65,10,0.157,–,2.69,0.206,–,–,  3/8 ,9,6.53,58.4,–,–,–,39,9.22,7.79,3.83,–,–,0.672,0.809,0.5,0.503,–,–,–,–,–,–,–,–,–,–,–,–,–,–,–,–,–,–,–,0.0314,–,–,–,–,–,–,–,–,–,–,–,–,–,–,–,–,–,–,–,–,–,–,–,–,–,–,–,–,–,16.1,–,–,–,–,6.59,–,0.91,–,–,1.28,4.52,–,–,–,–,–,–,–,–,–,–,–,–,–,–,10,2  3/4 ,  3/16,  1/8 ,  3/16,0.563,  9/16,–,–,–,–,–,–,–,–,–,–,–,–,–,–,–,–,–,0.65,9.79,–,–
14th,–,M,M10X8,–,–,–,–,–,–,2.37,9.95,0.141,–,2.69,0.182,–,–,  3/8 ,8,7.39,65,–,–,–,34.6,8.2,6.95,3.82,–,–,0.593,0.711,0.441,0.5,–,–,–,–,–,–,–,–,–,–,–,–,–,–,–,–,–,–,–,0.0224,–,–,–,–,–,–,–,–,–,–,–,–,–,–,–,–,–,–,–,–,–,–,–,–,–,–,–,–,–,14.2,–,–,–,–,6.57,–,0.8,–,–,1.13,4.01,–,–,–,–,–,–,–,–,–,–,–,–,–,–,10,2  3/4 ,  1/8 ,  1/16,  3/16,0.563,  9/16,–,–,–,–,–,–,–,–,–,–,–,–,–,–,–,–,–,0.646,9.77,–,–
14th,–,M,M10X7.5,–,–,–,–,–,–,2.22,9.99,0.13,–,2.69,0.173,–,–,  5/16,7.5,7.77,71,–,–,–,33,7.77,6.6,3.85,–,–,0.562,0.67,0.418,0.503,–,–,–,–,–,–,–,–,–,–,–,–,–,–,–,–,–,–,–,0.0187,–,–,–,–,–,–,–,–,–,–,–,–,–,–,–,–,–,–,–,–,–,–,–,–,–,–,–,–,–,13.5,–,–,–,–,6.6,–,0.77,–,–,1.09,3.8,–,–,–,–,–,–,–,–,–,–,–,–,–,–,10,2  3/4 ,  1/8 ,  1/16,  3/16,0.438,  7/16,–,–,–,–,–,–,–,–,–,–,–,–,–,–,–,–,–,0.646,9.82,–,–
14th,–,M,M8X6.5,–,–,–,–,–,–,1.92,8,0.135,–,2.28,0.189,–,–,  3/8 ,6.5,6.03,53.8,–,–,–,18.5,5.43,4.63,3.11,–,–,0.376,0.529,0.329,0.443,–,–,–,–,–,–,–,–,–,–,–,–,–,–,–,–,–,–,–,0.0184,–,–,–,–,–,–,–,–,–,–,–,–,–,–,–,–,–,–,–,–,–,–,–,–,–,–,–,–,–,5.73,–,–,–,–,4.45,–,0.48,–,–,0.79,2.66,–,–,–,–,–,–,–,–,–,–,–,–,–,–,8,2  1/4 ,  1/8 ,  1/16,  3/16,0.563,  9/16,–,–,–,–,–,–,–,–,–,–,–,–,–,–,–,–,–,0.563,7.81,–,–
14th,–,M,M8X6.2,–,–,–,–,–,–,1.82,8,0.129,–,2.28,0.177,–,–,  1/4 ,6.2,6.44,56.5,–,–,–,17.6,5.15,4.39,3.1,–,–,0.352,0.495,0.308,0.439,–,–,–,–,–,–,–,–,–,–,–,–,–,–,–,–,–,–,–,0.0156,–,–,–,–,–,–,–,–,–,–,–,–,–,–,–,–,–,–,–,–,–,–,–,–,–,–,–,–,–,5.38,–,–,–,–,4.46,–,0.45,–,–,0.74,2.52,–,–,–,–,–,–,–,–,–,–,–,–,–,–,8,2  1/4 ,  1/8 ,  1/16,  3/16,0.438,  7/16,–,–,–,–,–,–,–,–,–,–,–,–,–,–,–,–,–,0.56,7.82,–,–
14th,–,M,M6X4.4,–,–,–,–,–,–,1.29,6,0.114,–,1.84,0.171,–,–,  1/4 ,4.4,5.39,47,–,–,–,7.23,2.8,2.41,2.36,–,–,0.18,0.311,0.195,0.372,–,–,–,–,–,–,–,–,–,–,–,–,–,–,–,–,–,–,–,0.0099,–,–,–,–,–,–,–,–,–,–,–,–,–,–,–,–,–,–,–,–,–,–,–,–,–,–,–,–,–,1.53,–,–,–,–,2.68,–,0.21,–,–,0.43,1.37,–,–,–,–,–,–,–,–,–,–,–,–,–,–,6,1  7/8 ,  1/8 ,  1/16,  3/16,0.375,  3/8 ,–,–,–,–,–,–,–,–,–,–,–,–,–,–,–,–,–,0.467,5.83,–,–
14th,–,M,M6X3.7,–,–,–,–,–,–,1.09,5.92,0.098,–,2,0.129,–,–,  1/4 ,3.7,7.75,54.7,–,–,–,5.96,2.33,2.01,2.34,–,–,0.173,0.273,0.173,0.398,–,–,–,–,–,–,–,–,–,–,–,–,–,–,–,–,–,–,–,0.0053,–,–,–,–,–,–,–,–,–,–,–,–,–,–,–,–,–,–,–,–,–,–,–,–,–,–,–,–,–,1.45,–,–,–,–,2.9,–,0.19,–,–,0.36,1.14,–,–,–,–,–,–,–,–,–,–,–,–,–,–,5  7/8 ,2,  1/8 ,  1/16,  1/8 ,0.313,  5/16,–,–,–,–,–,–,–,–,–,–,–,–,–,–,–,–,–,0.499,5.79,–,–
14th,–,M,M5X18.9,–,–,–,–,–,–,5.56,5,0.316,–,5,0.416,–,–,  1/2 ,18.9,6.01,11.2,–,–,–,24.2,11.1,9.67,2.08,–,–,8.7,5.33,3.48,1.25,–,–,–,–,–,–,–,–,–,–,–,–,–,–,–,–,–,–,–,0.313,–,–,–,–,–,–,–,–,–,–,–,–,–,–,–,–,–,–,–,–,–,–,–,–,–,–,–,–,–,45.7,–,–,–,–,5.73,–,2.98,–,–,2.23,5.45,–,–,–,–,–,–,–,–,–,–,–,–,–,–,5,5,  5/16,  3/16,  7/16,0.813, 13/16,–,–,–,–,–,–,–,–,–,–,–,–,–,–,–,–,–,1.44,4.58,–,–
14th,–,M,M4X6,–,–,–,–,–,–,1.75,3.8,0.13,–,3.8,0.16,–,–,  3/8 ,6,11.9,22,–,–,–,4.72,2.74,2.48,1.64,–,–,1.47,1.18,0.771,0.915,–,–,–,–,–,–,–,–,–,–,–,–,–,–,–,–,–,–,–,0.0184,–,–,–,–,–,–,–,–,–,–,–,–,–,–,–,–,–,–,–,–,–,–,–,–,–,–,–,–,–,4.87,–,–,–,–,3.46,–,0.53,–,–,0.53,1.3,–,–,–,–,–,–,–,–,–,–,–,–,–,–,3  3/4 ,3  3/4 ,  1/8 ,  1/16,  3/16,0.5,  1/2 ,–,–,–,–,–,–,–,–,–,–,–,–,–,–,–,–,–,1.04,3.64,–,–
14th,–,M,M4X4.08,–,–,–,–,–,–,1.27,4,0.115,–,2.25,0.17,–,–,  3/8 ,4.08,6.62,26.4,–,–,–,3.53,2,1.77,1.67,–,–,0.325,0.453,0.289,0.506,–,–,–,–,–,–,–,–,–,–,–,–,–,–,–,–,–,–,–,0.0147,–,–,–,–,–,–,–,–,–,–,–,–,–,–,–,–,–,–,–,–,–,–,–,–,–,–,–,–,–,1.19,–,–,–,–,2.15,–,0.21,–,–,0.35,0.93,–,–,–,–,–,–,–,–,–,–,–,–,–,–,4,2  1/4 ,  1/8 ,  1/16,  3/16,0.563,  9/16,–,–,–,–,–,–,–,–,–,–,–,–,–,–,–,–,–,0.593,3.83,–,–
14th,–,M,M4X3.45,–,–,–,–,–,–,1.01,4,0.092,–,2.25,0.13,–,–,  3/8 ,3.45,8.65,33.9,–,–,–,2.86,1.6,1.43,1.68,–,–,0.248,0.346,0.221,0.496,–,–,–,–,–,–,–,–,–,–,–,–,–,–,–,–,–,–,–,0.0082,–,–,–,–,–,–,–,–,–,–,–,–,–,–,–,–,–,–,–,–,–,–,–,–,–,–,–,–,–,0.93,–,–,–,–,2.18,–,0.16,–,–,0.27,0.73,–,–,–,–,–,–,–,–,–,–,–,–,–,–,4,2  1/4 ,  1/16,  1/16,  1/8 ,0.5,  1/2 ,–,–,–,–,–,–,–,–,–,–,–,–,–,–,–,–,–,0.58,3.87,–,–
14th,–,M,M4X3.2,–,–,–,–,–,–,1.01,4,0.092,–,2.25,0.13,–,–,  3/8 ,3.2,8.65,33.9,–,–,–,2.86,1.6,1.43,1.68,–,–,0.248,0.346,0.221,0.496,–,–,–,–,–,–,–,–,–,–,–,–,–,–,–,–,–,–,–,0.0082,–,–,–,–,–,–,–,–,–,–,–,–,–,–,–,–,–,–,–,–,–,–,–,–,–,–,–,–,–,0.93,–,–,–,–,2.18,–,0.16,–,–,0.27,0.73,–,–,–,–,–,–,–,–,–,–,–,–,–,–,4,2  1/4 ,  1/16,  1/16,  1/8 ,0.5,  1/2 ,–,–,–,–,–,–,–,–,–,–,–,–,–,–,–,–,–,0.58,3.87,–,–
14th,–,M,M3X2.9,–,–,–,–,–,–,0.914,3,0.09,–,2.25,0.13,–,–,  3/8 ,2.9,8.65,23.6,–,–,–,1.5,1.12,1,1.28,–,–,0.248,0.344,0.221,0.521,–,–,–,–,–,–,–,–,–,–,–,–,–,–,–,–,–,–,–,0.0079,–,–,–,–,–,–,–,–,–,–,–,–,–,–,–,–,–,–,–,–,–,–,–,–,–,–,–,–,–,0.511,–,–,–,–,1.61,–,0.12,–,–,0.2,0.5,–,–,–,–,–,–,–,–,–,–,–,–,–,–,3,2  1/4 ,  1/16,  1/16,  1/8 ,0.5,  1/2 ,–,–,–,–,–,–,–,–,–,–,–,–,–,–,–,–,–,0.597,2.87,–,–
14th,–,S,S24X121,–,–,–,–,–,–,35.5,24.5,0.8,–,8.05,1.09,–,–,–,121,3.69,25.9,–,–,–,3160,306,258,9.43,–,–,83,36.3,20.6,1.53,–,–,–,–,–,–,–,–,–,–,–,–,–,–,–,–,–,–,–,12.8,–,–,–,–,–,–,–,–,–,–,–,–,–,–,–,–,–,–,–,–,–,–,–,–,–,–,–,–,–,11400,–,–,–,–,47.1,–,103,–,–,46.2,153,–,–,–,–,–,–,–,–,–,–,–,–,–,–,24  1/2 ,8, 13/16,  7/16,1  1/16,2,2,–,–,–,–,–,–,–,–,–,–,–,–,–,–,–,–,–,1.94,23.4,–,–
14th,–,S,S24X106,–,–,–,–,–,–,31.1,24.5,0.62,–,7.87,1.09,–,–,–,106,3.61,33.4,–,–,–,2940,279,240,9.71,–,–,76.8,33.4,19.5,1.57,–,–,–,–,–,–,–,–,–,–,–,–,–,–,–,–,–,–,–,10.1,–,–,–,–,–,–,–,–,–,–,–,–,–,–,–,–,–,–,–,–,–,–,–,–,–,–,–,–,–,10500,–,–,–,–,46.1,–,98.8,–,–,46.2,139,–,–,–,–,–,–,–,–,–,–,–,–,–,–,24  1/2 ,7  7/8 ,  5/8 ,  5/16,1  1/16,2,2,–,–,–,–,–,–,–,–,–,–,–,–,–,–,–,–,–,1.93,23.4,–,–
14th,–,S,S24X100,–,–,–,–,–,–,29.3,24,0.745,–,7.25,0.87,–,–,–,100,4.16,27.8,–,–,–,2380,239,199,9.01,–,–,47.4,24,13.1,1.27,–,–,–,–,–,–,–,–,–,–,–,–,–,–,–,–,–,–,–,7.59,–,–,–,–,–,–,–,–,–,–,–,–,–,–,–,–,–,–,–,–,–,–,–,–,–,–,–,–,–,6350,–,–,–,–,41.9,–,66,–,–,32.7,119,–,–,–,–,–,–,–,–,–,–,–,–,–,–,24,7  1/4 ,  3/4 ,  3/8 ,  7/8 ,1.75,1  3/4 ,–,–,–,–,–,–,–,–,–,–,–,–,–,–,–,–,–,1.66,23.1,–,–
14th,–,S,S24X90,–,–,–,–,–,–,26.5,24,0.625,–,7.13,0.87,–,–,–,90,4.09,33.1,–,–,–,2250,222,187,9.21,–,–,44.7,22.4,12.5,1.3,–,–,–,–,–,–,–,–,–,–,–,–,–,–,–,–,–,–,–,6.05,–,–,–,–,–,–,–,–,–,–,–,–,–,–,–,–,–,–,–,–,–,–,–,–,–,–,–,–,–,5980,–,–,–,–,41.2,–,63.8,–,–,32.7,110,–,–,–,–,–,–,–,–,–,–,–,–,–,–,24,7  1/8 ,  5/8 ,  5/16,  7/8 ,1.75,1  3/4 ,–,–,–,–,–,–,–,–,–,–,–,–,–,–,–,–,–,1.66,23.1,–,–
14th,–,S,S24X80,–,–,–,–,–,–,23.5,24,0.5,–,7,0.87,–,–,–,80,4.02,41.4,–,–,–,2100,204,175,9.47,–,–,42,20.8,12,1.34,–,–,–,–,–,–,–,–,–,–,–,–,–,–,–,–,–,–,–,4.89,–,–,–,–,–,–,–,–,–,–,–,–,–,–,–,–,–,–,–,–,–,–,–,–,–,–,–,–,–,5620,–,–,–,–,40.5,–,61.6,–,–,32.7,101,–,–,–,–,–,–,–,–,–,–,–,–,–,–,24,7,  1/2 ,  1/4 ,  7/8 ,1.75,1  3/4 ,–,–,–,–,–,–,–,–,–,–,–,–,–,–,–,–,–,1.67,23.1,–,–
14th,–,S,S20X96,–,–,–,–,–,–,28.2,20.3,0.8,–,7.2,0.92,–,–,–,96,3.91,21.1,–,–,–,1670,198,165,7.71,–,–,49.9,24.9,13.9,1.33,–,–,–,–,–,–,–,–,–,–,–,–,–,–,–,–,–,–,–,8.4,–,–,–,–,–,–,–,–,–,–,–,–,–,–,–,–,–,–,–,–,–,–,–,–,–,–,–,–,–,4690,–,–,–,–,34.9,–,57.8,–,–,28.5,98.3,–,–,–,–,–,–,–,–,–,–,–,–,–,–,20  1/4 ,7  1/4 , 13/16,  7/16, 15/16,1.75,1  3/4 ,–,–,–,–,–,–,–,–,–,–,–,–,–,–,–,–,–,1.71,19.4,–,–
14th,–,S,S20X86,–,–,–,–,–,–,25.3,20.3,0.66,–,7.06,0.92,–,–,–,86,3.84,25.6,–,–,–,1570,183,155,7.89,–,–,46.6,23.1,13.2,1.36,–,–,–,–,–,–,–,–,–,–,–,–,–,–,–,–,–,–,–,6.65,–,–,–,–,–,–,–,–,–,–,–,–,–,–,–,–,–,–,–,–,–,–,–,–,–,–,–,–,–,4370,–,–,–,–,34.2,–,55.5,–,–,28.5,91.1,–,–,–,–,–,–,–,–,–,–,–,–,–,–,20  1/4 ,7, 11/16,  3/8 , 15/16,1.75,1  3/4 ,–,–,–,–,–,–,–,–,–,–,–,–,–,–,–,–,–,1.71,19.4,–,–
14th,–,S,S20X75,–,–,–,–,–,–,22,20,0.635,–,6.39,0.795,–,–,–,75,4.02,26.6,–,–,–,1280,152,128,7.62,–,–,29.5,16.7,9.25,1.16,–,–,–,–,–,–,–,–,–,–,–,–,–,–,–,–,–,–,–,4.59,–,–,–,–,–,–,–,–,–,–,–,–,–,–,–,–,–,–,–,–,–,–,–,–,–,–,–,–,–,2720,–,–,–,–,30.7,–,38.9,–,–,21.9,75.6,–,–,–,–,–,–,–,–,–,–,–,–,–,–,20,6  3/8 ,  5/8 ,  5/16, 13/16,1.63,1  5/8 ,–,–,–,–,–,–,–,–,–,–,–,–,–,–,–,–,–,1.49,19.2,–,–
14th,–,S,S20X66,–,–,–,–,–,–,19.4,20,0.505,–,6.26,0.795,–,–,–,66,3.93,33.5,–,–,–,1190,139,119,7.83,–,–,27.5,15.4,8.78,1.19,–,–,–,–,–,–,–,–,–,–,–,–,–,–,–,–,–,–,–,3.58,–,–,–,–,–,–,–,–,–,–,–,–,–,–,–,–,–,–,–,–,–,–,–,–,–,–,–,–,–,2530,–,–,–,–,30,–,37.3,–,–,21.9,69.1,–,–,–,–,–,–,–,–,–,–,–,–,–,–,20,6  1/4 ,  1/2 ,  1/4 , 13/16,1.63,1  5/8 ,–,–,–,–,–,–,–,–,–,–,–,–,–,–,–,–,–,1.49,19.2,–,–
14th,–,S,S18X70,–,–,–,–,–,–,20.5,18,0.711,–,6.25,0.691,–,–,–,70,4.52,21.5,–,–,–,923,124,103,6.7,–,–,24,14.3,7.69,1.08,–,–,–,–,–,–,–,–,–,–,–,–,–,–,–,–,–,–,–,4.1,–,–,–,–,–,–,–,–,–,–,–,–,–,–,–,–,–,–,–,–,–,–,–,–,–,–,–,–,–,1800,–,–,–,–,27,–,29.2,–,–,16.6,61.9,–,–,–,–,–,–,–,–,–,–,–,–,–,–,18,6  1/4 , 11/16,  3/8 , 11/16,1.5,1  1/2 ,–,–,–,–,–,–,–,–,–,–,–,–,–,–,–,–,–,1.42,17.3,–,–
14th,–,S,S18X54.7,–,–,–,–,–,–,16,18,0.461,–,6,0.691,–,–,–,54.7,4.34,33.2,–,–,–,801,104,89,7.07,–,–,20.7,12.1,6.91,1.14,–,–,–,–,–,–,–,–,–,–,–,–,–,–,–,–,–,–,–,2.33,–,–,–,–,–,–,–,–,–,–,–,–,–,–,–,–,–,–,–,–,–,–,–,–,–,–,–,–,–,1550,–,–,–,–,26,–,26.9,–,–,16.6,51.8,–,–,–,–,–,–,–,–,–,–,–,–,–,–,18,6,  7/16,  1/4 , 11/16,1.5,1  1/2 ,–,–,–,–,–,–,–,–,–,–,–,–,–,–,–,–,–,1.42,17.3,–,–
14th,–,S,S15X50,–,–,–,–,–,–,14.7,15,0.55,–,5.64,0.622,–,–,–,50,4.53,22.7,–,–,–,485,77,64.7,5.75,–,–,15.6,10,5.53,1.03,–,–,–,–,–,–,–,–,–,–,–,–,–,–,–,–,–,–,–,2.12,–,–,–,–,–,–,–,–,–,–,–,–,–,–,–,–,–,–,–,–,–,–,–,–,–,–,–,–,–,805,–,–,–,–,20.3,–,17.8,–,–,11.4,38.2,–,–,–,–,–,–,–,–,–,–,–,–,–,–,15,5  5/8 ,  9/16,  5/16,  5/8 ,1.38,1  3/8 ,–,–,–,–,–,–,–,–,–,–,–,–,–,–,–,–,–,1.32,14.4,–,–
14th,–,S,S15X42.9,–,–,–,–,–,–,12.6,15,0.411,–,5.5,0.622,–,–,–,42.9,4.42,30.4,–,–,–,446,69.2,59.4,5.95,–,–,14.3,9.08,5.19,1.06,–,–,–,–,–,–,–,–,–,–,–,–,–,–,–,–,–,–,–,1.54,–,–,–,–,–,–,–,–,–,–,–,–,–,–,–,–,–,–,–,–,–,–,–,–,–,–,–,–,–,737,–,–,–,–,19.8,–,16.9,–,–,11.4,34.3,–,–,–,–,–,–,–,–,–,–,–,–,–,–,15,5  1/2 ,  7/16,  1/4 ,  5/8 ,1.38,1  3/8 ,–,–,–,–,–,–,–,–,–,–,–,–,–,–,–,–,–,1.31,14.4,–,–
14th,–,S,S12X50,–,–,–,–,–,–,14.7,12,0.687,–,5.48,0.659,–,–,–,50,4.16,13.7,–,–,–,303,60.9,50.6,4.55,–,–,15.6,10.3,5.69,1.03,–,–,–,–,–,–,–,–,–,–,–,–,–,–,–,–,–,–,–,2.77,–,–,–,–,–,–,–,–,–,–,–,–,–,–,–,–,–,–,–,–,–,–,–,–,–,–,–,–,–,501,–,–,–,–,15.5,–,14,–,–,8.95,30.3,–,–,–,–,–,–,–,–,–,–,–,–,–,–,12,5  1/2 , 11/16,  3/8 , 11/16,1.44,1  7/16,–,–,–,–,–,–,–,–,–,–,–,–,–,–,–,–,–,1.32,11.3,–,–
14th,–,S,S12X40.8,–,–,–,–,–,–,11.9,12,0.462,–,5.25,0.659,–,–,–,40.8,3.98,20.6,–,–,–,270,52.7,45.1,4.76,–,–,13.5,8.86,5.13,1.06,–,–,–,–,–,–,–,–,–,–,–,–,–,–,–,–,–,–,–,1.69,–,–,–,–,–,–,–,–,–,–,–,–,–,–,–,–,–,–,–,–,–,–,–,–,–,–,–,–,–,433,–,–,–,–,14.9,–,12.9,–,–,8.95,26.2,–,–,–,–,–,–,–,–,–,–,–,–,–,–,12,5  1/4 ,  7/16,  1/4 , 11/16,1.44,1  7/16,–,–,–,–,–,–,–,–,–,–,–,–,–,–,–,–,–,1.3,11.3,–,–
14th,–,S,S12X35,–,–,–,–,–,–,10.2,12,0.428,–,5.08,0.544,–,–,–,35,4.67,23.1,–,–,–,228,44.6,38.1,4.72,–,–,9.84,6.8,3.88,0.98,–,–,–,–,–,–,–,–,–,–,–,–,–,–,–,–,–,–,–,1.05,–,–,–,–,–,–,–,–,–,–,–,–,–,–,–,–,–,–,–,–,–,–,–,–,–,–,–,–,–,323,–,–,–,–,14.5,–,10,–,–,7.24,22.2,–,–,–,–,–,–,–,–,–,–,–,–,–,–,12,5  1/8 ,  7/16,  1/4 ,  9/16,1.19,1  3/16,–,–,–,–,–,–,–,–,–,–,–,–,–,–,–,–,–,1.22,11.5,–,–
14th,–,S,S12X31.8,–,–,–,–,–,–,9.31,12,0.35,–,5,0.544,–,–,–,31.8,4.6,28.3,–,–,–,217,41.8,36.2,4.83,–,–,9.33,6.44,3.73,1,–,–,–,–,–,–,–,–,–,–,–,–,–,–,–,–,–,–,–,0.878,–,–,–,–,–,–,–,–,–,–,–,–,–,–,–,–,–,–,–,–,–,–,–,–,–,–,–,–,–,306,–,–,–,–,14.3,–,9.74,–,–,7.24,20.8,–,–,–,–,–,–,–,–,–,–,–,–,–,–,12,5,  3/8 ,  3/16,  9/16,1.19,1  3/16,–,–,–,–,–,–,–,–,–,–,–,–,–,–,–,–,–,1.21,11.5,–,–
14th,–,S,S10X35,–,–,–,–,–,–,10.3,10,0.594,–,4.94,0.491,–,–,–,35,5.03,13.4,–,–,–,147,35.4,29.4,3.78,–,–,8.3,6.19,3.36,0.899,–,–,–,–,–,–,–,–,–,–,–,–,–,–,–,–,–,–,–,1.29,–,–,–,–,–,–,–,–,–,–,–,–,–,–,–,–,–,–,–,–,–,–,–,–,–,–,–,–,–,188,–,–,–,–,11.8,–,7.13,–,–,5.08,17.6,–,–,–,–,–,–,–,–,–,–,–,–,–,–,10,5,  5/8 ,  5/16,  1/2 ,1.13,1  1/8 ,–,–,–,–,–,–,–,–,–,–,–,–,–,–,–,–,–,1.16,9.51,–,–
14th,–,S,S10X25.4,–,–,–,–,–,–,7.45,10,0.311,–,4.66,0.491,–,–,–,25.4,4.75,25.6,–,–,–,123,28.3,24.6,4.07,–,–,6.73,4.99,2.89,0.95,–,–,–,–,–,–,–,–,–,–,–,–,–,–,–,–,–,–,–,0.603,–,–,–,–,–,–,–,–,–,–,–,–,–,–,–,–,–,–,–,–,–,–,–,–,–,–,–,–,–,152,–,–,–,–,11.1,–,6.34,–,–,5.08,14,–,–,–,–,–,–,–,–,–,–,–,–,–,–,10,4  5/8 ,  5/16,  3/16,  1/2 ,1.13,1  1/8 ,–,–,–,–,–,–,–,–,–,–,–,–,–,–,–,–,–,1.14,9.51,–,–
14th,–,S,S8X23,–,–,–,–,–,–,6.76,8,0.441,–,4.17,0.425,–,–,–,23,4.91,14.1,–,–,–,64.7,19.2,16.2,3.09,–,–,4.27,3.67,2.05,0.795,–,–,–,–,–,–,–,–,–,–,–,–,–,–,–,–,–,–,–,0.55,–,–,–,–,–,–,–,–,–,–,–,–,–,–,–,–,–,–,–,–,–,–,–,–,–,–,–,–,–,61.2,–,–,–,–,7.9,–,3.5,–,–,3,9.53,–,–,–,–,–,–,–,–,–,–,–,–,–,–,8,4  1/8 ,  7/16,  1/4 ,  7/16,1,1,–,–,–,–,–,–,–,–,–,–,–,–,–,–,–,–,–,0.999,7.58,–,–
14th,–,S,S8X18.4,–,–,–,–,–,–,5.4,8,0.271,–,4,0.425,–,–,–,18.4,4.71,22.9,–,–,–,57.5,16.5,14.4,3.26,–,–,3.69,3.18,1.84,0.827,–,–,–,–,–,–,–,–,–,–,–,–,–,–,–,–,–,–,–,0.335,–,–,–,–,–,–,–,–,–,–,–,–,–,–,–,–,–,–,–,–,–,–,–,–,–,–,–,–,–,52.9,–,–,–,–,7.58,–,3.22,–,–,3,8.17,–,–,–,–,–,–,–,–,–,–,–,–,–,–,8,4,  1/4 ,  1/8 ,  7/16,1,1,–,–,–,–,–,–,–,–,–,–,–,–,–,–,–,–,–,0.985,7.58,–,–
14th,–,S,S6X17.25,–,–,–,–,–,–,5.05,6,0.465,–,3.57,0.359,–,–,–,17.25,4.97,9.67,–,–,–,26.2,10.5,8.74,2.28,–,–,2.29,2.35,1.28,0.673,–,–,–,–,–,–,–,–,–,–,–,–,–,–,–,–,–,–,–,0.371,–,–,–,–,–,–,–,–,–,–,–,–,–,–,–,–,–,–,–,–,–,–,–,–,–,–,–,–,–,18.2,–,–,–,–,5.03,–,1.61,–,–,1.57,5.23,–,–,–,–,–,–,–,–,–,–,–,–,–,–,6,3  5/8 ,  7/16,  1/4 ,  3/8 ,0.813, 13/16,–,–,–,–,–,–,–,–,–,–,–,–,–,–,–,–,–,0.859,5.64,–,–
14th,–,S,S6X12.5,–,–,–,–,–,–,3.66,6,0.232,–,3.33,0.359,–,–,–,12.5,4.64,19.4,–,–,–,22,8.45,7.34,2.45,–,–,1.8,1.86,1.08,0.702,–,–,–,–,–,–,–,–,–,–,–,–,–,–,–,–,–,–,–,0.167,–,–,–,–,–,–,–,–,–,–,–,–,–,–,–,–,–,–,–,–,–,–,–,–,–,–,–,–,–,14.3,–,–,–,–,4.7,–,1.41,–,–,1.57,4.18,–,–,–,–,–,–,–,–,–,–,–,–,–,–,6,3  3/8 ,  1/4 ,  1/8 ,  3/8 ,0.813, 13/16,–,–,–,–,–,–,–,–,–,–,–,–,–,–,–,–,–,0.831,5.64,–,–
14th,–,S,S5X10,–,–,–,–,–,–,2.93,5,0.214,–,3,0.326,–,–,–,10,4.61,16.8,–,–,–,12.3,5.66,4.9,2.05,–,–,1.19,1.37,0.795,0.638,–,–,–,–,–,–,–,–,–,–,–,–,–,–,–,–,–,–,–,0.114,–,–,–,–,–,–,–,–,–,–,–,–,–,–,–,–,–,–,–,–,–,–,–,–,–,–,–,–,–,6.52,–,–,–,–,3.51,–,0.859,–,–,1.06,2.79,–,–,–,–,–,–,–,–,–,–,–,–,–,–,5,3,  3/16,  1/8 ,  5/16,0.75,  3/4 ,–,–,–,–,–,–,–,–,–,–,–,–,–,–,–,–,–,0.754,4.67,–,–
14th,–,S,S4X9.5,–,–,–,–,–,–,2.79,4,0.326,–,2.8,0.293,–,–,–,9.5,4.77,8.33,–,–,–,6.76,4.04,3.38,1.56,–,–,0.887,1.13,0.635,0.564,–,–,–,–,–,–,–,–,–,–,–,–,–,–,–,–,–,–,–,0.12,–,–,–,–,–,–,–,–,–,–,–,–,–,–,–,–,–,–,–,–,–,–,–,–,–,–,–,–,–,3.05,–,–,–,–,2.59,–,0.531,–,–,0.671,1.99,–,–,–,–,–,–,–,–,–,–,–,–,–,–,4,2  3/4 ,  5/16,  3/16,  5/16,0.75,  3/4 ,–,–,–,–,–,–,–,–,–,–,–,–,–,–,–,–,–,0.698,3.71,–,–
14th,–,S,S4X7.7,–,–,–,–,–,–,2.26,4,0.193,–,2.66,0.293,–,–,–,7.7,4.54,14.1,–,–,–,6.05,3.5,3.03,1.64,–,–,0.748,0.97,0.562,0.576,–,–,–,–,–,–,–,–,–,–,–,–,–,–,–,–,–,–,–,0.0732,–,–,–,–,–,–,–,–,–,–,–,–,–,–,–,–,–,–,–,–,–,–,–,–,–,–,–,–,–,2.57,–,–,–,–,2.47,–,0.481,–,–,0.671,1.73,–,–,–,–,–,–,–,–,–,–,–,–,–,–,4,2  5/8 ,  3/16,  1/8 ,  5/16,0.75,  3/4 ,–,–,–,–,–,–,–,–,–,–,–,–,–,–,–,–,–,0.676,3.71,–,–
14th,–,S,S3X7.5,–,–,–,–,–,–,2.2,3,0.349,–,2.51,0.26,–,–,–,7.5,4.83,5.38,–,–,–,2.91,2.35,1.94,1.15,–,–,0.578,0.821,0.461,0.513,–,–,–,–,–,–,–,–,–,–,–,–,–,–,–,–,–,–,–,0.0896,–,–,–,–,–,–,–,–,–,–,–,–,–,–,–,–,–,–,–,–,–,–,–,–,–,–,–,–,–,1.08,–,–,–,–,1.72,–,0.28,–,–,0.385,1.16,–,–,–,–,–,–,–,–,–,–,–,–,–,–,3,2  1/2 ,  3/8 ,  3/16,  1/4 ,0.625,  5/8 ,–,–,–,–,–,–,–,–,–,–,–,–,–,–,–,–,–,0.638,2.74,–,–
14th,–,S,S3X5.7,–,–,–,–,–,–,1.66,3,0.17,–,2.33,0.26,–,–,–,5.7,4.48,11,–,–,–,2.5,1.94,1.67,1.23,–,–,0.447,0.656,0.383,0.518,–,–,–,–,–,–,–,–,–,–,–,–,–,–,–,–,–,–,–,0.0433,–,–,–,–,–,–,–,–,–,–,–,–,–,–,–,–,–,–,–,–,–,–,–,–,–,–,–,–,–,0.838,–,–,–,–,1.6,–,0.242,–,–,0.385,0.961,–,–,–,–,–,–,–,–,–,–,–,–,–,–,3,2  3/8 ,  3/16,  1/8 ,  1/4 ,0.625,  5/8 ,–,–,–,–,–,–,–,–,–,–,–,–,–,–,–,–,–,0.605,2.74,–,–
14th,–,HP,HP18X204,–,–,–,–,–,–,60.2,18.3,1.13,–,18.1,1.13,–,–,1 3/4,204,8.01,12.1,–,–,–,3480,433,380,7.6,–,–,1120,191,124,4.31,–,–,–,–,–,–,–,–,–,–,–,–,–,–,–,–,–,–,–,29.5,–,–,–,–,–,–,–,–,–,–,–,–,–,–,–,–,–,–,–,–,–,–,–,–,–,–,–,–,–,82500,–,–,–,–,77.7,–,397,–,–,82.3,212,–,–,–,–,–,–,–,–,–,–,–,–,–,–,18  1/4 ,18  1/8 ,1  1/8 ,  9/16,1  1/8 ,2.31,2  5/16,–,–,–,–,–,–,–,–,–,–,–,–,–,–,–,–,–,5.03,17.2,–,–
14th,–,HP,HP18X181,–,–,–,–,–,–,53.2,18,1,–,18,1,–,–,1 11/16,181,9,13.6,–,–,–,3020,379,336,7.53,–,–,974,167,108,4.28,–,–,–,–,–,–,–,–,–,–,–,–,–,–,–,–,–,–,–,20.7,–,–,–,–,–,–,–,–,–,–,–,–,–,–,–,–,–,–,–,–,–,–,–,–,–,–,–,–,–,70400,–,–,–,–,76.5,–,344,–,–,72.3,185,–,–,–,–,–,–,–,–,–,–,–,–,–,–,18,18,1,  1/2 ,1,2.18,2  3/16,–,–,–,–,–,–,–,–,–,–,–,–,–,–,–,–,–,4.96,17,–,–
14th,–,HP,HP18X157,–,–,–,–,–,–,46.2,17.7,0.87,–,17.9,0.87,–,–,1 5/8,157,10.3,15.6,–,–,–,2570,327,290,7.46,–,–,833,143,93.1,4.25,–,–,–,–,–,–,–,–,–,–,–,–,–,–,–,–,–,–,–,13.9,–,–,–,–,–,–,–,–,–,–,–,–,–,–,–,–,–,–,–,–,–,–,–,–,–,–,–,–,–,59000,–,–,–,–,75.3,–,293,–,–,62.3,159,–,–,–,–,–,–,–,–,–,–,–,–,–,–,17  3/4 ,17  7/8 ,  7/8 ,  7/16,  7/8 ,2.05,2  1/16,–,–,–,–,–,–,–,–,–,–,–,–,–,–,–,–,–,4.92,16.8,–,–
14th,–,HP,HP18X135,–,–,–,–,–,–,39.9,17.5,0.75,–,17.8,0.75,–,–,1  9/16,135,11.9,18.2,–,–,–,2200,281,251,7.43,–,–,706,122,79.3,4.21,–,–,–,–,–,–,–,–,–,–,–,–,–,–,–,–,–,–,–,9.12,–,–,–,–,–,–,–,–,–,–,–,–,–,–,–,–,–,–,–,–,–,–,–,–,–,–,–,–,–,49500,–,–,–,–,74.5,–,249,–,–,53.5,136,–,–,–,–,–,–,–,–,–,–,–,–,–,–,17  1/2 ,17  3/4 ,  3/4 ,  3/8 ,  3/4 ,1.93,1 15/16,–,–,–,–,–,–,–,–,–,–,–,–,–,–,–,–,–,4.85,16.8,–,–
14th,–,HP,HP16X183,–,–,–,–,–,–,54.1,16.5,1.13,–,16.3,1.13,–,–,1 3/4,183,7.21,10.5,–,–,–,2510,349,304,6.81,–,–,818,156,100,3.89,–,–,–,–,–,–,–,–,–,–,–,–,–,–,–,–,–,–,–,26.9,–,–,–,–,–,–,–,–,–,–,–,–,–,–,–,–,–,–,–,–,–,–,–,–,–,–,–,–,–,48300,–,–,–,–,62.2,–,285,–,–,65.4,169,–,–,–,–,–,–,–,–,–,–,–,–,–,–,16  1/2 ,16  1/2 ,1  1/8 ,  9/16,1  1/8 ,2.31,2  5/16,–,–,–,–,–,–,–,–,–,–,–,–,–,–,–,–,–,4.55,15.4,–,–
14th,–,HP,HP16X162,–,–,–,–,–,–,47.7,16.3,1,–,16.1,1,–,–,1 11/16,162,8.05,11.9,–,–,–,2190,306,269,6.78,–,–,697,134,86.6,3.82,–,–,–,–,–,–,–,–,–,–,–,–,–,–,–,–,–,–,–,18.8,–,–,–,–,–,–,–,–,–,–,–,–,–,–,–,–,–,–,–,–,–,–,–,–,–,–,–,–,–,40800,–,–,–,–,61.6,–,248,–,–,57.8,149,–,–,–,–,–,–,–,–,–,–,–,–,–,–,16  1/4 ,16  1/8 ,1,  1/2 ,1,2.18,2  3/16,–,–,–,–,–,–,–,–,–,–,–,–,–,–,–,–,–,4.45,15.3,–,–
14th,–,HP,HP16X141,–,–,–,–,–,–,41.7,16,0.875,–,16,0.875,–,–,1 5/8,141,9.14,13.6,–,–,–,1870,264,234,6.7,–,–,599,116,74.9,3.79,–,–,–,–,–,–,–,–,–,–,–,–,–,–,–,–,–,–,–,12.9,–,–,–,–,–,–,–,–,–,–,–,–,–,–,–,–,–,–,–,–,–,–,–,–,–,–,–,–,–,34300,–,–,–,–,60.5,–,212,–,–,50,128,–,–,–,–,–,–,–,–,–,–,–,–,–,–,16,16,  7/8 ,  7/16,  7/8 ,2.06,2  1/16,–,–,–,–,–,–,–,–,–,–,–,–,–,–,–,–,–,4.4,15.1,–,–
14th,–,HP,HP16X121,–,–,–,–,–,–,35.8,15.8,0.75,–,15.9,0.75,–,–,1  9/16,121,10.6,15.9,–,–,–,1590,226,201,6.66,–,–,504,97.6,63.4,3.75,–,–,–,–,–,–,–,–,–,–,–,–,–,–,–,–,–,–,–,8.35,–,–,–,–,–,–,–,–,–,–,–,–,–,–,–,–,–,–,–,–,–,–,–,–,–,–,–,–,–,28500,–,–,–,–,59.8,–,178,–,–,42.8,109,–,–,–,–,–,–,–,–,–,–,–,–,–,–,15  3/4 ,15  7/8 ,  3/4 ,  3/8 ,  3/4 ,1.93,1 15/16,–,–,–,–,–,–,–,–,–,–,–,–,–,–,–,–,–,4.34,15.1,–,–
14th,–,HP,HP16X101,–,–,–,–,–,–,29.9,15.5,0.625,–,15.8,0.625,–,–,1 1/2,101,12.6,19,–,–,–,1300,187,168,6.59,–,–,412,80.1,52.2,3.71,–,–,–,–,–,–,–,–,–,–,–,–,–,–,–,–,–,–,–,5.07,–,–,–,–,–,–,–,–,–,–,–,–,–,–,–,–,–,–,–,–,–,–,–,–,–,–,–,–,–,22800,–,–,–,–,58.8,–,145,–,–,35.3,89.3,–,–,–,–,–,–,–,–,–,–,–,–,–,–,15  1/2 ,15  3/4 ,  5/8 ,  5/16,  5/8 ,1.81,1 13/16,–,–,–,–,–,–,–,–,–,–,–,–,–,–,–,–,–,4.27,14.9,–,–
14th,–,HP,HP16X88,–,–,–,–,–,–,25.8,15.3,0.54,–,15.7,0.54,–,–,1  7/16,88,14.5,22,–,–,–,1110,161,145,6.56,–,–,349,68.2,44.5,3.68,–,–,–,–,–,–,–,–,–,–,–,–,–,–,–,–,–,–,–,3.45,–,–,–,–,–,–,–,–,–,–,–,–,–,–,–,–,–,–,–,–,–,–,–,–,–,–,–,–,–,19000,–,–,–,–,57.9,–,123,–,–,30.2,76.2,–,–,–,–,–,–,–,–,–,–,–,–,–,–,15  3/8 ,15 11/16,  9/16,  5/16,  9/16,1.72,1  3/4 ,–,–,–,–,–,–,–,–,–,–,–,–,–,–,–,–,–,4.21,14.8,–,–
14th,–,HP,HP14X117,–,–,–,–,–,–,34.4,14.2,0.805,–,14.9,0.805,–,–,1  3/50,117,9.25,14.2,–,–,–,1220,194,172,5.96,–,–,443,91.4,59.5,3.59,–,–,–,–,–,–,–,–,–,–,–,–,–,–,–,–,–,–,–,8.02,–,–,–,–,–,–,–,–,–,–,–,–,–,–,–,–,–,–,–,–,–,–,–,–,–,–,–,–,–,19900,–,–,–,–,49.9,–,149,–,–,38,96.3,–,–,–,–,–,–,–,–,–,–,–,–,–,–,14  1/4 ,14  7/8 , 13/16,  7/16, 13/16,1.5,1  1/2 ,–,–,–,–,–,–,–,–,–,–,–,–,–,–,–,–,–,4.15,13.4,–,–
14th,–,HP,HP14X102,–,–,–,–,–,–,30.1,14,0.705,–,14.8,0.705,–,–,1,102,10.5,16.2,–,–,–,1050,169,150,5.92,–,–,380,78.8,51.4,3.56,–,–,–,–,–,–,–,–,–,–,–,–,–,–,–,–,–,–,–,5.39,–,–,–,–,–,–,–,–,–,–,–,–,–,–,–,–,–,–,–,–,–,–,–,–,–,–,–,–,–,16800,–,–,–,–,49.2,–,128,–,–,33,83.3,–,–,–,–,–,–,–,–,–,–,–,–,–,–,14,14  3/4 , 11/16,  3/8 , 11/16,1.38,1  3/8 ,–,–,–,–,–,–,–,–,–,–,–,–,–,–,–,–,–,4.1,13.3,–,–
14th,–,HP,HP14X89,–,–,–,–,–,–,26.1,13.8,0.615,–,14.7,0.615,–,–, 15/16,89,11.9,18.5,–,–,–,904,146,131,5.88,–,–,326,67.7,44.3,3.53,–,–,–,–,–,–,–,–,–,–,–,–,–,–,–,–,–,–,–,3.59,–,–,–,–,–,–,–,–,–,–,–,–,–,–,–,–,–,–,–,–,–,–,–,–,–,–,–,–,–,14200,–,–,–,–,48.5,–,110,–,–,28.6,71.9,–,–,–,–,–,–,–,–,–,–,–,–,–,–,13  7/8 ,14  3/4 ,  5/8 ,  5/16,  5/8 ,1.31,1  5/16,–,–,–,–,–,–,–,–,–,–,–,–,–,–,–,–,–,4.05,13.2,–,–
14th,–,HP,HP14X73,–,–,–,–,–,–,21.4,13.6,0.505,–,14.6,0.505,–,–,  7/8 ,73,14.4,22.6,–,–,–,729,118,107,5.84,–,–,261,54.6,35.8,3.49,–,–,–,–,–,–,–,–,–,–,–,–,–,–,–,–,–,–,–,2.01,–,–,–,–,–,–,–,–,–,–,–,–,–,–,–,–,–,–,–,–,–,–,–,–,–,–,–,–,–,11200,–,–,–,–,47.8,–,88,–,–,23.3,58.3,–,–,–,–,–,–,–,–,–,–,–,–,–,–,13  5/8 ,14  5/8 ,  1/2 ,  1/4 ,  1/2 ,1.19,1  3/16,–,–,–,–,–,–,–,–,–,–,–,–,–,–,–,–,–,4,13.1,–,–
14th,–,HP,HP12X84,–,–,–,–,–,–,24.6,12.3,0.685,–,12.3,0.685,–,–,1,84,8.97,14.2,–,–,–,650,120,106,5.14,–,–,213,53.2,34.6,2.94,–,–,–,–,–,–,–,–,–,–,–,–,–,–,–,–,–,–,–,4.24,–,–,–,–,–,–,–,–,–,–,–,–,–,–,–,–,–,–,–,–,–,–,–,–,–,–,–,–,–,7140,–,–,–,–,35.6,–,75,–,–,23.1,59,–,–,–,–,–,–,–,–,–,–,–,–,–,–,12  1/4 ,12  1/4 , 11/16,  3/8 , 11/16,1.38,1  3/8 ,–,–,–,–,–,–,–,–,–,–,–,–,–,–,–,–,–,3.41,11.6,–,–
14th,–,HP,HP12X74,–,–,–,–,–,–,21.8,12.1,0.605,–,12.2,0.61,–,–, 15/16,74,10,16.1,–,–,–,569,105,93.8,5.11,–,–,186,46.6,30.4,2.92,–,–,–,–,–,–,–,–,–,–,–,–,–,–,–,–,–,–,–,2.98,–,–,–,–,–,–,–,–,–,–,–,–,–,–,–,–,–,–,–,–,–,–,–,–,–,–,–,–,–,6160,–,–,–,–,35.2,–,65.5,–,–,20.4,51.9,–,–,–,–,–,–,–,–,–,–,–,–,–,–,12  1/8 ,12  1/4 ,  5/8 ,  5/16,  5/8 ,1.31,1  5/16,–,–,–,–,–,–,–,–,–,–,–,–,–,–,–,–,–,3.38,11.5,–,–
14th,–,HP,HP12X63,–,–,–,–,–,–,18.4,11.9,0.515,–,12.1,0.515,–,–,  7/8 ,63,11.8,18.9,–,–,–,472,88.3,79.1,5.06,–,–,153,38.7,25.3,2.88,–,–,–,–,–,–,–,–,–,–,–,–,–,–,–,–,–,–,–,1.83,–,–,–,–,–,–,–,–,–,–,–,–,–,–,–,–,–,–,–,–,–,–,–,–,–,–,–,–,–,5000,–,–,–,–,34.6,–,54.1,–,–,17.1,43.3,–,–,–,–,–,–,–,–,–,–,–,–,–,–,12,12  1/8 ,  1/2 ,  1/4 ,  1/2 ,1.25,1  1/4 ,–,–,–,–,–,–,–,–,–,–,–,–,–,–,–,–,–,3.33,11.4,–,–
14th,–,HP,HP12X53,–,–,–,–,–,–,15.5,11.8,0.435,–,12,0.435,–,–,  7/8 ,53,13.8,22.3,–,–,–,393,74,66.7,5.03,–,–,127,32.2,21.1,2.86,–,–,–,–,–,–,–,–,–,–,–,–,–,–,–,–,–,–,–,1.12,–,–,–,–,–,–,–,–,–,–,–,–,–,–,–,–,–,–,–,–,–,–,–,–,–,–,–,–,–,4080,–,–,–,–,34.2,–,44.7,–,–,14.3,36.2,–,–,–,–,–,–,–,–,–,–,–,–,–,–,11  3/4 ,12,  7/16,  1/4 ,  7/16,1.13,1  1/8 ,–,–,–,–,–,–,–,–,–,–,–,–,–,–,–,–,–,3.29,11.4,–,–
14th,–,HP,HP10X57,–,–,–,–,–,–,16.7,9.99,0.565,–,10.2,0.565,–,–, 15/16,57,9.03,13.9,–,–,–,294,66.5,58.8,4.18,–,–,101,30.3,19.7,2.45,–,–,–,–,–,–,–,–,–,–,–,–,–,–,–,–,–,–,–,1.97,–,–,–,–,–,–,–,–,–,–,–,–,–,–,–,–,–,–,–,–,–,–,–,–,–,–,–,–,–,2240,–,–,–,–,24.1,–,34.8,–,–,12.9,32.8,–,–,–,–,–,–,–,–,–,–,–,–,–,–,10,10  1/4 ,  9/16,  5/16,  9/16,1.25,1  1/4 ,–,–,–,–,–,–,–,–,–,–,–,–,–,–,–,–,–,2.84,9.43,–,–
14th,–,HP,HP10X42,–,–,–,–,–,–,12.4,9.7,0.415,–,10.1,0.42,–,–, 13/16,42,12,18.9,–,–,–,210,48.3,43.4,4.13,–,–,71.7,21.8,14.2,2.41,–,–,–,–,–,–,–,–,–,–,–,–,–,–,–,–,–,–,–,0.813,–,–,–,–,–,–,–,–,–,–,–,–,–,–,–,–,–,–,–,–,–,–,–,–,–,–,–,–,–,1540,–,–,–,–,23.4,–,24.7,–,–,9.41,23.7,–,–,–,–,–,–,–,–,–,–,–,–,–,–,9  3/4 ,10  1/8 ,  7/16,  1/4 ,  7/16,1.13,1  1/8 ,–,–,–,–,–,–,–,–,–,–,–,–,–,–,–,–,–,2.77,9.28,–,–
14th,–,HP,HP8X36,–,–,–,–,–,–,10.6,8.02,0.445,–,8.16,0.445,–,–,  7/8 ,36,9.16,14.2,–,–,–,119,33.6,29.8,3.36,–,–,40.3,15.2,9.88,1.95,–,–,–,–,–,–,–,–,–,–,–,–,–,–,–,–,–,–,–,0.77,–,–,–,–,–,–,–,–,–,–,–,–,–,–,–,–,–,–,–,–,–,–,–,–,–,–,–,–,–,578,–,–,–,–,15.4,–,14,–,–,6.5,16.6,–,–,–,–,–,–,–,–,–,–,–,–,–,–,8,8  1/8 ,  7/16,  1/4 ,  7/16,1.13,1  1/8 ,–,–,–,–,–,–,–,–,–,–,–,–,–,–,–,–,–,2.26,7.58,–,–
14th,–,C,C15X50,–,–,–,–,–,–,14.7,15,0.716,–,3.72,0.65,–,–,–,50,–,17.7,–,–,–,404,68.5,53.8,5.24,–,–,11,8.14,3.77,0.865,0.799,0.49,–,–,–,0.583,–,–,–,–,–,–,–,–,–,–,–,–,–,2.65,–,–,–,–,–,–,–,–,–,–,–,–,–,–,–,–,–,–,–,–,–,–,–,–,–,–,–,–,–,492,–,–,–,–,17.4,–,13.7,11.6,5.86,14,34.1,–,–,–,–,–,–,–,–,–,–,5.72,–,5.49,0.937,15,3  3/4 , 11/16,  3/8 ,  5/8 ,1.44,1  7/16,–,–,–,–,–,–,–,–,–,–,–,–,–,–,–,–,–,1.17,14.4,–,–
14th,–,C,C15X40,–,–,–,–,–,–,11.8,15,0.52,–,3.52,0.65,–,–,–,40,–,24.4,–,–,–,348,57.5,46.5,5.43,–,–,9.17,6.84,3.34,0.883,0.778,0.392,–,–,–,0.767,–,–,–,–,–,–,–,–,–,–,–,–,–,1.45,–,–,–,–,–,–,–,–,–,–,–,–,–,–,–,–,–,–,–,–,–,–,–,–,–,–,–,–,–,410,–,–,–,–,16,–,11.7,9.2,4.64,14,28.6,–,–,–,–,–,–,–,–,–,–,5.42,–,5.71,0.927,15,3  1/2 ,  1/2 ,  1/4 ,  5/8 ,1.44,1  7/16,–,–,–,–,–,–,–,–,–,–,–,–,–,–,–,–,–,1.15,14.4,–,–
14th,–,C,C15X33.9,–,–,–,–,–,–,10,15,0.4,–,3.4,0.65,–,–,–,33.9,–,31.8,–,–,–,315,50.8,42,5.61,–,–,8.07,6.19,3.09,0.901,0.788,0.332,–,–,–,0.896,–,–,–,–,–,–,–,–,–,–,–,–,–,1.01,–,–,–,–,–,–,–,–,–,–,–,–,–,–,–,–,–,–,–,–,–,–,–,–,–,–,–,–,–,358,–,–,–,–,15.1,–,10.4,7.55,3.81,14,25.2,–,–,–,–,–,–,–,–,–,–,5.23,–,5.94,0.92,15,3  3/8 ,  3/8 ,  3/16,  5/8 ,1.44,1  7/16,–,–,–,–,–,–,–,–,–,–,–,–,–,–,–,–,–,1.13,14.4,–,–
14th,–,C,C12X30,–,–,–,–,–,–,8.81,12,0.51,–,3.17,0.501,–,–,–,30,–,20.1,–,–,–,162,33.8,27,4.29,–,–,5.12,4.32,2.05,0.762,0.674,0.367,–,–,–,0.618,–,–,–,–,–,–,–,–,–,–,–,–,–,0.861,–,–,–,–,–,–,–,–,–,–,–,–,–,–,–,–,–,–,–,–,–,–,–,–,–,–,–,–,–,151,–,–,–,–,11.7,–,6.01,4.91,2.45,7.66,16.8,–,–,–,–,–,–,–,–,–,–,6.33,–,4.54,0.919,12,3  1/8 ,  1/2 ,  1/4 ,  1/2 ,1.13,1  1/8 ,–,–,–,–,–,–,–,–,–,–,–,–,–,–,–,–,–,1.01,11.5,–,–
14th,–,C,C12X25,–,–,–,–,–,–,7.34,12,0.387,–,3.05,0.501,–,–,–,25,–,26.5,–,–,–,144,29.4,24,4.43,–,–,4.45,3.82,1.87,0.779,0.674,0.306,–,–,–,0.746,–,–,–,–,–,–,–,–,–,–,–,–,–,0.538,–,–,–,–,–,–,–,–,–,–,–,–,–,–,–,–,–,–,–,–,–,–,–,–,–,–,–,–,–,130,–,–,–,–,11,–,5.29,4.02,1.99,7.67,14.6,–,–,–,–,–,–,–,–,–,–,6.09,–,4.72,0.909,12,3,  3/8 ,  3/16,  1/2 ,1.13,1  1/8 ,–,–,–,–,–,–,–,–,–,–,–,–,–,–,–,–,–,1,11.5,–,–
14th,–,C,C12X20.7,–,–,–,–,–,–,6.08,12,0.282,–,2.94,0.501,–,–,–,20.7,–,36.3,–,–,–,129,25.6,21.5,4.61,–,–,3.86,3.47,1.72,0.797,0.698,0.253,–,–,–,0.87,–,–,–,–,–,–,–,–,–,–,–,–,–,0.369,–,–,–,–,–,–,–,–,–,–,–,–,–,–,–,–,–,–,–,–,–,–,–,–,–,–,–,–,–,112,–,–,–,–,10.3,–,4.6,3.13,1.58,7.66,12.7,–,–,–,–,–,–,–,–,–,–,5.87,–,4.93,0.899,12,3,  5/16,  3/16,  1/2 ,1.13,1  1/8 ,–,–,–,–,–,–,–,–,–,–,–,–,–,–,–,–,–,0.983,11.5,–,–
14th,–,C,C10X30,–,–,–,–,–,–,8.81,10,0.673,–,3.03,0.436,–,–,–,30,–,12.6,–,–,–,103,26.7,20.7,3.43,–,–,3.93,3.78,1.65,0.668,0.649,0.441,–,–,–,0.368,–,–,–,–,–,–,–,–,–,–,–,–,–,1.22,–,–,–,–,–,–,–,–,–,–,–,–,–,–,–,–,–,–,–,–,–,–,–,–,–,–,–,–,–,79.5,–,–,–,–,9.51,–,4.12,3.61,1.81,4.91,13.3,–,–,–,–,–,–,–,–,–,–,6.95,–,3.63,0.921,10,3, 11/16,  3/8 ,  7/16,1,1,–,–,–,–,–,–,–,–,–,–,–,–,–,–,–,–,–,0.924,9.56,–,–
14th,–,C,C10X25,–,–,–,–,–,–,7.35,10,0.526,–,2.89,0.436,–,–,–,25,–,16.1,–,–,–,91.1,23.1,18.2,3.52,–,–,3.34,3.18,1.47,0.675,0.617,0.367,–,–,–,0.494,–,–,–,–,–,–,–,–,–,–,–,–,–,0.687,–,–,–,–,–,–,–,–,–,–,–,–,–,–,–,–,–,–,–,–,–,–,–,–,–,–,–,–,–,68.3,–,–,–,–,8.94,–,3.64,3.05,1.5,4.93,11.5,–,–,–,–,–,–,–,–,–,–,6.63,–,3.76,0.912,10,2  7/8 ,  1/2 ,  1/4 ,  7/16,1,1,–,–,–,–,–,–,–,–,–,–,–,–,–,–,–,–,–,0.911,9.56,–,–
14th,–,C,C10X20,–,–,–,–,–,–,5.87,10,0.379,–,2.74,0.436,–,–,–,20,–,22.3,–,–,–,78.9,19.4,15.8,3.67,–,–,2.8,2.7,1.31,0.69,0.606,0.294,–,–,–,0.636,–,–,–,–,–,–,–,–,–,–,–,–,–,0.368,–,–,–,–,–,–,–,–,–,–,–,–,–,–,–,–,–,–,–,–,–,–,–,–,–,–,–,–,–,56.9,–,–,–,–,8.25,–,3.1,2.39,1.18,4.92,9.66,–,–,–,–,–,–,–,–,–,–,6.28,–,3.93,0.9,10,2  3/4 ,  3/8 ,  3/16,  7/16,1,1,–,–,–,–,–,–,–,–,–,–,–,–,–,–,–,–,–,0.894,9.56,–,–
14th,–,C,C10X15.3,–,–,–,–,–,–,4.48,10,0.24,–,2.6,0.436,–,–,–,15.3,–,35.3,–,–,–,67.3,15.9,13.5,3.88,–,–,2.27,2.34,1.15,0.711,0.634,0.224,–,–,–,0.796,–,–,–,–,–,–,–,–,–,–,–,–,–,0.209,–,–,–,–,–,–,–,–,–,–,–,–,–,–,–,–,–,–,–,–,–,–,–,–,–,–,–,–,–,45.5,–,–,–,–,7.48,–,2.55,1.67,0.841,4.92,7.92,–,–,–,–,–,–,–,–,–,–,5.96,–,4.19,0.884,10,2  5/8 ,  1/4 ,  1/8 ,  7/16,1,1,–,–,–,–,–,–,–,–,–,–,–,–,–,–,–,–,–,0.868,9.56,–,–
14th,–,C,C9X20,–,–,–,–,–,–,5.87,9,0.448,–,2.65,0.413,–,–,–,20,–,16.8,–,–,–,60.9,16.9,13.5,3.22,–,–,2.41,2.46,1.17,0.64,0.583,0.326,–,–,–,0.515,–,–,–,–,–,–,–,–,–,–,–,–,–,0.427,–,–,–,–,–,–,–,–,–,–,–,–,–,–,–,–,–,–,–,–,–,–,–,–,–,–,–,–,–,39.4,–,–,–,–,7.24,–,2.52,2.04,1.01,3.9,8.44,–,–,–,–,–,–,–,–,–,–,6.42,–,3.46,0.899,9,2  5/8 ,  7/16,  1/4 ,  7/16,1,1,–,–,–,–,–,–,–,–,–,–,–,–,–,–,–,–,–,0.85,8.59,–,–
14th,–,C,C9X15,–,–,–,–,–,–,4.4,9,0.285,–,2.49,0.413,–,–,–,15,–,26.4,–,–,–,51,13.6,11.3,3.4,–,–,1.91,2.04,1.01,0.659,0.586,0.245,–,–,–,0.681,–,–,–,–,–,–,–,–,–,–,–,–,–,0.208,–,–,–,–,–,–,–,–,–,–,–,–,–,–,–,–,–,–,–,–,–,–,–,–,–,–,–,–,–,31,–,–,–,–,6.54,–,2.06,1.46,0.705,3.91,6.8,–,–,–,–,–,–,–,–,–,–,6.03,–,3.69,0.882,9,2  1/2 ,  5/16,  3/16,  7/16,1,1,–,–,–,–,–,–,–,–,–,–,–,–,–,–,–,–,–,0.825,8.59,–,–
14th,–,C,C9X13.4,–,–,–,–,–,–,3.94,9,0.233,–,2.43,0.413,–,–,–,13.4,–,32.2,–,–,–,47.8,12.6,10.6,3.48,–,–,1.75,1.94,0.954,0.666,0.601,0.219,–,–,–,0.742,–,–,–,–,–,–,–,–,–,–,–,–,–,0.168,–,–,–,–,–,–,–,–,–,–,–,–,–,–,–,–,–,–,–,–,–,–,–,–,–,–,–,–,–,28.2,–,–,–,–,6.25,–,1.88,1.22,0.625,3.9,6.25,–,–,–,–,–,–,–,–,–,–,5.88,–,3.79,0.875,9,2  3/8 ,  1/4 ,  1/8 ,  7/16,1,1,–,–,–,–,–,–,–,–,–,–,–,–,–,–,–,–,–,0.814,8.59,–,–
14th,–,C,C8X18.75,–,–,–,–,–,–,5.51,8,0.487,–,2.53,0.39,–,–,–,18.75,–,13.5,–,–,–,43.9,13.9,11,2.82,–,–,1.97,2.17,1.01,0.598,0.565,0.344,–,–,–,0.431,–,–,–,–,–,–,–,–,–,–,–,–,–,0.434,–,–,–,–,–,–,–,–,–,–,–,–,–,–,–,–,–,–,–,–,–,–,–,–,–,–,–,–,–,25.1,–,–,–,–,6.13,–,1.93,1.59,0.788,3.03,6.93,–,–,–,–,–,–,–,–,–,–,6.49,–,3.05,0.894,8,2  1/2 ,  1/2 ,  1/4 ,  3/8 ,0.938, 15/16,–,–,–,–,–,–,–,–,–,–,–,–,–,–,–,–,–,0.8,7.61,–,–
14th,–,C,C8X13.75,–,–,–,–,–,–,4.03,8,0.303,–,2.34,0.39,–,–,–,13.75,–,21.8,–,–,–,36.1,11,9.02,2.99,–,–,1.52,1.73,0.848,0.613,0.554,0.252,–,–,–,0.604,–,–,–,–,–,–,–,–,–,–,–,–,–,0.186,–,–,–,–,–,–,–,–,–,–,–,–,–,–,–,–,–,–,–,–,–,–,–,–,–,–,–,–,–,19.2,–,–,–,–,5.45,–,1.52,1.1,0.557,3.02,5.45,–,–,–,–,–,–,–,–,–,–,6,–,3.26,0.874,8,2  3/8 ,  5/16,  3/16,  3/8 ,0.938, 15/16,–,–,–,–,–,–,–,–,–,–,–,–,–,–,–,–,–,0.774,7.61,–,–
14th,–,C,C8X11.5,–,–,–,–,–,–,3.37,8,0.22,–,2.26,0.39,–,–,–,11.5,–,30,–,–,–,32.5,9.63,8.14,3.11,–,–,1.31,1.57,0.775,0.623,0.572,0.211,–,–,–,0.697,–,–,–,–,–,–,–,–,–,–,–,–,–,0.13,–,–,–,–,–,–,–,–,–,–,–,–,–,–,–,–,–,–,–,–,–,–,–,–,–,–,–,–,–,16.5,–,–,–,–,5.11,–,1.34,0.855,0.43,3.03,4.79,–,–,–,–,–,–,–,–,–,–,5.79,–,3.41,0.862,8,2  1/4 ,  1/4 ,  1/8 ,  3/8 ,0.938, 15/16,–,–,–,–,–,–,–,–,–,–,–,–,–,–,–,–,–,0.756,7.61,–,–
14th,–,C,C7X14.75,–,–,–,–,–,–,4.33,7,0.419,–,2.3,0.366,–,–,–,14.75,–,13.5,–,–,–,27.2,9.75,7.78,2.51,–,–,1.37,1.63,0.772,0.561,0.532,0.309,–,–,–,0.441,–,–,–,–,–,–,–,–,–,–,–,–,–,0.267,–,–,–,–,–,–,–,–,–,–,–,–,–,–,–,–,–,–,–,–,–,–,–,–,–,–,–,–,–,13.1,–,–,–,–,4.78,–,1.26,1,0.498,2.28,4.85,–,–,–,–,–,–,–,–,–,–,6.28,–,2.75,0.875,7,2  1/4 ,  7/16,  1/4 ,  3/8 ,0.875,  7/8 ,–,–,–,–,–,–,–,–,–,–,–,–,–,–,–,–,–,0.738,6.63,–,–
14th,–,C,C7X12.25,–,–,–,–,–,–,3.59,7,0.314,–,2.19,0.366,–,–,–,12.25,–,18,–,–,–,24.2,8.46,6.92,2.59,–,–,1.16,1.42,0.696,0.568,0.525,0.257,–,–,–,0.538,–,–,–,–,–,–,–,–,–,–,–,–,–,0.161,–,–,–,–,–,–,–,–,–,–,–,–,–,–,–,–,–,–,–,–,–,–,–,–,–,–,–,–,–,11.2,–,–,–,–,4.44,–,1.09,0.793,0.406,2.28,4.2,–,–,–,–,–,–,–,–,–,–,5.98,–,2.86,0.862,7,2  1/4 ,  5/16,  3/16,  3/8 ,0.875,  7/8 ,–,–,–,–,–,–,–,–,–,–,–,–,–,–,–,–,–,0.722,6.63,–,–
14th,–,C,C7X9.8,–,–,–,–,–,–,2.87,7,0.21,–,2.09,0.366,–,–,–,9.8,–,26.9,–,–,–,21.2,7.19,6.07,2.72,–,–,0.957,1.26,0.617,0.578,0.541,0.205,–,–,–,0.647,–,–,–,–,–,–,–,–,–,–,–,–,–,0.0996,–,–,–,–,–,–,–,–,–,–,–,–,–,–,–,–,–,–,–,–,–,–,–,–,–,–,–,–,–,9.15,–,–,–,–,4.09,–,0.922,0.58,0.289,2.28,3.57,–,–,–,–,–,–,–,–,–,–,5.71,–,3.02,0.845,7,2  1/8 ,  3/16,  1/8 ,  3/8 ,0.875,  7/8 ,–,–,–,–,–,–,–,–,–,–,–,–,–,–,–,–,–,0.698,6.63,–,–
14th,–,C,C6X13,–,–,–,–,–,–,3.82,6,0.437,–,2.16,0.343,–,–,–,13,–,11,–,–,–,17.3,7.29,5.78,2.13,–,–,1.05,1.35,0.638,0.524,0.514,0.318,–,–,–,0.38,–,–,–,–,–,–,–,–,–,–,–,–,–,0.237,–,–,–,–,–,–,–,–,–,–,–,–,–,–,–,–,–,–,–,–,–,–,–,–,–,–,–,–,–,7.19,–,–,–,–,3.8,–,0.875,0.702,0.345,1.67,3.64,–,–,–,–,–,–,–,–,–,–,6.3,–,2.37,0.858,6,2  1/8 ,  7/16,  1/4 ,  5/16,0.813, 13/16,–,–,–,–,–,–,–,–,–,–,–,–,–,–,–,–,–,0.689,5.66,–,–
14th,–,C,C6X10.5,–,–,–,–,–,–,3.07,6,0.314,–,2.03,0.343,–,–,–,10.5,–,15.3,–,–,–,15.1,6.18,5.04,2.22,–,–,0.86,1.14,0.561,0.529,0.5,0.256,–,–,–,0.486,–,–,–,–,–,–,–,–,–,–,–,–,–,0.128,–,–,–,–,–,–,–,–,–,–,–,–,–,–,–,–,–,–,–,–,–,–,–,–,–,–,–,–,–,5.91,–,–,–,–,3.48,–,0.734,0.534,0.275,1.66,3.08,–,–,–,–,–,–,–,–,–,–,5.92,–,2.48,0.842,6,2,  5/16,  3/16,  5/16,0.813, 13/16,–,–,–,–,–,–,–,–,–,–,–,–,–,–,–,–,–,0.669,5.66,–,–
14th,–,C,C6X8.2,–,–,–,–,–,–,2.39,6,0.2,–,1.92,0.343,–,–,–,8.2,–,24.1,–,–,–,13.1,5.16,4.35,2.34,–,–,0.687,0.987,0.488,0.536,0.512,0.199,–,–,–,0.599,–,–,–,–,–,–,–,–,–,–,–,–,–,0.0736,–,–,–,–,–,–,–,–,–,–,–,–,–,–,–,–,–,–,–,–,–,–,–,–,–,–,–,–,–,4.7,–,–,–,–,3.17,–,0.61,0.373,0.187,1.67,2.57,–,–,–,–,–,–,–,–,–,–,5.6,–,2.65,0.824,6,1  7/8 ,  3/16,  1/8 ,  5/16,0.813, 13/16,–,–,–,–,–,–,–,–,–,–,–,–,–,–,–,–,–,0.643,5.66,–,–
14th,–,C,C5X9,–,–,–,–,–,–,2.64,5,0.325,–,1.89,0.32,–,–,–,9,–,11.7,–,–,–,8.89,4.39,3.56,1.84,–,–,0.624,0.913,0.444,0.486,0.478,0.264,–,–,–,0.427,–,–,–,–,–,–,–,–,–,–,–,–,–,0.109,–,–,–,–,–,–,–,–,–,–,–,–,–,–,–,–,–,–,–,–,–,–,–,–,–,–,–,–,–,2.93,–,–,–,–,2.66,–,0.485,0.355,0.17,1.17,2.19,–,–,–,–,–,–,–,–,–,–,5.91,–,2.1,0.815,5,1  7/8 ,  5/16,  3/16,  5/16,0.75,  3/4 ,–,–,–,–,–,–,–,–,–,–,–,–,–,–,–,–,–,0.616,4.68,–,–
14th,–,C,C5X6.7,–,–,–,–,–,–,1.97,5,0.19,–,1.75,0.32,–,–,–,6.7,–,20,–,–,–,7.48,3.55,2.99,1.95,–,–,0.47,0.757,0.372,0.489,0.484,0.215,–,–,–,0.552,–,–,–,–,–,–,–,–,–,–,–,–,–,0.0549,–,–,–,–,–,–,–,–,–,–,–,–,–,–,–,–,–,–,–,–,–,–,–,–,–,–,–,–,–,2.22,–,–,–,–,2.36,–,0.38,0.224,0.113,1.17,1.76,–,–,–,–,–,–,–,–,–,–,5.47,–,2.26,0.79,5,1  3/4 ,  3/16,  1/8 ,  5/16,0.75,  3/4 ,–,–,–,–,–,–,–,–,–,–,–,–,–,–,–,–,–,0.584,4.68,–,–
14th,–,C,C4X7.25,–,–,–,–,–,–,2.13,4,0.321,–,1.72,0.296,–,–,–,7.25,–,8.9,–,–,–,4.58,2.84,2.29,1.47,–,–,0.425,0.695,0.337,0.447,0.459,0.266,–,–,–,0.386,–,–,–,–,–,–,–,–,–,–,–,–,–,0.0817,–,–,–,–,–,–,–,–,–,–,–,–,–,–,–,–,–,–,–,–,–,–,–,–,–,–,–,–,–,1.24,–,–,–,–,1.88,–,0.281,0.199,0.101,0.767,1.41,–,–,–,–,–,–,–,–,–,–,5.81,–,1.75,0.767,4,1  3/4 ,  5/16,  3/16,  5/16,0.75,  3/4 ,–,–,–,–,–,–,–,–,–,–,–,–,–,–,–,–,–,0.563,3.7,–,–
14th,–,C,C4X6.25,–,–,–,–,–,–,1.77,4,0.247,–,1.65,0.272,–,–,–,6.25,–,11.7,–,–,–,4,2.43,2,1.5,–,–,0.345,0.569,0.284,0.441,0.435,0.221,–,–,–,0.434,–,–,–,–,–,–,–,–,–,–,–,–,–,0.0487,–,–,–,–,–,–,–,–,–,–,–,–,–,–,–,–,–,–,–,–,–,–,–,–,–,–,–,–,–,1.03,–,–,–,–,1.81,–,0.238,0.159,0.0805,0.711,1.21,–,–,–,–,–,–,–,–,–,–,6.07,–,1.79,0.764,4,1  3/4 ,  1/4 ,  1/8 ,  5/16,0.75,  3/4 ,–,–,–,–,–,–,–,–,–,–,–,–,–,–,–,–,–,0.546,3.73,–,–
14th,–,C,C4X5.4,–,–,–,–,–,–,1.58,4,0.184,–,1.58,0.296,–,–,–,5.4,–,15.5,–,–,–,3.85,2.29,1.92,1.56,–,–,0.312,0.565,0.277,0.444,0.457,0.231,–,–,–,0.501,–,–,–,–,–,–,–,–,–,–,–,–,–,0.0399,–,–,–,–,–,–,–,–,–,–,–,–,–,–,–,–,–,–,–,–,–,–,–,–,–,–,–,–,–,0.921,–,–,–,–,1.66,–,0.219,0.123,0.0637,0.765,1.13,–,–,–,–,–,–,–,–,–,–,5.34,–,1.88,0.742,4,1  5/8 ,  3/16,  1/8 ,  5/16,0.75,  3/4 ,–,–,–,–,–,–,–,–,–,–,–,–,–,–,–,–,–,0.528,3.7,–,–
14th,–,C,C4X4.5,–,–,–,–,–,–,1.38,4,0.125,–,1.58,0.296,–,–,–,4.5,–,22.8,–,–,–,3.65,2.12,1.83,1.63,–,–,0.289,0.531,0.265,0.457,0.493,0.321,–,–,–,0.587,–,–,–,–,–,–,–,–,–,–,–,–,–,0.0322,–,–,–,–,–,–,–,–,–,–,–,–,–,–,–,–,–,–,–,–,–,–,–,–,–,–,–,–,–,0.871,–,–,–,–,1.61,–,0.206,0.0908,0.0481,0.798,1.05,–,–,–,–,–,–,–,–,–,–,5.34,–,2.01,0.71,4,1  5/8 ,  1/8 ,  1/16,  5/16,0.75,  3/4 ,–,–,–,–,–,–,–,–,–,–,–,–,–,–,–,–,–,0.524,3.7,–,–
14th,–,C,C3X6,–,–,–,–,–,–,1.76,3,0.356,–,1.6,0.273,–,–,–,6,–,5.38,–,–,–,2.07,1.74,1.38,1.09,–,–,0.3,0.543,0.263,0.413,0.455,0.294,–,–,–,0.322,–,–,–,–,–,–,–,–,–,–,–,–,–,0.0725,–,–,–,–,–,–,–,–,–,–,–,–,–,–,–,–,–,–,–,–,–,–,–,–,–,–,–,–,–,0.462,–,–,–,–,1.26,–,0.158,0.112,0.0538,0.463,0.864,–,–,–,–,–,–,–,–,–,–,5.86,–,1.4,0.69,3,1  5/8 ,  3/8 ,  3/16,  1/4 ,0.688, 11/16,–,–,–,–,–,–,–,–,–,–,–,–,–,–,–,–,–,0.519,2.73,–,–
14th,–,C,C3X5,–,–,–,–,–,–,1.47,3,0.258,–,1.5,0.273,–,–,–,5,–,7.42,–,–,–,1.85,1.52,1.23,1.12,–,–,0.241,0.464,0.228,0.405,0.439,0.245,–,–,–,0.392,–,–,–,–,–,–,–,–,–,–,–,–,–,0.0425,–,–,–,–,–,–,–,–,–,–,–,–,–,–,–,–,–,–,–,–,–,–,–,–,–,–,–,–,–,0.379,–,–,–,–,1.16,–,0.135,0.084,0.0412,0.462,0.753,–,–,–,–,–,–,–,–,–,–,5.49,–,1.45,0.673,3,1  1/2 ,  1/4 ,  1/8 ,  1/4 ,0.688, 11/16,–,–,–,–,–,–,–,–,–,–,–,–,–,–,–,–,–,0.496,2.73,–,–
14th,–,C,C3X4.1,–,–,–,–,–,–,1.2,3,0.17,–,1.41,0.273,–,–,–,4.1,–,11.3,–,–,–,1.65,1.32,1.1,1.18,–,–,0.191,0.399,0.196,0.398,0.437,0.262,–,–,–,0.461,–,–,–,–,–,–,–,–,–,–,–,–,–,0.0269,–,–,–,–,–,–,–,–,–,–,–,–,–,–,–,–,–,–,–,–,–,–,–,–,–,–,–,–,–,0.307,–,–,–,–,1.06,–,0.113,0.0575,0.029,0.462,0.653,–,–,–,–,–,–,–,–,–,–,5.16,–,1.53,0.655,3,1  3/8 ,  3/16,  1/8 ,  1/4 ,0.688, 11/16,–,–,–,–,–,–,–,–,–,–,–,–,–,–,–,–,–,0.469,2.73,–,–
14th,–,C,C3X3.5,–,–,–,–,–,–,1.09,3,0.132,–,1.37,0.273,–,–,–,3.5,–,14.5,–,–,–,1.57,1.24,1.04,1.2,–,–,0.169,0.364,0.182,0.394,0.443,0.296,–,–,–,0.493,–,–,–,–,–,–,–,–,–,–,–,–,–,0.0226,–,–,–,–,–,–,–,–,–,–,–,–,–,–,–,–,–,–,–,–,–,–,–,–,–,–,–,–,–,0.276,–,–,–,–,1.02,–,0.103,0.0452,0.0235,0.461,0.609,–,–,–,–,–,–,–,–,–,–,5.02,–,1.57,0.646,3,1  3/8 ,  1/8 ,  1/16,  1/4 ,0.688, 11/16,–,–,–,–,–,–,–,–,–,–,–,–,–,–,–,–,–,0.456,2.73,–,–
14th,–,MC,MC18X58,–,–,–,–,–,–,17.1,18,0.7,–,4.2,0.625,–,–,–,58,–,22.1,–,–,–,675,95.4,75,6.29,–,–,17.6,10.7,5.28,1.02,0.862,0.474,–,–,–,0.695,–,–,–,–,–,–,–,–,–,–,–,–,–,2.81,–,–,–,–,–,–,–,–,–,–,–,–,–,–,–,–,–,–,–,–,–,–,–,–,–,–,–,–,–,1070,–,–,–,–,24.4,–,21.4,18.4,9.28,19,47.4,–,–,–,–,–,–,–,–,–,–,6.72,–,6.56,0.944,18,4  1/4 , 11/16,  3/8 ,  5/8 ,1.44,1  7/16,–,–,–,–,–,–,–,–,–,–,–,–,–,–,–,–,–,1.35,17.4,–,–
14th,–,MC,MC18X51.9,–,–,–,–,–,–,15.3,18,0.6,–,4.1,0.625,–,–,–,51.9,–,25.8,–,–,–,627,87.3,69.6,6.41,–,–,16.3,9.86,5.02,1.03,0.858,0.424,–,–,–,0.797,–,–,–,–,–,–,–,–,–,–,–,–,–,2.03,–,–,–,–,–,–,–,–,–,–,–,–,–,–,–,–,–,–,–,–,–,–,–,–,–,–,–,–,–,985,–,–,–,–,23.5,–,19.9,16.6,8.31,19,43.3,–,–,–,–,–,–,–,–,–,–,6.56,–,6.7,0.939,18,4  1/8 ,  5/8 ,  5/16,  5/8 ,1.44,1  7/16,–,–,–,–,–,–,–,–,–,–,–,–,–,–,–,–,–,1.35,17.4,–,–
14th,–,MC,MC18X45.8,–,–,–,–,–,–,13.5,18,0.5,–,4,0.625,–,–,–,45.8,–,31,–,–,–,578,79.2,64.2,6.55,–,–,14.9,9.14,4.77,1.05,0.866,0.374,–,–,–,0.909,–,–,–,–,–,–,–,–,–,–,–,–,–,1.45,–,–,–,–,–,–,–,–,–,–,–,–,–,–,–,–,–,–,–,–,–,–,–,–,–,–,–,–,–,897,–,–,–,–,22.5,–,18.3,14.6,7.33,19,39.3,–,–,–,–,–,–,–,–,–,–,6.4,–,6.87,0.933,18,4,  1/2 ,  1/4 ,  5/8 ,1.44,1  7/16,–,–,–,–,–,–,–,–,–,–,–,–,–,–,–,–,–,1.34,17.4,–,–
14th,–,MC,MC18X42.7,–,–,–,–,–,–,12.6,18,0.45,–,3.95,0.625,–,–,–,42.7,–,34.4,–,–,–,554,75.1,61.5,6.64,–,–,14.3,8.82,4.64,1.07,0.877,0.349,–,–,–,0.969,–,–,–,–,–,–,–,–,–,–,–,–,–,1.23,–,–,–,–,–,–,–,–,–,–,–,–,–,–,–,–,–,–,–,–,–,–,–,–,–,–,–,–,–,852,–,–,–,–,22,–,17.4,13.5,6.83,19,37.2,–,–,–,–,–,–,–,–,–,–,6.32,–,6.97,0.93,18,4,  7/16,  1/4 ,  5/8 ,1.44,1  7/16,–,–,–,–,–,–,–,–,–,–,–,–,–,–,–,–,–,1.34,17.4,–,–
14th,–,MC,MC13X50,–,–,–,–,–,–,14.7,13,0.787,–,4.41,0.61,–,–,–,50,–,13.7,–,–,–,314,60.8,48.3,4.62,–,–,16.4,10.2,4.77,1.06,0.974,0.566,–,–,–,0.815,–,–,–,–,–,–,–,–,–,–,–,–,–,2.96,–,–,–,–,–,–,–,–,–,–,–,–,–,–,–,–,–,–,–,–,–,–,–,–,–,–,–,–,–,558,–,–,–,–,17.4,–,14.9,12.1,6.18,13.7,30.3,–,–,–,–,–,–,–,–,–,–,7.23,–,5.07,0.875,13,4  3/8 , 13/16,  7/16,  5/8 ,1.44,1  7/16,–,–,–,–,–,–,–,–,–,–,–,–,–,–,–,–,–,1.41,12.4,–,–
14th,–,MC,MC13X40,–,–,–,–,–,–,11.7,13,0.56,–,4.19,0.61,–,–,–,40,–,19.3,–,–,–,273,51.2,41.9,4.82,–,–,13.7,8.66,4.24,1.08,0.963,0.452,–,–,–,1.03,–,–,–,–,–,–,–,–,–,–,–,–,–,1.55,–,–,–,–,–,–,–,–,–,–,–,–,–,–,–,–,–,–,–,–,–,–,–,–,–,–,–,–,–,462,–,–,–,–,16.1,–,12.8,9.54,4.56,13.7,25.5,–,–,–,–,–,–,–,–,–,–,6.87,–,5.32,0.859,13,4  1/8 ,  9/16,  5/16,  5/8 ,1.44,1  7/16,–,–,–,–,–,–,–,–,–,–,–,–,–,–,–,–,–,1.38,12.4,–,–
14th,–,MC,MC13X35,–,–,–,–,–,–,10.3,13,0.447,–,4.07,0.61,–,–,–,35,–,24.2,–,–,–,252,46.5,38.8,4.95,–,–,12.3,8.04,3.97,1.09,0.98,0.396,–,–,–,1.16,–,–,–,–,–,–,–,–,–,–,–,–,–,1.13,–,–,–,–,–,–,–,–,–,–,–,–,–,–,–,–,–,–,–,–,–,–,–,–,–,–,–,–,–,412,–,–,–,–,15.3,–,11.5,7.85,4.04,13.7,23.1,–,–,–,–,–,–,–,–,–,–,6.67,–,5.5,0.849,13,4  1/8 ,  7/16,  1/4 ,  5/8 ,1.44,1  7/16,–,–,–,–,–,–,–,–,–,–,–,–,–,–,–,–,–,1.35,12.4,–,–
14th,–,MC,MC13X31.8,–,–,–,–,–,–,9.35,13,0.375,–,4,0.61,–,–,–,31.8,–,28.9,–,–,–,239,43.4,36.7,5.05,–,–,11.4,7.69,3.79,1.1,1,0.36,–,–,–,1.24,–,–,–,–,–,–,–,–,–,–,–,–,–,0.937,–,–,–,–,–,–,–,–,–,–,–,–,–,–,–,–,–,–,–,–,–,–,–,–,–,–,–,–,–,380,–,–,–,–,14.8,–,10.8,6.9,3.39,13.7,21.6,–,–,–,–,–,–,–,–,–,–,6.56,–,5.64,0.842,13,4,  3/8 ,  3/16,  5/8 ,1.44,1  7/16,–,–,–,–,–,–,–,–,–,–,–,–,–,–,–,–,–,1.34,12.4,–,–
14th,–,MC,MC12X50,–,–,–,–,–,–,14.7,12,0.835,–,4.14,0.7,–,–,–,50,–,11.5,–,–,–,269,56.5,44.9,4.28,–,–,17.4,10.9,5.64,1.09,1.05,0.613,–,–,–,0.741,–,–,–,–,–,–,–,–,–,–,–,–,–,3.23,–,–,–,–,–,–,–,–,–,–,–,–,–,–,–,–,–,–,–,–,–,–,–,–,–,–,–,–,–,411,–,–,–,–,14.5,–,13,10.3,5.14,13.1,28.1,–,–,–,–,–,–,–,–,–,–,5.91,–,4.77,0.859,12,4  1/8 , 13/16,  7/16, 11/16,1.31,1  5/16,–,–,–,–,–,–,–,–,–,–,–,–,–,–,–,–,–,1.37,11.3,–,–
14th,–,MC,MC12X45,–,–,–,–,–,–,13.2,12,0.71,–,4.01,0.7,–,–,–,45,–,13.5,–,–,–,251,52,41.9,4.36,–,–,15.8,10.1,5.3,1.09,1.04,0.55,–,–,–,0.844,–,–,–,–,–,–,–,–,–,–,–,–,–,2.33,–,–,–,–,–,–,–,–,–,–,–,–,–,–,–,–,–,–,–,–,–,–,–,–,–,–,–,–,–,373,–,–,–,–,13.9,–,11.9,9.09,4.5,13.1,25.8,–,–,–,–,–,–,–,–,–,–,5.73,–,4.88,0.851,12,4, 11/16,  3/8 , 11/16,1.31,1  5/16,–,–,–,–,–,–,–,–,–,–,–,–,–,–,–,–,–,1.35,11.3,–,–
14th,–,MC,MC12X40,–,–,–,–,–,–,11.8,12,0.59,–,3.89,0.7,–,–,–,40,–,16.3,–,–,–,234,47.7,39,4.46,–,–,14.2,9.31,4.98,1.1,1.04,0.49,–,–,–,0.952,–,–,–,–,–,–,–,–,–,–,–,–,–,1.69,–,–,–,–,–,–,–,–,–,–,–,–,–,–,–,–,–,–,–,–,–,–,–,–,–,–,–,–,–,336,–,–,–,–,13.3,–,10.9,7.83,3.91,13.1,23.7,–,–,–,–,–,–,–,–,–,–,5.56,–,5.01,0.842,12,3  7/8 ,  9/16,  5/16, 11/16,1.31,1  5/16,–,–,–,–,–,–,–,–,–,–,–,–,–,–,–,–,–,1.33,11.3,–,–
14th,–,MC,MC12X35,–,–,–,–,–,–,10.3,12,0.465,–,3.77,0.7,–,–,–,35,–,20.6,–,–,–,216,43.2,36,4.59,–,–,12.6,8.62,4.64,1.11,1.05,0.428,–,–,–,1.07,–,–,–,–,–,–,–,–,–,–,–,–,–,1.24,–,–,–,–,–,–,–,–,–,–,–,–,–,–,–,–,–,–,–,–,–,–,–,–,–,–,–,–,–,297,–,–,–,–,12.6,–,9.88,6.52,3.15,13.1,21.4,–,–,–,–,–,–,–,–,–,–,5.39,–,5.18,0.831,12,3  3/4 ,  7/16,  1/4 , 11/16,1.31,1  5/16,–,–,–,–,–,–,–,–,–,–,–,–,–,–,–,–,–,1.3,11.3,–,–
14th,–,MC,MC12X31,–,–,–,–,–,–,9.12,12,0.37,–,3.67,0.7,–,–,–,31,–,25.9,–,–,–,202,39.7,33.7,4.71,–,–,11.3,8.15,4.37,1.11,1.08,0.425,–,–,–,1.17,–,–,–,–,–,–,–,–,–,–,–,–,–,1,–,–,–,–,–,–,–,–,–,–,–,–,–,–,–,–,–,–,–,–,–,–,–,–,–,–,–,–,–,267,–,–,–,–,12,–,8.97,5.34,2.66,13.1,19.7,–,–,–,–,–,–,–,–,–,–,5.24,–,5.34,0.822,12,3  5/8 ,  3/8 ,  3/16, 11/16,1.31,1  5/16,–,–,–,–,–,–,–,–,–,–,–,–,–,–,–,–,–,1.28,11.3,–,–
14th,–,MC,MC12X14.3,–,–,–,–,–,–,4.18,12,0.25,–,2.12,0.313,–,–,–,14.3,–,43.5,–,–,–,76.1,15.9,12.7,4.27,–,–,1,1.21,0.574,0.489,0.377,0.174,–,–,–,0.435,–,–,–,–,–,–,–,–,–,–,–,–,–,0.117,–,–,–,–,–,–,–,–,–,–,–,–,–,–,–,–,–,–,–,–,–,–,–,–,–,–,–,–,–,32.8,–,–,–,–,8.39,–,1.89,1.6,0.796,3.42,7.92,–,–,–,–,–,–,–,–,–,–,6.77,–,4.37,0.965,12,2  1/8 ,  1/4 ,  1/8 ,  5/16,0.75,  3/4 ,–,–,–,–,–,–,–,–,–,–,–,–,–,–,–,–,–,0.672,11.7,–,–
14th,–,MC,MC12X10.6,–,–,–,–,–,–,3.1,12,0.19,–,1.5,0.309,–,–,–,10.6,–,57.3,–,–,–,55.3,11.6,9.22,4.22,–,–,0.378,0.635,0.307,0.349,0.269,0.129,–,–,–,0.284,–,–,–,–,–,–,–,–,–,–,–,–,–,0.0596,–,–,–,–,–,–,–,–,–,–,–,–,–,–,–,–,–,–,–,–,–,–,–,–,–,–,–,–,–,11.7,–,–,–,–,6,–,0.951,0.822,0.41,2.37,5.79,–,–,–,–,–,–,–,–,–,–,4.85,–,4.27,0.983,12,1  1/2 ,  3/16,  1/8 ,  5/16,0.75,  3/4 ,–,–,–,–,–,–,–,–,–,–,–,–,–,–,–,–,–,0.478,11.7,–,–
14th,–,MC,MC10X41.1,–,–,–,–,–,–,12.1,10,0.796,–,4.32,0.575,–,–,–,41.1,–,9.66,–,–,–,157,39.3,31.5,3.61,–,–,15.7,9.49,4.85,1.14,1.09,0.604,–,–,–,0.864,–,–,–,–,–,–,–,–,–,–,–,–,–,2.26,–,–,–,–,–,–,–,–,–,–,–,–,–,–,–,–,–,–,–,–,–,–,–,–,–,–,–,–,–,269,–,–,–,–,12.5,–,9.59,7.43,3.74,9.55,19.5,–,–,–,–,–,–,–,–,–,–,7.51,–,4.26,0.79,10,4  3/8 , 13/16,  7/16,  9/16,1.31,1  5/16,–,–,–,–,–,–,–,–,–,–,–,–,–,–,–,–,–,1.44,9.43,–,–
14th,–,MC,MC10X33.6,–,–,–,–,–,–,9.87,10,0.575,–,4.1,0.575,–,–,–,33.6,–,13.4,–,–,–,139,33.7,27.8,3.75,–,–,13.1,8.28,4.35,1.15,1.09,0.494,–,–,–,1.06,–,–,–,–,–,–,–,–,–,–,–,–,–,1.2,–,–,–,–,–,–,–,–,–,–,–,–,–,–,–,–,–,–,–,–,–,–,–,–,–,–,–,–,–,224,–,–,–,–,11.6,–,8.24,5.78,2.83,9.55,16.7,–,–,–,–,–,–,–,–,–,–,7.13,–,4.47,0.77,10,4  1/8 ,  9/16,  5/16,  9/16,1.31,1  5/16,–,–,–,–,–,–,–,–,–,–,–,–,–,–,–,–,–,1.4,9.43,–,–
14th,–,MC,MC10X28.5,–,–,–,–,–,–,8.37,10,0.425,–,3.95,0.575,–,–,–,28.5,–,18.1,–,–,–,126,30,25.3,3.89,–,–,11.3,7.59,3.99,1.16,1.12,0.419,–,–,–,1.21,–,–,–,–,–,–,–,–,–,–,–,–,–,0.791,–,–,–,–,–,–,–,–,–,–,–,–,–,–,–,–,–,–,–,–,–,–,–,–,–,–,–,–,–,193,–,–,–,–,10.9,–,7.26,4.52,2.2,9.55,14.9,–,–,–,–,–,–,–,–,–,–,6.87,–,4.68,0.752,10,4,  7/16,  1/4 ,  9/16,1.31,1  5/16,–,–,–,–,–,–,–,–,–,–,–,–,–,–,–,–,–,1.36,9.43,–,–
14th,–,MC,MC10X25,–,–,–,–,–,–,7.34,10,0.38,–,3.41,0.575,–,–,–,25,–,20.2,–,–,–,110,26.2,22,3.87,–,–,7.25,5.65,2.96,0.993,0.953,0.367,–,–,–,1.03,–,–,–,–,–,–,–,–,–,–,–,–,–,0.638,–,–,–,–,–,–,–,–,–,–,–,–,–,–,–,–,–,–,–,–,–,–,–,–,–,–,–,–,–,124,–,–,–,–,9.43,–,5.42,3.4,1.75,8.21,13,–,–,–,–,–,–,–,–,–,–,5.93,–,4.46,0.803,10,3  3/8 ,  3/8 ,  3/16,  9/16,1.31,1  5/16,–,–,–,–,–,–,–,–,–,–,–,–,–,–,–,–,–,1.17,9.43,–,–
14th,–,MC,MC10X22,–,–,–,–,–,–,6.45,10,0.29,–,3.32,0.575,–,–,–,22,–,26.5,–,–,–,102,23.9,20.5,3.99,–,–,6.4,5.29,2.75,0.997,0.99,0.467,–,–,–,1.12,–,–,–,–,–,–,–,–,–,–,–,–,–,0.51,–,–,–,–,–,–,–,–,–,–,–,–,–,–,–,–,–,–,–,–,–,–,–,–,–,–,–,–,–,110,–,–,–,–,9,–,4.95,2.78,1.3,8.21,11.8,–,–,–,–,–,–,–,–,–,–,5.77,–,4.62,0.791,10,3  3/8 ,  5/16,  3/16,  9/16,1.31,1  5/16,–,–,–,–,–,–,–,–,–,–,–,–,–,–,–,–,–,1.14,9.43,–,–
14th,–,MC,MC10X8.4,–,–,–,–,–,–,2.46,10,0.17,–,1.5,0.28,–,–,–,8.4,–,52.6,–,–,–,31.9,7.92,6.39,3.61,–,–,0.326,0.548,0.268,0.364,0.284,0.123,–,–,–,0.332,–,–,–,–,–,–,–,–,–,–,–,–,–,0.0413,–,–,–,–,–,–,–,–,–,–,–,–,–,–,–,–,–,–,–,–,–,–,–,–,–,–,–,–,–,7,–,–,–,–,4.85,–,0.678,0.559,0.278,1.81,3.93,–,–,–,–,–,–,–,–,–,–,5.36,–,3.68,0.972,10,1  1/2 ,  3/16,  1/8 ,  1/4 ,0.75,  3/4 ,–,–,–,–,–,–,–,–,–,–,–,–,–,–,–,–,–,0.486,9.72,–,–
14th,–,MC,MC10X6.5,–,–,–,–,–,–,1.95,10,0.152,–,1.17,0.202,–,–,–,6.5,–,59.8,–,–,–,22.9,5.9,4.59,3.43,–,–,0.133,0.284,0.137,0.262,0.194,0.0975,–,–,–,0.182,–,–,–,–,–,–,–,–,–,–,–,–,–,0.0191,–,–,–,–,–,–,–,–,–,–,–,–,–,–,–,–,–,–,–,–,–,–,–,–,–,–,–,–,–,2.76,–,–,–,–,4.1,–,0.346,0.313,0.158,1.01,2.91,–,–,–,–,–,–,–,–,–,–,5.79,–,3.46,0.988,10,1  1/8 ,  1/8 ,  1/16,  3/16,0.563,  9/16,–,–,–,–,–,–,–,–,–,–,–,–,–,–,–,–,–,0.363,9.8,–,–
14th,–,MC,MC9X25.4,–,–,–,–,–,–,7.47,9,0.45,–,3.5,0.55,–,–,–,25.4,–,15.1,–,–,–,87.9,23.5,19.5,3.43,–,–,7.57,5.7,2.99,1.01,0.97,0.415,–,–,–,0.986,–,–,–,–,–,–,–,–,–,–,–,–,–,0.691,–,–,–,–,–,–,–,–,–,–,–,–,–,–,–,–,–,–,–,–,–,–,–,–,–,–,–,–,–,104,–,–,–,–,8.72,–,4.95,3.25,1.61,7.09,11.6,–,–,–,–,–,–,–,–,–,–,6.36,–,4.08,0.77,9,3  1/2 ,  7/16,  1/4 ,  9/16,1.25,1  1/4 ,–,–,–,–,–,–,–,–,–,–,–,–,–,–,–,–,–,1.2,8.45,–,–
14th,–,MC,MC9X23.9,–,–,–,–,–,–,7.02,9,0.4,–,3.45,0.55,–,–,–,23.9,–,17,–,–,–,84.9,22.5,18.9,3.48,–,–,7.14,5.51,2.89,1.01,0.981,0.39,–,–,–,1.04,–,–,–,–,–,–,–,–,–,–,–,–,–,0.599,–,–,–,–,–,–,–,–,–,–,–,–,–,–,–,–,–,–,–,–,–,–,–,–,–,–,–,–,–,98,–,–,–,–,8.49,–,4.69,2.91,1.52,7.09,11.1,–,–,–,–,–,–,–,–,–,–,6.27,–,4.15,0.763,9,3  1/2 ,  3/8 ,  3/16,  9/16,1.25,1  1/4 ,–,–,–,–,–,–,–,–,–,–,–,–,–,–,–,–,–,1.18,8.45,–,–
14th,–,MC,MC8X22.8,–,–,–,–,–,–,6.7,8,0.427,–,3.5,0.525,–,–,–,22.8,–,13.8,–,–,–,63.8,19.1,15.9,3.09,–,–,7.01,5.37,2.81,1.02,1.01,0.419,–,–,–,1.04,–,–,–,–,–,–,–,–,–,–,–,–,–,0.572,–,–,–,–,–,–,–,–,–,–,–,–,–,–,–,–,–,–,–,–,–,–,–,–,–,–,–,–,–,75.2,–,–,–,–,7.6,–,4.06,2.52,1.22,6.03,9.45,–,–,–,–,–,–,–,–,–,–,6.67,–,3.84,0.715,8,3  1/2 ,  7/16,  1/4 ,  1/2 ,1.19,1  3/16,–,–,–,–,–,–,–,–,–,–,–,–,–,–,–,–,–,1.2,7.48,–,–
14th,–,MC,MC8X21.4,–,–,–,–,–,–,6.28,8,0.375,–,3.45,0.525,–,–,–,21.4,–,15.7,–,–,–,61.5,18.2,15.4,3.13,–,–,6.58,5.18,2.71,1.02,1.02,0.452,–,–,–,1.09,–,–,–,–,–,–,–,–,–,–,–,–,–,0.495,–,–,–,–,–,–,–,–,–,–,–,–,–,–,–,–,–,–,–,–,–,–,–,–,–,–,–,–,–,70.8,–,–,–,–,7.42,–,3.87,2.27,1.08,6.03,9.03,–,–,–,–,–,–,–,–,–,–,6.57,–,3.91,0.707,8,3  1/2 ,  3/8 ,  3/16,  1/2 ,1.19,1  3/16,–,–,–,–,–,–,–,–,–,–,–,–,–,–,–,–,–,1.18,7.48,–,–
14th,–,MC,MC8X20,–,–,–,–,–,–,5.87,8,0.4,–,3.03,0.5,–,–,–,20,–,15,–,–,–,54.4,16.4,13.6,3.04,–,–,4.42,3.86,2.02,0.867,0.84,0.367,–,–,–,0.843,–,–,–,–,–,–,–,–,–,–,–,–,–,0.441,–,–,–,–,–,–,–,–,–,–,–,–,–,–,–,–,–,–,–,–,–,–,–,–,–,–,–,–,–,47.8,–,–,–,–,6.7,–,2.99,1.97,0.963,4.93,8.13,–,–,–,–,–,–,–,–,–,–,6.06,–,3.58,0.779,8,3,  3/8 ,  3/16,  1/2 ,1.13,1  1/8 ,–,–,–,–,–,–,–,–,–,–,–,–,–,–,–,–,–,1.03,7.5,–,–
14th,–,MC,MC8X18.7,–,–,–,–,–,–,5.5,8,0.353,–,2.98,0.5,–,–,–,18.7,–,17,–,–,–,52.4,15.6,13.1,3.09,–,–,4.15,3.72,1.95,0.868,0.849,0.344,–,–,–,0.889,–,–,–,–,–,–,–,–,–,–,–,–,–,0.38,–,–,–,–,–,–,–,–,–,–,–,–,–,–,–,–,–,–,–,–,–,–,–,–,–,–,–,–,–,45,–,–,–,–,6.52,–,2.83,1.77,0.875,4.93,7.75,–,–,–,–,–,–,–,–,–,–,5.96,–,3.65,0.773,8,3,  3/8 ,  3/16,  1/2 ,1.13,1  1/8 ,–,–,–,–,–,–,–,–,–,–,–,–,–,–,–,–,–,1.02,7.5,–,–
14th,–,MC,MC8X8.5,–,–,–,–,–,–,2.5,8,0.179,–,1.87,0.311,–,–,–,8.5,–,38.4,–,–,–,23.3,6.95,5.82,3.05,–,–,0.624,0.875,0.431,0.5,0.428,0.156,–,–,–,0.542,–,–,–,–,–,–,–,–,–,–,–,–,–,0.0587,–,–,–,–,–,–,–,–,–,–,–,–,–,–,–,–,–,–,–,–,–,–,–,–,–,–,–,–,–,8.21,–,–,–,–,4.42,–,0.789,0.551,0.285,2.02,3.45,–,–,–,–,–,–,–,–,–,–,6.01,–,3.24,0.91,8,1  7/8 ,  3/16,  1/8 ,  5/16,0.813, 13/16,–,–,–,–,–,–,–,–,–,–,–,–,–,–,–,–,–,0.624,7.69,–,–
14th,–,MC,MC7X22.7,–,–,–,–,–,–,6.67,7,0.503,–,3.6,0.5,–,–,–,22.7,–,9.94,–,–,–,47.4,16.4,13.5,2.67,–,–,7.24,5.38,2.83,1.04,1.04,0.477,–,–,–,1.01,–,–,–,–,–,–,–,–,–,–,–,–,–,0.625,–,–,–,–,–,–,–,–,–,–,–,–,–,–,–,–,–,–,–,–,–,–,–,–,–,–,–,–,–,58.3,–,–,–,–,6.78,–,3.54,2.25,1.1,5.03,8.11,–,–,–,–,–,–,–,–,–,–,7.2,–,3.53,0.659,7,3  5/8 ,  1/2 ,  1/4 ,  1/2 ,1.13,1  1/8 ,–,–,–,–,–,–,–,–,–,–,–,–,–,–,–,–,–,1.23,6.5,–,–
14th,–,MC,MC7X19.1,–,–,–,–,–,–,5.61,7,0.352,–,3.45,0.5,–,–,–,19.1,–,14.2,–,–,–,43.1,14.5,12.3,2.77,–,–,6.06,4.85,2.55,1.04,1.08,0.579,–,–,–,1.15,–,–,–,–,–,–,–,–,–,–,–,–,–,0.407,–,–,–,–,–,–,–,–,–,–,–,–,–,–,–,–,–,–,–,–,–,–,–,–,–,–,–,–,–,49.3,–,–,–,–,6.33,–,3.08,1.65,0.815,5.03,7.19,–,–,–,–,–,–,–,–,–,–,6.9,–,3.7,0.638,7,3  1/2 ,  3/8 ,  3/16,  1/2 ,1.13,1  1/8 ,–,–,–,–,–,–,–,–,–,–,–,–,–,–,–,–,–,1.19,6.5,–,–
14th,–,MC,MC6X18,–,–,–,–,–,–,5.29,6,0.379,–,3.5,0.475,–,–,–,18,–,10.8,–,–,–,29.7,11.7,9.89,2.37,–,–,5.88,4.68,2.47,1.05,1.12,0.644,–,–,–,1.17,–,–,–,–,–,–,–,–,–,–,–,–,–,0.379,–,–,–,–,–,–,–,–,–,–,–,–,–,–,–,–,–,–,–,–,–,–,–,–,–,–,–,–,–,34.6,–,–,–,–,5.39,–,2.5,1.28,0.682,4.1,5.8,–,–,–,–,–,–,–,–,–,–,7.37,–,3.46,0.563,6,3  1/2 ,  3/8 ,  3/16,  1/2 ,1.06,1  1/16,–,–,–,–,–,–,–,–,–,–,–,–,–,–,–,–,–,1.2,5.53,–,–
14th,–,MC,MC6X15.3,–,–,–,–,–,–,4.49,6,0.34,–,3.5,0.385,–,–,–,15.3,–,13.1,–,–,–,25.3,9.91,8.44,2.38,–,–,4.91,3.85,2.01,1.05,1.05,0.511,–,–,–,1.16,–,–,–,–,–,–,–,–,–,–,–,–,–,0.223,–,–,–,–,–,–,–,–,–,–,–,–,–,–,–,–,–,–,–,–,–,–,–,–,–,–,–,–,–,30,–,–,–,–,5.62,–,2.16,1.21,0.575,3.42,4.95,–,–,–,–,–,–,–,–,–,–,9.09,–,3.41,0.579,6,3  1/2 ,  5/16,  3/16,  3/8 ,0.875,  7/8 ,–,–,–,–,–,–,–,–,–,–,–,–,–,–,–,–,–,1.2,5.62,–,–
14th,–,MC,MC6X16.3,–,–,–,–,–,–,4.79,6,0.375,–,3,0.475,–,–,–,16.3,–,10.9,–,–,–,26,10.4,8.66,2.33,–,–,3.77,3.47,1.82,0.887,0.927,0.465,–,–,–,0.93,–,–,–,–,–,–,–,–,–,–,–,–,–,0.336,–,–,–,–,–,–,–,–,–,–,–,–,–,–,–,–,–,–,–,–,–,–,–,–,–,–,–,–,–,22.1,–,–,–,–,4.68,–,1.88,1.06,0.536,3.44,5.13,–,–,–,–,–,–,–,–,–,–,6.32,–,3.11,0.643,6,3,  3/8 ,  3/16,  1/2 ,1.06,1  1/16,–,–,–,–,–,–,–,–,–,–,–,–,–,–,–,–,–,1.03,5.53,–,–
14th,–,MC,MC6X15.1,–,–,–,–,–,–,4.44,6,0.316,–,2.94,0.475,–,–,–,15.1,–,12.9,–,–,–,24.9,9.83,8.3,2.37,–,–,3.46,3.3,1.73,0.883,0.94,0.543,–,–,–,0.982,–,–,–,–,–,–,–,–,–,–,–,–,–,0.285,–,–,–,–,–,–,–,–,–,–,–,–,–,–,–,–,–,–,–,–,–,–,–,–,–,–,–,–,–,20.5,–,–,–,–,4.54,–,1.77,0.915,0.457,3.44,4.87,–,–,–,–,–,–,–,–,–,–,6.19,–,3.18,0.634,6,3,  5/16,  3/16,  1/2 ,1.06,1  1/16,–,–,–,–,–,–,–,–,–,–,–,–,–,–,–,–,–,1.01,5.53,–,–
14th,–,MC,MC6X12,–,–,–,–,–,–,3.53,6,0.31,–,2.5,0.375,–,–,–,12,–,14.5,–,–,–,18.7,7.47,6.24,2.3,–,–,1.85,1.97,1.03,0.724,0.704,0.294,–,–,–,0.725,–,–,–,–,–,–,–,–,–,–,–,–,–,0.155,–,–,–,–,–,–,–,–,–,–,–,–,–,–,–,–,–,–,–,–,–,–,–,–,–,–,–,–,–,11.3,–,–,–,–,4.12,–,1.13,0.723,0.354,2.31,3.7,–,–,–,–,–,–,–,–,–,–,6.67,–,2.8,0.74,6,2  1/2 ,  5/16,  3/16,  3/8 ,0.875,  7/8 ,–,–,–,–,–,–,–,–,–,–,–,–,–,–,–,–,–,0.856,5.63,–,–
14th,–,MC,MC6X7,–,–,–,–,–,–,2.09,6,0.179,–,1.88,0.291,–,–,–,7,–,26,–,–,–,11.4,4.5,3.81,2.34,–,–,0.603,0.865,0.439,0.537,0.501,0.174,–,–,–,0.583,–,–,–,–,–,–,–,–,–,–,–,–,–,0.0464,–,–,–,–,–,–,–,–,–,–,–,–,–,–,–,–,–,–,–,–,–,–,–,–,–,–,–,–,–,4,–,–,–,–,3.19,–,0.519,0.331,0.16,1.41,2.22,–,–,–,–,–,–,–,–,–,–,6.46,–,2.63,0.83,6,1  7/8 ,  3/16,  1/8 ,  5/16,0.75,  3/4 ,–,–,–,–,–,–,–,–,–,–,–,–,–,–,–,–,–,0.638,5.71,–,–
14th,–,MC,MC6X6.5,–,–,–,–,–,–,1.95,6,0.155,–,1.85,0.291,–,–,–,6.5,–,30.1,–,–,–,11,4.28,3.66,2.38,–,–,0.565,0.836,0.422,0.539,0.513,0.191,–,–,–,0.612,–,–,–,–,–,–,–,–,–,–,–,–,–,0.0412,–,–,–,–,–,–,–,–,–,–,–,–,–,–,–,–,–,–,–,–,–,–,–,–,–,–,–,–,–,3.75,–,–,–,–,3.09,–,0.487,0.29,0.146,1.41,2.11,–,–,–,–,–,–,–,–,–,–,6.36,–,2.68,0.824,6,1  7/8 ,  1/8 ,  1/16,  5/16,0.75,  3/4 ,–,–,–,–,–,–,–,–,–,–,–,–,–,–,–,–,–,0.631,5.71,–,–
14th,–,MC,MC4X13.8,–,–,–,–,–,–,4.03,4,0.5,–,2.5,0.5,–,–,–,13.8,–,4.48,–,–,–,8.85,5.53,4.43,1.48,–,–,2.13,2.4,1.29,0.727,0.849,0.508,–,–,–,0.643,–,–,–,–,–,–,–,–,–,–,–,–,–,0.373,–,–,–,–,–,–,–,–,–,–,–,–,–,–,–,–,–,–,–,–,–,–,–,–,–,–,–,–,–,4.84,–,–,–,–,2.37,–,0.806,0.457,0.227,1.75,2.75,–,–,–,–,–,–,–,–,–,–,5,–,2.23,0.55,4,2  1/2 ,  1/2 ,  1/4 ,  1/2 ,1,1,–,–,–,–,–,–,–,–,–,–,–,–,–,–,–,–,–,0.851,3.5,–,–
14th,–,MC,MC3X7.1,–,–,–,–,–,–,2.11,3,0.312,–,1.94,0.351,–,–,–,7.1,–,4.93,–,–,–,2.72,2.24,1.81,1.14,–,–,0.666,0.998,0.518,0.562,0.653,0.414,–,–,–,0.574,–,–,–,–,–,–,–,–,–,–,–,–,–,0.0928,–,–,–,–,–,–,–,–,–,–,–,–,–,–,–,–,–,–,–,–,–,–,–,–,–,–,–,–,–,0.915,–,–,–,–,1.4,–,0.258,0.134,0.0659,0.757,1.11,–,–,–,–,–,–,–,–,–,–,5.53,–,1.76,0.516,3,2,  5/16,  3/16,  3/8 ,0.813, 13/16,–,–,–,–,–,–,–,–,–,–,–,–,–,–,–,–,–,0.657,2.65,–,–
14th,–,L,L8X8X1-1/8,–,–,–,–,–,–,16.8,8,–,–,–,–,–,–,–,56.9,–,–,–,–,–,98.1,31.6,17.5,2.41,2.4,1.05,98.1,31.6,17.5,2.41,2.4,1.05,1.56,–,–,–,–,–,–,–,–,–,–,1,–,–,–,–,–,7.13,1.13,–,–,–,–,–,–,–,–,–,–,–,–,–,–,–,–,–,–,–,–,–,–,–,–,–,–,–,–,32.5,–,–,–,–,–,–,–,–,–,–,–,–,8,–,–,–,–,–,–,–,–,7.08,–,4.29,0.63,–,–,–,–,–,1.75,1  3/4 ,–,12,1,40.7,155,5.26,0,5.26,2.66,3.39,2.66,29.5,–,29.5,15.3,12,15.3,–,–,–,–
14th,–,L,L8X8X1,–,–,–,–,–,–,15.1,8,–,–,–,–,–,–,–,51,–,–,–,–,–,89.1,28.5,15.8,2.43,2.36,0.944,89.1,28.5,15.8,2.43,2.36,0.944,1.56,–,–,–,–,–,–,–,–,–,–,1,–,–,–,–,–,5.08,1,–,–,–,–,–,–,–,–,–,–,–,–,–,–,–,–,–,–,–,–,–,–,–,–,–,–,–,–,23.4,–,–,–,–,–,–,–,–,–,–,–,–,8,–,–,–,–,–,–,–,–,8,–,4.32,0.63,–,–,–,–,–,1.63,1  5/8 ,–,11,1,36.8,141,5.3,0,5.3,2.67,3.34,2.67,26.6,–,26.6,13.8,11,13.8,–,–,–,–
14th,–,L,L8X8X7/8,–,–,–,–,–,–,13.3,8,–,–,–,–,–,–,–,45,–,–,–,–,–,79.7,25.3,14,2.45,2.31,0.831,79.7,25.3,14,2.45,2.31,0.831,1.57,–,–,–,–,–,–,–,–,–,–,1,–,–,–,–,–,3.46,0.875,–,–,–,–,–,–,–,–,–,–,–,–,–,–,–,–,–,–,–,–,–,–,–,–,–,–,–,–,16.1,–,–,–,–,–,–,–,–,–,–,–,–,8,–,–,–,–,–,–,–,–,9.14,–,4.36,0.63,–,–,–,–,–,1.5,1  1/2 ,–,10,1,32.7,127,5.35,0,5.35,2.7,3.27,2.7,23.8,–,23.7,12.1,10,12.1,–,–,–,–
14th,–,L,L8X8X3/4,–,–,–,–,–,–,11.5,8,–,–,–,–,–,–,–,38.9,–,–,–,–,–,69.9,22,12.2,2.46,2.26,0.719,69.9,22,12.2,2.46,2.26,0.719,1.57,–,–,–,–,–,–,–,–,–,–,1,–,–,–,–,–,2.21,0.75,–,–,–,–,–,–,–,–,–,–,–,–,–,–,–,–,–,–,–,–,–,–,–,–,–,–,–,–,10.4,–,–,–,–,–,–,–,–,–,–,–,–,8,–,–,–,–,–,–,–,–,10.7,–,4.39,0.63,–,–,–,–,–,1.38,1  3/8 ,–,8.9,1,28.5,111,5.39,0,5.39,2.73,3.2,2.73,20.6,–,20.6,10.4,8.92,10.5,–,–,–,–
14th,–,L,L8X8X5/8,–,–,–,–,–,–,9.69,8,–,–,–,–,–,–,–,32.7,–,–,–,–,–,59.6,18.6,10.3,2.48,2.21,0.606,59.6,18.6,10.3,2.48,2.21,0.606,1.58,–,–,–,–,–,–,–,–,–,–,1,–,–,–,–,–,1.3,0.625,–,–,–,–,–,–,–,–,–,–,–,–,–,–,–,–,–,–,–,–,–,–,–,–,–,–,–,–,6.16,–,–,–,–,–,–,–,–,–,–,–,–,8,–,–,–,–,–,–,–,–,12.8,–,4.42,0.63,–,–,–,–,–,1.25,1  1/4 ,–,7.72,0.997,24.2,95,5.44,0,5.44,2.75,3.13,2.75,17.5,–,17.5,8.79,7.74,8.8,–,–,–,–
14th,–,L,L8X8X9/16,–,–,–,–,–,–,8.77,8,–,–,–,–,–,–,–,29.6,–,–,–,–,–,54.2,16.8,9.33,2.49,2.19,0.548,54.2,16.8,9.33,2.49,2.19,0.548,1.58,–,–,–,–,–,–,–,–,–,–,1,–,–,–,–,–,0.961,0.563,–,–,–,–,–,–,–,–,–,–,–,–,–,–,–,–,–,–,–,–,–,–,–,–,–,–,–,–,4.55,–,–,–,–,–,–,–,–,–,–,–,–,8,–,–,–,–,–,–,–,–,14.2,–,4.43,0.63,–,–,–,–,–,1.19,1  3/16,–,7.09,0.959,21.9,86.4,5.46,0,5.46,2.76,3.1,2.76,15.8,–,15.8,7.93,7.07,7.94,–,–,–,–
14th,–,L,L8X8X1/2,–,–,–,–,–,–,7.84,8,–,–,–,–,–,–,–,26.4,–,–,–,–,–,48.8,15.1,8.36,2.49,2.17,0.49,48.8,15.1,8.36,2.49,2.17,0.49,1.59,–,–,–,–,–,–,–,–,–,–,1,–,–,–,–,–,0.683,0.5,–,–,–,–,–,–,–,–,–,–,–,–,–,–,–,–,–,–,–,–,–,–,–,–,–,–,–,–,3.23,–,–,–,–,–,–,–,–,–,–,–,–,8,–,–,–,–,–,–,–,–,16,–,4.45,0.63,–,–,–,–,–,1.13,1  1/8 ,–,6.44,0.912,19.8,77.9,5.48,0,5.48,2.76,3.07,2.76,14.2,–,14.2,7.16,6.45,7.17,–,–,–,–
14th,–,L,L8X6X1,–,–,–,–,–,–,13.1,6,–,–,–,–,–,–,–,44.2,–,–,–,–,–,80.9,27.3,15.1,2.49,2.65,1.45,38.8,16.2,8.92,1.72,1.65,0.819,1.28,–,–,–,–,–,–,–,–,–,–,0.542,–,–,–,–,–,4.34,1,–,–,–,–,–,–,–,–,–,–,–,–,–,–,–,–,–,–,–,–,–,–,–,–,–,–,–,–,16.3,–,–,–,–,–,–,–,–,–,–,–,–,8,–,–,–,–,–,–,–,–,8,–,3.88,–,–,–,–,–,–,1.5,1  1/2 ,–,7.6,1,21.3,98.4,3.96,1.54,5.25,2.8,2.71,1.54,24.8,63.8,18.7,7.61,7.85,13.8,–,–,–,–
14th,–,L,L8X6X7/8,–,–,–,–,–,–,11.5,6,–,–,–,–,–,–,–,39.1,–,–,–,–,–,72.4,24.3,13.4,2.5,2.6,1.43,34.9,14.4,7.94,1.74,1.6,0.719,1.28,–,–,–,–,–,–,–,–,–,–,0.546,–,–,–,–,–,2.96,0.875,–,–,–,–,–,–,–,–,–,–,–,–,–,–,–,–,–,–,–,–,–,–,–,–,–,–,–,–,11.3,–,–,–,–,–,–,–,–,–,–,–,–,8,–,–,–,–,–,–,–,–,9.14,–,3.92,–,–,–,–,–,–,1.38,1  3/8 ,–,6.71,1,18.9,88.4,4.01,1.51,5.3,2.82,2.65,1.57,22.1,58.4,16.7,6.69,7.13,12,–,–,–,–
14th,–,L,L8X6X3/4,–,–,–,–,–,–,9.99,6,–,–,–,–,–,–,–,33.8,–,–,–,–,–,63.5,21.1,11.7,2.52,2.55,1.34,30.8,12.5,6.92,1.75,1.56,0.624,1.29,–,–,–,–,–,–,–,–,–,–,0.55,–,–,–,–,–,1.9,0.75,–,–,–,–,–,–,–,–,–,–,–,–,–,–,–,–,–,–,–,–,–,–,–,–,–,–,–,–,7.28,–,–,–,–,–,–,–,–,–,–,–,–,8,–,–,–,–,–,–,–,–,10.7,–,3.95,–,–,–,–,–,–,1.25,1  1/4 ,–,5.82,1,16.6,77.8,4.05,1.48,5.35,2.84,2.6,1.59,19.2,52.5,14.6,5.84,6.39,10.4,–,–,–,–
14th,–,L,L8X6X5/8,–,–,–,–,–,–,8.41,6,–,–,–,–,–,–,–,28.5,–,–,–,–,–,54.2,17.9,9.86,2.54,2.5,1.27,26.4,10.5,5.88,1.77,1.51,0.526,1.29,–,–,–,–,–,–,–,–,–,–,0.554,–,–,–,–,–,1.12,0.625,–,–,–,–,–,–,–,–,–,–,–,–,–,–,–,–,–,–,–,–,–,–,–,–,–,–,–,–,4.33,–,–,–,–,–,–,–,–,–,–,–,–,8,–,–,–,–,–,–,–,–,12.8,–,3.98,–,–,–,–,–,–,1.13,1  1/8 ,–,4.91,0.997,14.1,66.5,4.09,1.45,5.39,2.87,2.53,1.62,16.3,45.7,12.3,4.92,5.57,8.71,–,–,–,–
14th,–,L,L8X6X9/16,–,–,–,–,–,–,7.61,6,–,–,–,–,–,–,–,25.7,–,–,–,–,–,49.4,16.2,8.94,2.55,2.48,1.24,24.1,9.52,5.34,1.78,1.49,0.476,1.3,–,–,–,–,–,–,–,–,–,–,0.556,–,–,–,–,–,0.823,0.563,–,–,–,–,–,–,–,–,–,–,–,–,–,–,–,–,–,–,–,–,–,–,–,–,–,–,–,–,3.2,–,–,–,–,–,–,–,–,–,–,–,–,8,–,–,–,–,–,–,–,–,14.2,–,3.99,–,–,–,–,–,–,1.06,1  1/16,–,4.45,0.959,12.8,60.7,4.11,1.44,5.41,2.87,2.51,1.62,14.8,42,11.2,4.45,5.11,7.88,–,–,–,–
14th,–,L,L8X6X1/2,–,–,–,–,–,–,6.8,6,–,–,–,–,–,–,–,23,–,–,–,–,–,44.4,14.6,8.01,2.55,2.46,1.2,21.7,8.52,4.79,1.79,1.46,0.425,1.3,–,–,–,–,–,–,–,–,–,–,0.557,–,–,–,–,–,0.584,0.5,–,–,–,–,–,–,–,–,–,–,–,–,–,–,–,–,–,–,–,–,–,–,–,–,–,–,–,–,2.28,–,–,–,–,–,–,–,–,–,–,–,–,8,–,–,–,–,–,–,–,–,16,–,4.01,–,–,–,–,–,–,1,1,–,3.98,0.912,11.5,54.6,4.14,1.44,5.43,2.89,2.47,1.64,13.2,37.9,10.1,3.98,4.65,7.02,–,–,–,–
14th,–,L,L8X6X7/16,–,–,–,–,–,–,5.99,6,–,–,–,–,–,–,–,20.2,–,–,–,–,–,39.3,12.9,7.06,2.56,2.43,1.15,19.3,7.5,4.23,1.8,1.44,0.374,1.31,–,–,–,–,–,–,–,–,–,–,0.559,–,–,–,–,–,0.396,0.438,–,–,–,–,–,–,–,–,–,–,–,–,–,–,–,–,–,–,–,–,–,–,–,–,–,–,–,–,1.55,–,–,–,–,–,–,–,–,–,–,–,–,8,–,–,–,–,–,–,–,–,18.3,–,4.02,–,–,–,–,–,–,0.938, 15/16,–,3.51,0.85,10.2,48.4,4.16,1.42,5.46,2.9,2.44,1.65,11.6,34.1,8.87,3.52,4.18,6.17,–,–,–,–
14th,–,L,L8X4X1,–,–,–,–,–,–,11.1,4,–,–,–,–,–,–,–,37.4,–,–,–,–,–,69.7,24.3,14,2.51,3.03,2.45,11.6,7.73,3.94,1.03,1.04,0.694,0.844,–,–,–,–,–,–,–,–,–,–,0.247,–,–,–,–,–,3.68,1,–,–,–,–,–,–,–,–,–,–,–,–,–,–,–,–,–,–,–,–,–,–,–,–,–,–,–,–,12.9,–,–,–,–,–,–,–,–,–,–,–,–,8,–,–,–,–,–,–,–,–,8,–,3.75,–,–,–,–,–,–,1.5,1  1/2 ,–,3.48,1,7.83,73.4,3.17,2.69,4.95,2.27,1.74,0.667,23.2,27.3,14.8,3.45,4.51,11.7,–,–,–,–
14th,–,L,L8X4X7/8,–,–,–,–,–,–,9.79,4,–,–,–,–,–,–,–,33.1,–,–,–,–,–,62.6,21.7,12.5,2.53,2.99,2.41,10.5,6.77,3.51,1.04,0.997,0.612,0.846,–,–,–,–,–,–,–,–,–,–,0.252,–,–,–,–,–,2.51,0.875,–,–,–,–,–,–,–,–,–,–,–,–,–,–,–,–,–,–,–,–,–,–,–,–,–,–,–,–,8.89,–,–,–,–,–,–,–,–,–,–,–,–,8,–,–,–,–,–,–,–,–,9.14,–,3.78,–,–,–,–,–,–,1.38,1  3/8 ,–,3.06,1,6.97,66.1,3.21,2.66,4.99,2.29,1.7,0.681,20.6,24.9,13.2,3.05,4.11,10.2,–,–,–,–
14th,–,L,L8X4X3/4,–,–,–,–,–,–,8.49,4,–,–,–,–,–,–,–,28.7,–,–,–,–,–,55,18.9,10.9,2.55,2.94,2.34,9.37,5.82,3.07,1.05,0.949,0.531,0.85,–,–,–,–,–,–,–,–,–,–,0.257,–,–,–,–,–,1.61,0.75,–,–,–,–,–,–,–,–,–,–,–,–,–,–,–,–,–,–,–,–,–,–,–,–,–,–,–,–,5.75,–,–,–,–,–,–,–,–,–,–,–,–,8,–,–,–,–,–,–,–,–,10.7,–,3.8,–,–,–,–,–,–,1.25,1  1/4 ,–,2.65,1,6.14,58.2,3.24,2.61,5.04,2.32,1.65,0.704,17.9,22.3,11.5,2.65,3.72,8.7,–,–,–,–
14th,–,L,L8X4X5/8,–,–,–,–,–,–,7.16,4,–,–,–,–,–,–,–,24.2,–,–,–,–,–,47,16.1,9.2,2.56,2.89,2.27,8.11,4.86,2.62,1.06,0.902,0.448,0.856,–,–,–,–,–,–,–,–,–,–,0.262,–,–,–,–,–,0.955,0.625,–,–,–,–,–,–,–,–,–,–,–,–,–,–,–,–,–,–,–,–,–,–,–,–,–,–,–,–,3.42,–,–,–,–,–,–,–,–,–,–,–,–,8,–,–,–,–,–,–,–,–,12.8,–,3.83,–,–,–,–,–,–,1.13,1  1/8 ,–,2.24,0.997,5.24,49.9,3.28,2.57,5.09,2.34,1.61,0.725,15.2,19.4,9.8,2.24,3.27,7.24,–,–,–,–
14th,–,L,L8X4X9/16,–,–,–,–,–,–,6.49,4,–,–,–,–,–,–,–,21.9,–,–,–,–,–,42.9,14.6,8.34,2.57,2.86,2.23,7.44,4.39,2.38,1.07,0.878,0.406,0.859,–,–,–,–,–,–,–,–,–,–,0.264,–,–,–,–,–,0.704,0.563,–,–,–,–,–,–,–,–,–,–,–,–,–,–,–,–,–,–,–,–,–,–,–,–,–,–,–,–,2.53,–,–,–,–,–,–,–,–,–,–,–,–,8,–,–,–,–,–,–,–,–,14.2,–,3.84,–,–,–,–,–,–,1.06,1  1/16,–,2.03,0.959,4.78,45.6,3.29,2.54,5.12,2.36,1.58,0.736,13.9,17.9,8.9,2.02,3.03,6.51,–,–,–,–
14th,–,L,L8X4X1/2,–,–,–,–,–,–,5.8,4,–,–,–,–,–,–,–,19.6,–,–,–,–,–,38.6,13.1,7.48,2.58,2.84,2.2,6.75,3.91,2.15,1.08,0.854,0.363,0.863,–,–,–,–,–,–,–,–,–,–,0.266,–,–,–,–,–,0.501,0.5,–,–,–,–,–,–,–,–,–,–,–,–,–,–,–,–,–,–,–,–,–,–,–,–,–,–,–,–,1.8,–,–,–,–,–,–,–,–,–,–,–,–,8,–,–,–,–,–,–,–,–,16,–,3.86,–,–,–,–,–,–,1,1,–,1.82,0.912,4.32,41,3.31,2.52,5.14,2.37,1.56,0.744,12.4,16.2,7.97,1.82,2.78,5.82,–,–,–,–
14th,–,L,L8X4X7/16,–,–,–,–,–,–,5.11,4,–,–,–,–,–,–,–,17.2,–,–,–,–,–,34.2,11.6,6.59,2.59,2.81,2.16,6.03,3.42,1.9,1.09,0.829,0.319,0.867,–,–,–,–,–,–,–,–,–,–,0.268,–,–,–,–,–,0.34,0.438,–,–,–,–,–,–,–,–,–,–,–,–,–,–,–,–,–,–,–,–,–,–,–,–,–,–,–,–,1.22,–,–,–,–,–,–,–,–,–,–,–,–,8,–,–,–,–,–,–,–,–,18.3,–,3.87,–,–,–,–,–,–,0.938, 15/16,–,1.61,0.85,3.84,36.4,3.33,2.5,5.17,2.39,1.53,0.758,11,14.6,7.04,1.61,2.51,5.09,–,–,–,–
14th,–,L,L7X4X3/4,–,–,–,–,–,–,7.74,4,–,–,–,–,–,–,–,26.2,–,–,–,–,–,37.8,14.8,8.39,2.21,2.5,1.84,9,5.6,3.01,1.08,1,0.553,0.855,–,–,–,–,–,–,–,–,–,–,0.324,–,–,–,–,–,1.47,0.75,–,–,–,–,–,–,–,–,–,–,–,–,–,–,–,–,–,–,–,–,–,–,–,–,–,–,–,–,3.97,–,–,–,–,–,–,–,–,–,–,–,–,7,–,–,–,–,–,–,–,–,9.33,–,3.31,–,–,–,–,–,–,1.25,1  1/4 ,–,2.57,1,5.63,41.2,2.95,2.07,4.47,2.2,1.72,0.79,14,19.9,9.21,2.56,3.27,7.12,–,–,–,–
14th,–,L,L7X4X5/8,–,–,–,–,–,–,6.5,4,–,–,–,–,–,–,–,22.1,–,–,–,–,–,32.4,12.5,7.12,2.23,2.45,1.8,7.79,4.69,2.56,1.1,0.958,0.464,0.86,–,–,–,–,–,–,–,–,–,–,0.329,–,–,–,–,–,0.868,0.625,–,–,–,–,–,–,–,–,–,–,–,–,–,–,–,–,–,–,–,–,–,–,–,–,–,–,–,–,2.37,–,–,–,–,–,–,–,–,–,–,–,–,7,–,–,–,–,–,–,–,–,11.2,–,3.34,–,–,–,–,–,–,1.13,1  1/8 ,–,2.16,1,4.81,35.4,2.98,2.03,4.52,2.22,1.68,0.808,11.9,17.5,7.83,2.17,2.87,5.94,–,–,–,–
14th,–,L,L7X4X1/2,–,–,–,–,–,–,5.26,4,–,–,–,–,–,–,–,17.9,–,–,–,–,–,26.6,10.2,5.79,2.25,2.4,1.74,6.48,3.77,2.1,1.11,0.91,0.376,0.866,–,–,–,–,–,–,–,–,–,–,0.334,–,–,–,–,–,0.456,0.5,–,–,–,–,–,–,–,–,–,–,–,–,–,–,–,–,–,–,–,–,–,–,–,–,–,–,–,–,1.25,–,–,–,–,–,–,–,–,–,–,–,–,7,–,–,–,–,–,–,–,–,14,–,3.37,–,–,–,–,–,–,1,1,–,1.76,0.965,3.94,29.1,3.02,1.99,4.57,2.25,1.62,0.834,9.64,14.6,6.36,1.75,2.43,4.75,–,–,–,–
14th,–,L,L7X4X7/16,–,–,–,–,–,–,4.63,4,–,–,–,–,–,–,–,15.7,–,–,–,–,–,23.6,9.03,5.11,2.26,2.38,1.71,5.79,3.31,1.86,1.12,0.886,0.331,0.869,–,–,–,–,–,–,–,–,–,–,0.337,–,–,–,–,–,0.31,0.438,–,–,–,–,–,–,–,–,–,–,–,–,–,–,–,–,–,–,–,–,–,–,–,–,–,–,–,–,0.851,–,–,–,–,–,–,–,–,–,–,–,–,7,–,–,–,–,–,–,–,–,16,–,3.38,–,–,–,–,–,–,0.938, 15/16,–,1.55,0.912,3.5,25.9,3.04,1.97,4.59,2.26,1.6,0.846,8.51,13.1,5.64,1.55,2.19,4.15,–,–,–,–
14th,–,L,L7X4X3/8,–,–,–,–,–,–,4,4,–,–,–,–,–,–,–,13.6,–,–,–,–,–,20.5,7.81,4.42,2.27,2.35,1.67,5.06,2.84,1.61,1.12,0.861,0.286,0.873,–,–,–,–,–,–,–,–,–,–,0.339,–,–,–,–,–,0.198,0.375,–,–,–,–,–,–,–,–,–,–,–,–,–,–,–,–,–,–,–,–,–,–,–,–,–,–,–,–,0.544,–,–,–,–,–,–,–,–,–,–,–,–,7,–,–,–,–,–,–,–,–,18.7,–,3.4,–,–,–,–,–,–,0.875,  7/8 ,–,1.34,0.84,3.04,22.5,3.06,1.95,4.62,2.28,1.57,0.859,7.36,11.5,4.87,1.33,1.94,3.55,–,–,–,–
14th,–,L,L6X6X1,–,–,–,–,–,–,11,6,–,–,–,–,–,–,–,37.4,–,–,–,–,–,35.4,15.4,8.55,1.79,1.86,0.917,35.4,15.4,8.55,1.79,1.86,0.917,1.17,–,–,–,–,–,–,–,–,–,–,1,–,–,–,–,–,3.68,1,–,–,–,–,–,–,–,–,–,–,–,–,–,–,–,–,–,–,–,–,–,–,–,–,–,–,–,–,9.24,–,–,–,–,–,–,–,–,–,–,–,–,6,–,–,–,–,–,–,–,–,6,–,3.18,0.64,–,–,–,–,–,1.5,1  1/2 ,–,5.7,1,14.9,55.8,3.89,0,3.89,1.97,2.63,1.97,14.4,–,14.3,7.57,5.66,7.59,–,–,–,–
14th,–,L,L6X6X7/8,–,–,–,–,–,–,9.75,6,–,–,–,–,–,–,–,33.1,–,–,–,–,–,31.9,13.7,7.61,1.81,1.81,0.813,31.9,13.7,7.61,1.81,1.81,0.813,1.17,–,–,–,–,–,–,–,–,–,–,1,–,–,–,–,–,2.51,0.875,–,–,–,–,–,–,–,–,–,–,–,–,–,–,–,–,–,–,–,–,–,–,–,–,–,–,–,–,6.41,–,–,–,–,–,–,–,–,–,–,–,–,6,–,–,–,–,–,–,–,–,6.86,–,3.21,0.63,–,–,–,–,–,1.38,1  3/8 ,–,5.18,1,13.3,50.5,3.93,0,3.93,1.99,2.56,1.99,12.8,–,12.8,6.67,5.2,6.68,–,–,–,–
14th,–,L,L6X6X3/4,–,–,–,–,–,–,8.46,6,–,–,–,–,–,–,–,28.7,–,–,–,–,–,28.1,11.9,6.64,1.82,1.77,0.705,28.1,11.9,6.64,1.82,1.77,0.705,1.17,–,–,–,–,–,–,–,–,–,–,1,–,–,–,–,–,1.61,0.75,–,–,–,–,–,–,–,–,–,–,–,–,–,–,–,–,–,–,–,–,–,–,–,–,–,–,–,–,4.17,–,–,–,–,–,–,–,–,–,–,–,–,6,–,–,–,–,–,–,–,–,8,–,3.24,0.63,–,–,–,–,–,1.25,1  1/4 ,–,4.63,1,11.6,44.6,3.98,0,3.98,2,2.5,2,11.2,–,11.2,5.78,4.63,5.79,–,–,–,–
14th,–,L,L6X6X5/8,–,–,–,–,–,–,7.13,6,–,–,–,–,–,–,–,24.2,–,–,–,–,–,24.1,10.1,5.64,1.84,1.72,0.594,24.1,10.1,5.64,1.84,1.72,0.594,1.17,–,–,–,–,–,–,–,–,–,–,1,–,–,–,–,–,0.955,0.625,–,–,–,–,–,–,–,–,–,–,–,–,–,–,–,–,–,–,–,–,–,–,–,–,–,–,–,–,2.5,–,–,–,–,–,–,–,–,–,–,–,–,6,–,–,–,–,–,–,–,–,9.6,–,3.28,0.63,–,–,–,–,–,1.13,1  1/8 ,–,4.04,1,9.81,38.4,4.02,0,4.02,2.03,2.43,2.03,9.55,–,9.55,4.83,4.03,4.83,–,–,–,–
14th,–,L,L6X6X9/16,–,–,–,–,–,–,6.45,6,–,–,–,–,–,–,–,21.9,–,–,–,–,–,22,9.18,5.12,1.85,1.7,0.538,22,9.18,5.12,1.85,1.7,0.538,1.18,–,–,–,–,–,–,–,–,–,–,1,–,–,–,–,–,0.704,0.563,–,–,–,–,–,–,–,–,–,–,–,–,–,–,–,–,–,–,–,–,–,–,–,–,–,–,–,–,1.85,–,–,–,–,–,–,–,–,–,–,–,–,6,–,–,–,–,–,–,–,–,10.7,–,3.29,0.63,–,–,–,–,–,1.06,1  1/16,–,3.73,1,8.9,35.1,4.04,0,4.04,2.04,2.4,2.04,8.68,–,8.68,4.36,3.7,4.37,–,–,–,–
14th,–,L,L6X6X1/2,–,–,–,–,–,–,5.77,6,–,–,–,–,–,–,–,19.6,–,–,–,–,–,19.9,8.22,4.59,1.86,1.67,0.481,19.9,8.22,4.59,1.86,1.67,0.481,1.18,–,–,–,–,–,–,–,–,–,–,1,–,–,–,–,–,0.501,0.5,–,–,–,–,–,–,–,–,–,–,–,–,–,–,–,–,–,–,–,–,–,–,–,–,–,–,–,–,1.32,–,–,–,–,–,–,–,–,–,–,–,–,6,–,–,–,–,–,–,–,–,12,–,3.31,0.63,–,–,–,–,–,1,1,–,3.4,1,8.06,31.8,4.07,0,4.07,2.06,2.36,2.06,7.82,–,7.82,3.91,3.41,3.92,–,–,–,–
14th,–,L,L6X6X7/16,–,–,–,–,–,–,5.08,6,–,–,–,–,–,–,–,17.2,–,–,–,–,–,17.6,7.25,4.06,1.86,1.65,0.423,17.6,7.25,4.06,1.86,1.65,0.423,1.18,–,–,–,–,–,–,–,–,–,–,1,–,–,–,–,–,0.34,0.438,–,–,–,–,–,–,–,–,–,–,–,–,–,–,–,–,–,–,–,–,–,–,–,–,–,–,–,–,0.899,–,–,–,–,–,–,–,–,–,–,–,–,6,–,–,–,–,–,–,–,–,13.7,–,3.32,0.63,–,–,–,–,–,0.938, 15/16,–,3.05,0.973,7.05,28.1,4.09,0,4.09,2.06,2.33,2.06,6.88,–,6.87,3.41,3.02,3.42,–,–,–,–
14th,–,L,L6X6X3/8,–,–,–,–,–,–,4.38,6,–,–,–,–,–,–,–,14.9,–,–,–,–,–,15.4,6.27,3.51,1.87,1.62,0.365,15.4,6.27,3.51,1.87,1.62,0.365,1.19,–,–,–,–,–,–,–,–,–,–,1,–,–,–,–,–,0.218,0.375,–,–,–,–,–,–,–,–,–,–,–,–,–,–,–,–,–,–,–,–,–,–,–,–,–,–,–,–,0.575,–,–,–,–,–,–,–,–,–,–,–,–,6,–,–,–,–,–,–,–,–,16,–,3.34,0.63,–,–,–,–,–,0.875,  7/8 ,–,2.69,0.912,6.21,24.6,4.11,0,4.11,2.08,2.29,2.08,5.99,–,5.98,2.98,2.71,2.98,–,–,–,–
14th,–,L,L6X6X5/16,–,–,–,–,–,–,3.67,6,–,–,–,–,–,–,–,12.4,–,–,–,–,–,13,5.26,2.95,1.88,1.6,0.306,13,5.26,2.95,1.88,1.6,0.306,1.19,–,–,–,–,–,–,–,–,–,–,1,–,–,–,–,–,0.129,0.313,–,–,–,–,–,–,–,–,–,–,–,–,–,–,–,–,–,–,–,–,–,–,–,–,–,–,–,–,0.338,–,–,–,–,–,–,–,–,–,–,–,–,6,–,–,–,–,–,–,–,–,19.2,–,3.35,0.63,–,–,–,–,–,0.813, 13/16,–,2.3,0.826,5.2,20.8,4.13,0,4.13,2.09,2.26,2.09,5.03,–,5.03,2.49,2.3,2.49,–,–,–,–
14th,–,L,L6X4X7/8,–,–,–,–,–,–,8,4,–,–,–,–,–,–,–,27.2,–,–,–,–,–,27.7,12.7,7.13,1.86,2.12,1.43,9.7,6.26,3.37,1.1,1.12,0.667,0.854,–,–,–,–,–,–,–,–,–,–,0.421,–,–,–,–,–,2.03,0.875,–,–,–,–,–,–,–,–,–,–,–,–,–,–,–,–,–,–,–,–,–,–,–,–,–,–,–,–,4.04,–,–,–,–,–,–,–,–,–,–,–,–,6,–,–,–,–,–,–,–,–,6.86,–,2.82,–,–,–,–,–,–,1.38,1  3/8 ,–,2.91,1,5.82,31.6,2.67,1.52,3.84,2,1.86,0.877,11.8,20.8,8.23,2.91,3.14,6.65,–,–,–,–
14th,–,L,L6X4X3/4,–,–,–,–,–,–,6.94,4,–,–,–,–,–,–,–,23.6,–,–,–,–,–,24.5,11.1,6.23,1.88,2.07,1.37,8.63,5.42,2.95,1.12,1.07,0.578,0.856,–,–,–,–,–,–,–,–,–,–,0.428,–,–,–,–,–,1.31,0.75,–,–,–,–,–,–,–,–,–,–,–,–,–,–,–,–,–,–,–,–,–,–,–,–,–,–,–,–,2.64,–,–,–,–,–,–,–,–,–,–,–,–,6,–,–,–,–,–,–,–,–,8,–,2.85,–,–,–,–,–,–,1.25,1  1/4 ,–,2.51,1,5.08,28.1,2.71,1.48,3.89,2.03,1.8,0.906,10.4,19,7.23,2.51,2.83,5.61,–,–,–,–
14th,–,L,L6X4X5/8,–,–,–,–,–,–,5.86,4,–,–,–,–,–,–,–,20,–,–,–,–,–,21,9.44,5.29,1.89,2.03,1.31,7.48,4.56,2.52,1.13,1.03,0.488,0.859,–,–,–,–,–,–,–,–,–,–,0.435,–,–,–,–,–,0.775,0.625,–,–,–,–,–,–,–,–,–,–,–,–,–,–,–,–,–,–,–,–,–,–,–,–,–,–,–,–,1.59,–,–,–,–,–,–,–,–,–,–,–,–,6,–,–,–,–,–,–,–,–,9.6,–,2.88,–,–,–,–,–,–,1.13,1  1/8 ,–,2.12,1,4.32,24.2,2.76,1.45,3.93,2.04,1.75,0.926,8.77,16.7,6.16,2.12,2.46,4.67,–,–,–,–
14th,–,L,L6X4X9/16,–,–,–,–,–,–,5.31,4,–,–,–,–,–,–,–,18.1,–,–,–,–,–,19.2,8.59,4.81,1.9,2,1.28,6.86,4.13,2.29,1.14,1,0.443,0.861,–,–,–,–,–,–,–,–,–,–,0.438,–,–,–,–,–,0.572,0.563,–,–,–,–,–,–,–,–,–,–,–,–,–,–,–,–,–,–,–,–,–,–,–,–,–,–,–,–,1.18,–,–,–,–,–,–,–,–,–,–,–,–,6,–,–,–,–,–,–,–,–,10.7,–,2.9,–,–,–,–,–,–,1.06,1  1/16,–,1.92,1,3.93,22.1,2.78,1.43,3.95,2.06,1.72,0.947,7.96,15.4,5.59,1.91,2.29,4.15,–,–,–,–
14th,–,L,L6X4X1/2,–,–,–,–,–,–,4.75,4,–,–,–,–,–,–,–,16.2,–,–,–,–,–,17.3,7.71,4.31,1.91,1.98,1.25,6.22,3.69,2.06,1.14,0.981,0.396,0.864,–,–,–,–,–,–,–,–,–,–,0.44,–,–,–,–,–,0.407,0.5,–,–,–,–,–,–,–,–,–,–,–,–,–,–,–,–,–,–,–,–,–,–,–,–,–,–,–,–,0.843,–,–,–,–,–,–,–,–,–,–,–,–,6,–,–,–,–,–,–,–,–,12,–,2.91,–,–,–,–,–,–,1,1,–,1.72,1,3.54,20,2.8,1.41,3.97,2.06,1.7,0.955,7.14,14.1,5.03,1.71,2.09,3.72,–,–,–,–
14th,–,L,L6X4X7/16,–,–,–,–,–,–,4.18,4,–,–,–,–,–,–,–,14.3,–,–,–,–,–,15.4,6.81,3.81,1.92,1.95,1.22,5.56,3.24,1.83,1.15,0.957,0.348,0.867,–,–,–,–,–,–,–,–,–,–,0.443,–,–,–,–,–,0.276,0.438,–,–,–,–,–,–,–,–,–,–,–,–,–,–,–,–,–,–,–,–,–,–,–,–,–,–,–,–,0.575,–,–,–,–,–,–,–,–,–,–,–,–,6,–,–,–,–,–,–,–,–,13.7,–,2.93,–,–,–,–,–,–,0.938, 15/16,–,1.51,0.973,3.14,17.8,2.82,1.39,4,2.08,1.67,0.97,6.32,12.8,4.45,1.51,1.89,3.25,–,–,–,–
14th,–,L,L6X4X3/8,–,–,–,–,–,–,3.61,4,–,–,–,–,–,–,–,12.3,–,–,–,–,–,13.4,5.89,3.3,1.93,1.93,1.19,4.86,2.79,1.58,1.16,0.933,0.301,0.87,–,–,–,–,–,–,–,–,–,–,0.446,–,–,–,–,–,0.177,0.375,–,–,–,–,–,–,–,–,–,–,–,–,–,–,–,–,–,–,–,–,–,–,–,–,–,–,–,–,0.369,–,–,–,–,–,–,–,–,–,–,–,–,6,–,–,–,–,–,–,–,–,16,–,2.94,–,–,–,–,–,–,0.875,  7/8 ,–,1.31,0.912,2.73,15.5,2.84,1.38,4.02,2.09,1.64,0.979,5.45,11.2,3.86,1.31,1.67,2.79,–,–,–,–
14th,–,L,L6X4X5/16,–,–,–,–,–,–,3.03,4,–,–,–,–,–,–,–,10.3,–,–,–,–,–,11.4,4.96,2.77,1.94,1.9,1.15,4.13,2.33,1.34,1.17,0.908,0.253,0.874,–,–,–,–,–,–,–,–,–,–,0.449,–,–,–,–,–,0.104,0.313,–,–,–,–,–,–,–,–,–,–,–,–,–,–,–,–,–,–,–,–,–,–,–,–,–,–,–,–,0.217,–,–,–,–,–,–,–,–,–,–,–,–,6,–,–,–,–,–,–,–,–,19.2,–,2.96,–,–,–,–,–,–,0.813, 13/16,–,1.1,0.826,2.31,13.2,2.85,1.36,4.05,2.11,1.6,0.988,4.62,9.7,3.26,1.1,1.44,2.32,–,–,–,–
14th,–,L,L6X3-1/2X1/2,–,–,–,–,–,–,4.5,3.5,–,–,–,–,–,–,–,15.3,–,–,–,–,–,16.6,7.49,4.23,1.92,2.07,1.5,4.24,2.88,1.59,0.968,0.829,0.375,0.756,–,–,–,–,–,–,–,–,–,–,0.343,–,–,–,–,–,0.386,0.5,–,–,–,–,–,–,–,–,–,–,–,–,–,–,–,–,–,–,–,–,–,–,–,–,–,–,–,–,0.779,–,–,–,–,–,–,–,–,–,–,–,–,6,–,–,–,–,–,–,–,–,12,–,2.88,–,–,–,–,–,–,1,1,–,1.34,1,2.59,18.3,2.59,1.69,3.9,1.94,1.46,0.729,7.07,10.8,4.69,1.34,1.78,3.57,–,–,–,–
14th,–,L,L6X3-1/2X3/8,–,–,–,–,–,–,3.44,3.5,–,–,–,–,–,–,–,11.7,–,–,–,–,–,12.9,5.74,3.23,1.93,2.02,1.41,3.33,2.18,1.22,0.984,0.781,0.287,0.763,–,–,–,–,–,–,–,–,–,–,0.349,–,–,–,–,–,0.168,0.375,–,–,–,–,–,–,–,–,–,–,–,–,–,–,–,–,–,–,–,–,–,–,–,–,–,–,–,–,0.341,–,–,–,–,–,–,–,–,–,–,–,–,6,–,–,–,–,–,–,–,–,16,–,2.9,–,–,–,–,–,–,0.875,  7/8 ,–,1.02,0.912,2.01,14.2,2.62,1.65,3.95,1.97,1.4,0.748,5.41,8.61,3.59,1.02,1.43,2.67,–,–,–,–
14th,–,L,L6X3-1/2X5/16,–,–,–,–,–,–,2.89,3.5,–,–,–,–,–,–,–,9.8,–,–,–,–,–,10.9,4.84,2.72,1.94,2,1.38,2.84,1.82,1.03,0.991,0.756,0.241,0.767,–,–,–,–,–,–,–,–,–,–,0.352,–,–,–,–,–,0.099,0.313,–,–,–,–,–,–,–,–,–,–,–,–,–,–,–,–,–,–,–,–,–,–,–,–,–,–,–,–,0.201,–,–,–,–,–,–,–,–,–,–,–,–,6,–,–,–,–,–,–,–,–,19.2,–,2.92,–,–,–,–,–,–,0.813, 13/16,–,0.859,0.826,1.7,12,2.65,1.64,3.97,1.98,1.38,0.764,4.53,7.33,3.02,0.86,1.24,2.23,–,–,–,–
14th,–,L,L5X5X7/8,–,–,–,–,–,–,8,5,–,–,–,–,–,–,–,27.2,–,–,–,–,–,17.8,9.31,5.16,1.49,1.56,0.8,17.8,9.31,5.16,1.49,1.56,0.8,0.971,–,–,–,–,–,–,–,–,–,–,1,–,–,–,–,–,2.07,0.875,–,–,–,–,–,–,–,–,–,–,–,–,–,–,–,–,–,–,–,–,–,–,–,–,–,–,–,–,3.53,–,–,–,–,–,–,–,–,–,–,–,–,5,–,–,–,–,–,–,–,–,5.71,–,2.64,0.64,–,–,–,–,–,1.38,1  3/8 ,–,3.43,1,7.6,28,3.23,0,3.23,1.64,2.21,1.64,8.68,–,8.68,4.63,3.44,4.64,–,–,–,–
14th,–,L,L5X5X3/4,–,–,–,–,–,–,6.98,5,–,–,–,–,–,–,–,23.6,–,–,–,–,–,15.7,8.14,4.52,1.5,1.52,0.698,15.7,8.14,4.52,1.5,1.52,0.698,0.972,–,–,–,–,–,–,–,–,–,–,1,–,–,–,–,–,1.33,0.75,–,–,–,–,–,–,–,–,–,–,–,–,–,–,–,–,–,–,–,–,–,–,–,–,–,–,–,–,2.32,–,–,–,–,–,–,–,–,–,–,–,–,5,–,–,–,–,–,–,–,–,6.67,–,2.67,0.63,–,–,–,–,–,1.25,1  1/4 ,–,3.08,1,6.55,24.8,3.27,0,3.27,1.65,2.15,1.65,7.58,–,7.58,3.96,3.05,3.97,–,–,–,–
14th,–,L,L5X5X5/8,–,–,–,–,–,–,5.9,5,–,–,–,–,–,–,–,20,–,–,–,–,–,13.6,6.93,3.85,1.52,1.47,0.59,13.6,6.93,3.85,1.52,1.47,0.59,0.975,–,–,–,–,–,–,–,–,–,–,1,–,–,–,–,–,0.792,0.625,–,–,–,–,–,–,–,–,–,–,–,–,–,–,–,–,–,–,–,–,–,–,–,–,–,–,–,–,1.4,–,–,–,–,–,–,–,–,–,–,–,–,5,–,–,–,–,–,–,–,–,8,–,2.7,0.63,–,–,–,–,–,1.13,1  1/8 ,–,2.7,1,5.62,21.6,3.31,0,3.31,1.68,2.08,1.68,6.52,–,6.52,3.35,2.7,3.35,–,–,–,–
14th,–,L,L5X5X1/2,–,–,–,–,–,–,4.79,5,–,–,–,–,–,–,–,16.2,–,–,–,–,–,11.3,5.66,3.15,1.53,1.42,0.479,11.3,5.66,3.15,1.53,1.42,0.479,0.98,–,–,–,–,–,–,–,–,–,–,1,–,–,–,–,–,0.417,0.5,–,–,–,–,–,–,–,–,–,–,–,–,–,–,–,–,–,–,–,–,–,–,–,–,–,–,–,–,0.744,–,–,–,–,–,–,–,–,–,–,–,–,5,–,–,–,–,–,–,–,–,10,–,2.73,0.63,–,–,–,–,–,1,1,–,2.29,1,4.64,18,3.36,0,3.36,1.7,2.01,1.7,5.36,–,5.36,2.72,2.31,2.72,–,–,–,–
14th,–,L,L5X5X7/16,–,–,–,–,–,–,4.22,5,–,–,–,–,–,–,–,14.3,–,–,–,–,–,10,5,2.78,1.54,1.4,0.422,10,5,2.78,1.54,1.4,0.422,0.983,–,–,–,–,–,–,–,–,–,–,1,–,–,–,–,–,0.284,0.438,–,–,–,–,–,–,–,–,–,–,–,–,–,–,–,–,–,–,–,–,–,–,–,–,–,–,–,–,0.508,–,–,–,–,–,–,–,–,–,–,–,–,5,–,–,–,–,–,–,–,–,11.4,–,2.74,0.63,–,–,–,–,–,0.938, 15/16,–,2.06,1,4.04,15.9,3.38,0,3.38,1.71,1.98,1.71,4.7,–,4.7,2.36,2.04,2.36,–,–,–,–
14th,–,L,L5X5X3/8,–,–,–,–,–,–,3.65,5,–,–,–,–,–,–,–,12.3,–,–,–,–,–,8.76,4.33,2.41,1.55,1.37,0.365,8.76,4.33,2.41,1.55,1.37,0.365,0.986,–,–,–,–,–,–,–,–,–,–,1,–,–,–,–,–,0.183,0.375,–,–,–,–,–,–,–,–,–,–,–,–,–,–,–,–,–,–,–,–,–,–,–,–,–,–,–,–,0.327,–,–,–,–,–,–,–,–,–,–,–,–,5,–,–,–,–,–,–,–,–,13.3,–,2.76,0.63,–,–,–,–,–,0.875,  7/8 ,–,1.83,0.983,3.55,14,3.4,0,3.4,1.73,1.94,1.73,4.11,–,4.11,2.05,1.83,2.05,–,–,–,–
14th,–,L,L5X5X5/16,–,–,–,–,–,–,3.07,5,–,–,–,–,–,–,–,10.3,–,–,–,–,–,7.44,3.65,2.04,1.56,1.35,0.307,7.44,3.65,2.04,1.56,1.35,0.307,0.99,–,–,–,–,–,–,–,–,–,–,1,–,–,–,–,–,0.108,0.313,–,–,–,–,–,–,–,–,–,–,–,–,–,–,–,–,–,–,–,–,–,–,–,–,–,–,–,–,0.193,–,–,–,–,–,–,–,–,–,–,–,–,5,–,–,–,–,–,–,–,–,16,–,2.77,0.63,–,–,–,–,–,0.813, 13/16,–,1.58,0.912,3,11.9,3.42,0,3.42,1.74,1.91,1.74,3.48,–,3.47,1.73,1.57,1.73,–,–,–,–
14th,–,L,L5X3-1/2X3/4,–,–,–,–,–,–,5.85,3.5,–,–,–,–,–,–,–,19.8,–,–,–,–,–,13.9,7.6,4.26,1.55,1.74,1.1,5.52,4.07,2.2,0.974,0.993,0.585,0.744,–,–,–,–,–,–,–,–,–,–,0.464,–,–,–,–,–,1.09,0.75,–,–,–,–,–,–,–,–,–,–,–,–,–,–,–,–,–,–,–,–,–,–,–,–,–,–,–,–,1.52,–,–,–,–,–,–,–,–,–,–,–,–,5,–,–,–,–,–,–,–,–,6.67,–,2.36,–,–,–,–,–,–,1.19,1  3/16,–,1.9,1,3.23,16.2,2.29,1.16,3.22,1.7,1.63,0.81,7.07,14,5.03,1.9,1.98,3.99,–,–,–,–
14th,–,L,L5X3-1/2X5/8,–,–,–,–,–,–,4.93,3.5,–,–,–,–,–,–,–,16.8,–,–,–,–,–,12,6.5,3.63,1.56,1.69,1.06,4.8,3.43,1.88,0.987,0.947,0.493,0.746,–,–,–,–,–,–,–,–,–,–,0.472,–,–,–,–,–,0.651,0.625,–,–,–,–,–,–,–,–,–,–,–,–,–,–,–,–,–,–,–,–,–,–,–,–,–,–,–,–,0.918,–,–,–,–,–,–,–,–,–,–,–,–,5,–,–,–,–,–,–,–,–,8,–,2.39,–,–,–,–,–,–,1.06,1  1/16,–,1.6,1,2.74,14.1,2.33,1.12,3.26,1.72,1.58,0.838,6.04,12.5,4.32,1.59,1.74,3.27,–,–,–,–
14th,–,L,L5X3-1/2X1/2,–,–,–,–,–,–,4,3.5,–,–,–,–,–,–,–,13.6,–,–,–,–,–,10,5.33,2.97,1.58,1.65,1,4.02,2.79,1.55,1,0.901,0.4,0.75,–,–,–,–,–,–,–,–,–,–,0.479,–,–,–,–,–,0.343,0.5,–,–,–,–,–,–,–,–,–,–,–,–,–,–,–,–,–,–,–,–,–,–,–,–,–,–,–,–,0.491,–,–,–,–,–,–,–,–,–,–,–,–,5,–,–,–,–,–,–,–,–,10,–,2.42,–,–,–,–,–,–,0.938, 15/16,–,1.29,1,2.26,11.8,2.38,1.1,3.3,1.74,1.52,0.854,4.95,10.7,3.57,1.3,1.48,2.62,–,–,–,–
14th,–,L,L5X3-1/2X3/8,–,–,–,–,–,–,3.05,3.5,–,–,–,–,–,–,–,10.4,–,–,–,–,–,7.75,4.09,2.28,1.59,1.6,0.933,3.15,2.12,1.19,1.02,0.854,0.305,0.755,–,–,–,–,–,–,–,–,–,–,0.485,–,–,–,–,–,0.15,0.375,–,–,–,–,–,–,–,–,–,–,–,–,–,–,–,–,–,–,–,–,–,–,–,–,–,–,–,–,0.217,–,–,–,–,–,–,–,–,–,–,–,–,5,–,–,–,–,–,–,–,–,13.3,–,2.45,–,–,–,–,–,–,0.813, 13/16,–,0.985,0.983,1.73,9.16,2.43,1.07,3.35,1.76,1.47,0.884,3.78,8.59,2.73,0.981,1.18,1.95,–,–,–,–
14th,–,L,L5X3-1/2X5/16,–,–,–,–,–,–,2.56,3.5,–,–,–,–,–,–,–,8.7,–,–,–,–,–,6.58,3.45,1.92,1.6,1.57,0.904,2.69,1.77,1.01,1.02,0.829,0.256,0.758,–,–,–,–,–,–,–,–,–,–,0.489,–,–,–,–,–,0.0883,0.313,–,–,–,–,–,–,–,–,–,–,–,–,–,–,–,–,–,–,–,–,–,–,–,–,–,–,–,–,0.128,–,–,–,–,–,–,–,–,–,–,–,–,5,–,–,–,–,–,–,–,–,16,–,2.47,–,–,–,–,–,–,0.75,  3/4 ,–,0.827,0.912,1.47,7.8,2.44,1.05,3.38,1.78,1.43,0.902,3.19,7.46,2.31,0.827,1.02,1.63,–,–,–,–
14th,–,L,L5X3-1/2X1/4,–,–,–,–,–,–,2.07,3.5,–,–,–,–,–,–,–,7,–,–,–,–,–,5.36,2.78,1.55,1.61,1.55,0.86,2.2,1.42,0.816,1.03,0.804,0.207,0.761,–,–,–,–,–,–,–,–,–,–,0.491,–,–,–,–,–,0.0464,0.25,–,–,–,–,–,–,–,–,–,–,–,–,–,–,–,–,–,–,–,–,–,–,–,–,–,–,–,–,0.067,–,–,–,–,–,–,–,–,–,–,–,–,5,–,–,–,–,–,–,–,–,20,–,2.48,–,–,–,–,–,–,0.688, 11/16,–,0.667,0.804,1.19,6.37,2.47,1.04,3.4,1.79,1.41,0.912,2.58,6.14,1.88,0.664,0.847,1.31,–,–,–,–
14th,–,L,L5X3X1/2,–,–,–,–,–,–,3.75,3,–,–,–,–,–,–,–,12.8,–,–,–,–,–,9.43,5.12,2.89,1.58,1.74,1.25,2.55,2.08,1.13,0.824,0.746,0.375,0.642,–,–,–,–,–,–,–,–,–,–,0.357,–,–,–,–,–,0.322,0.5,–,–,–,–,–,–,–,–,–,–,–,–,–,–,–,–,–,–,–,–,–,–,–,–,–,–,–,–,0.444,–,–,–,–,–,–,–,–,–,–,–,–,5,–,–,–,–,–,–,–,–,10,–,2.38,–,–,–,–,–,–,0.938, 15/16,–,0.953,1,1.55,10.4,2.16,1.39,3.24,1.62,1.29,0.628,4.81,7.49,3.21,0.956,1.2,2.46,–,–,–,–
14th,–,L,L5X3X7/16,–,–,–,–,–,–,3.31,3,–,–,–,–,–,–,–,11.3,–,–,–,–,–,8.41,4.53,2.56,1.59,1.72,1.22,2.29,1.82,1,0.831,0.722,0.331,0.644,–,–,–,–,–,–,–,–,–,–,0.361,–,–,–,–,–,0.22,0.438,–,–,–,–,–,–,–,–,–,–,–,–,–,–,–,–,–,–,–,–,–,–,–,–,–,–,–,–,0.304,–,–,–,–,–,–,–,–,–,–,–,–,5,–,–,–,–,–,–,–,–,11.4,–,2.39,–,–,–,–,–,–,0.875,  7/8 ,–,0.84,1,1.37,9.33,2.19,1.37,3.26,1.63,1.26,0.64,4.27,6.79,2.87,0.838,1.09,2.14,–,–,–,–
14th,–,L,L5X3X3/8,–,–,–,–,–,–,2.86,3,–,–,–,–,–,–,–,9.8,–,–,–,–,–,7.35,3.93,2.22,1.6,1.69,1.19,2.01,1.57,0.874,0.838,0.698,0.286,0.646,–,–,–,–,–,–,–,–,–,–,0.364,–,–,–,–,–,0.141,0.375,–,–,–,–,–,–,–,–,–,–,–,–,–,–,–,–,–,–,–,–,–,–,–,–,–,–,–,–,0.196,–,–,–,–,–,–,–,–,–,–,–,–,5,–,–,–,–,–,–,–,–,13.3,–,2.41,–,–,–,–,–,–,0.813, 13/16,–,0.726,0.983,1.2,8.16,2.2,1.35,3.29,1.65,1.23,0.652,3.71,6.05,2.48,0.728,0.973,1.84,–,–,–,–
14th,–,L,L5X3X5/16,–,–,–,–,–,–,2.41,3,–,–,–,–,–,–,–,8.2,–,–,–,–,–,6.24,3.32,1.87,1.61,1.67,1.14,1.72,1.31,0.739,0.846,0.673,0.241,0.649,–,–,–,–,–,–,–,–,–,–,0.368,–,–,–,–,–,0.0832,0.313,–,–,–,–,–,–,–,–,–,–,–,–,–,–,–,–,–,–,–,–,–,–,–,–,–,–,–,–,0.116,–,–,–,–,–,–,–,–,–,–,–,–,5,–,–,–,–,–,–,–,–,16,–,2.42,–,–,–,–,–,–,0.75,  3/4 ,–,0.61,0.912,1.01,6.95,2.22,1.33,3.3,1.66,1.21,0.665,3.12,5.21,2.1,0.608,0.836,1.52,–,–,–,–
14th,–,L,L5X3X1/4,–,–,–,–,–,–,1.94,3,–,–,–,–,–,–,–,6.6,–,–,–,–,–,5.09,2.68,1.51,1.62,1.64,1.12,1.41,1.05,0.6,0.853,0.648,0.194,0.652,–,–,–,–,–,–,–,–,–,–,0.371,–,–,–,–,–,0.0438,0.25,–,–,–,–,–,–,–,–,–,–,–,–,–,–,–,–,–,–,–,–,–,–,–,–,–,–,–,–,0.0606,–,–,–,–,–,–,–,–,–,–,–,–,5,–,–,–,–,–,–,–,–,20,–,2.43,–,–,–,–,–,–,0.688, 11/16,–,0.491,0.804,0.825,5.68,2.24,1.31,3.33,1.68,1.18,0.677,2.54,4.33,1.7,0.491,0.701,1.22,–,–,–,–
14th,–,L,L4X4X3/4,–,–,–,–,–,–,5.44,4,–,–,–,–,–,–,–,18.5,–,–,–,–,–,7.62,5.02,2.79,1.18,1.27,0.68,7.62,5.02,2.79,1.18,1.27,0.68,0.774,–,–,–,–,–,–,–,–,–,–,1,–,–,–,–,–,1.02,0.75,–,–,–,–,–,–,–,–,–,–,–,–,–,–,–,–,–,–,–,–,–,–,–,–,–,–,–,–,1.12,–,–,–,–,–,–,–,–,–,–,–,–,4,–,–,–,–,–,–,–,–,5.33,–,2.1,0.64,–,–,–,–,–,1.13,1  1/8 ,–,1.81,1,3.25,12,2.56,0,2.56,1.3,1.8,1.3,4.68,–,4.68,2.5,1.81,2.51,–,–,–,–
14th,–,L,L4X4X5/8,–,–,–,–,–,–,4.61,4,–,–,–,–,–,–,–,15.7,–,–,–,–,–,6.62,4.28,2.38,1.2,1.22,0.576,6.62,4.28,2.38,1.2,1.22,0.576,0.774,–,–,–,–,–,–,–,–,–,–,1,–,–,–,–,–,0.61,0.625,–,–,–,–,–,–,–,–,–,–,–,–,–,–,–,–,–,–,–,–,–,–,–,–,–,–,–,–,0.68,–,–,–,–,–,–,–,–,–,–,–,–,4,–,–,–,–,–,–,–,–,6.4,–,2.13,0.63,–,–,–,–,–,1,1,–,1.59,1,2.76,10.5,2.61,0,2.61,1.32,1.73,1.32,4.03,–,4.03,2.08,1.6,2.09,–,–,–,–
14th,–,L,L4X4X1/2,–,–,–,–,–,–,3.75,4,–,–,–,–,–,–,–,12.8,–,–,–,–,–,5.52,3.5,1.96,1.21,1.18,0.469,5.52,3.5,1.96,1.21,1.18,0.469,0.776,–,–,–,–,–,–,–,–,–,–,1,–,–,–,–,–,0.322,0.5,–,–,–,–,–,–,–,–,–,–,–,–,–,–,–,–,–,–,–,–,–,–,–,–,–,–,–,–,0.366,–,–,–,–,–,–,–,–,–,–,–,–,4,–,–,–,–,–,–,–,–,8,–,2.16,0.63,–,–,–,–,–,0.875,  7/8 ,–,1.35,1,2.25,8.79,2.65,0,2.65,1.34,1.67,1.34,3.32,–,3.31,1.68,1.35,1.68,–,–,–,–
14th,–,L,L4X4X7/16,–,–,–,–,–,–,3.3,4,–,–,–,–,–,–,–,11.3,–,–,–,–,–,4.93,3.1,1.73,1.22,1.15,0.413,4.93,3.1,1.73,1.22,1.15,0.413,0.777,–,–,–,–,–,–,–,–,–,–,1,–,–,–,–,–,0.22,0.438,–,–,–,–,–,–,–,–,–,–,–,–,–,–,–,–,–,–,–,–,–,–,–,–,–,–,–,–,0.252,–,–,–,–,–,–,–,–,–,–,–,–,4,–,–,–,–,–,–,–,–,9.13,–,2.18,0.63,–,–,–,–,–,0.813, 13/16,–,1.22,1,1.99,7.86,2.67,0,2.67,1.36,1.63,1.36,2.94,–,2.94,1.47,1.22,1.47,–,–,–,–
14th,–,L,L4X4X3/8,–,–,–,–,–,–,2.86,4,–,–,–,–,–,–,–,9.8,–,–,–,–,–,4.32,2.69,1.5,1.23,1.13,0.358,4.32,2.69,1.5,1.23,1.13,0.358,0.779,–,–,–,–,–,–,–,–,–,–,1,–,–,–,–,–,0.141,0.375,–,–,–,–,–,–,–,–,–,–,–,–,–,–,–,–,–,–,–,–,–,–,–,–,–,–,–,–,0.162,–,–,–,–,–,–,–,–,–,–,–,–,4,–,–,–,–,–,–,–,–,10.7,–,2.19,0.63,–,–,–,–,–,0.75,  3/4 ,–,1.08,1,1.73,6.91,2.7,0,2.7,1.36,1.6,1.36,2.56,–,2.56,1.27,1.08,1.27,–,–,–,–
14th,–,L,L4X4X5/16,–,–,–,–,–,–,2.4,4,–,–,–,–,–,–,–,8.2,–,–,–,–,–,3.67,2.26,1.27,1.24,1.11,0.3,3.67,2.26,1.27,1.24,1.11,0.3,0.781,–,–,–,–,–,–,–,–,–,–,1,–,–,–,–,–,0.0832,0.313,–,–,–,–,–,–,–,–,–,–,–,–,–,–,–,–,–,–,–,–,–,–,–,–,–,–,–,–,0.0963,–,–,–,–,–,–,–,–,–,–,–,–,4,–,–,–,–,–,–,–,–,12.8,–,2.21,0.63,–,–,–,–,–,0.688, 11/16,–,0.936,0.997,1.46,5.88,2.72,0,2.72,1.37,1.57,1.37,2.16,–,2.16,1.07,0.93,1.07,–,–,–,–
14th,–,L,L4X4X1/4,–,–,–,–,–,–,1.93,4,–,–,–,–,–,–,–,6.6,–,–,–,–,–,3,1.82,1.03,1.25,1.08,0.241,3,1.82,1.03,1.25,1.08,0.241,0.783,–,–,–,–,–,–,–,–,–,–,1,–,–,–,–,–,0.0438,0.25,–,–,–,–,–,–,–,–,–,–,–,–,–,–,–,–,–,–,–,–,–,–,–,–,–,–,–,–,0.0505,–,–,–,–,–,–,–,–,–,–,–,–,4,–,–,–,–,–,–,–,–,16,–,2.22,0.63,–,–,–,–,–,0.625,  5/8 ,–,0.776,0.912,1.19,4.82,2.74,0,2.74,1.39,1.53,1.39,1.76,–,1.76,0.856,0.779,0.857,–,–,–,–
14th,–,L,L4X3-1/2X1/2,–,–,–,–,–,–,3.5,3.5,–,–,–,–,–,–,–,11.9,–,–,–,–,–,5.3,3.46,1.92,1.23,1.24,0.5,3.76,2.69,1.5,1.04,0.994,0.438,0.716,–,–,–,–,–,–,–,–,–,–,0.75,–,–,–,–,–,0.301,0.5,–,–,–,–,–,–,–,–,–,–,–,–,–,–,–,–,–,–,–,–,–,–,–,–,–,–,–,–,0.302,–,–,–,–,–,–,–,–,–,–,–,–,4,–,–,–,–,–,–,–,–,8,–,2.03,–,–,–,–,–,–,0.875,  7/8 ,–,1.17,1,1.79,7.26,2.29,0.397,2.66,1.41,1.54,1.06,3.16,18.4,2.74,1.27,1.16,1.69,–,–,–,–
14th,–,L,L4X3-1/2X3/8,–,–,–,–,–,–,2.68,3.5,–,–,–,–,–,–,–,9.1,–,–,–,–,–,4.15,2.66,1.48,1.25,1.2,0.427,2.96,2.06,1.16,1.05,0.947,0.335,0.719,–,–,–,–,–,–,–,–,–,–,0.755,–,–,–,–,–,0.132,0.375,–,–,–,–,–,–,–,–,–,–,–,–,–,–,–,–,–,–,–,–,–,–,–,–,–,–,–,–,0.134,–,–,–,–,–,–,–,–,–,–,–,–,4,–,–,–,–,–,–,–,–,10.7,–,2.06,–,–,–,–,–,–,0.75,  3/4 ,–,0.938,1,1.39,5.73,2.35,0.387,2.69,1.43,1.48,1.08,2.44,14.8,2.13,0.974,0.94,1.28,–,–,–,–
14th,–,L,L4X3-1/2X5/16,–,–,–,–,–,–,2.25,3.5,–,–,–,–,–,–,–,7.7,–,–,–,–,–,3.53,2.24,1.25,1.25,1.17,0.4,2.52,1.74,0.98,1.06,0.923,0.281,0.721,–,–,–,–,–,–,–,–,–,–,0.757,–,–,–,–,–,0.0782,0.313,–,–,–,–,–,–,–,–,–,–,–,–,–,–,–,–,–,–,–,–,–,–,–,–,–,–,–,–,0.0798,–,–,–,–,–,–,–,–,–,–,–,–,4,–,–,–,–,–,–,–,–,12.8,–,2.08,–,–,–,–,–,–,0.688, 11/16,–,0.811,0.997,1.16,4.88,2.36,0.376,2.72,1.44,1.44,1.1,2.06,13,1.79,0.804,0.804,1.06,–,–,–,–
14th,–,L,L4X3-1/2X1/4,–,–,–,–,–,–,1.82,3.5,–,–,–,–,–,–,–,6.2,–,–,–,–,–,2.89,1.81,1.01,1.26,1.14,0.36,2.07,1.4,0.794,1.07,0.897,0.228,0.723,–,–,–,–,–,–,–,–,–,–,0.759,–,–,–,–,–,0.0412,0.25,–,–,–,–,–,–,–,–,–,–,–,–,–,–,–,–,–,–,–,–,–,–,–,–,–,–,–,–,0.0419,–,–,–,–,–,–,–,–,–,–,–,–,4,–,–,–,–,–,–,–,–,16,–,2.09,–,–,–,–,–,–,0.625,  5/8 ,–,0.653,0.912,0.953,4.01,2.38,0.365,2.74,1.46,1.4,1.11,1.68,11,1.46,0.653,0.679,0.856,–,–,–,–
14th,–,L,L4X3X5/8,–,–,–,–,–,–,3.99,3,–,–,–,–,–,–,–,13.6,–,–,–,–,–,6.01,4.08,2.28,1.23,1.37,0.808,2.85,2.45,1.34,0.845,0.867,0.499,0.631,–,–,–,–,–,–,–,–,–,–,0.534,–,–,–,–,–,0.529,0.625,–,–,–,–,–,–,–,–,–,–,–,–,–,–,–,–,–,–,–,–,–,–,–,–,–,–,–,–,0.472,–,–,–,–,–,–,–,–,–,–,–,–,4,–,–,–,–,–,–,–,–,6.4,–,1.91,–,–,–,–,–,–,1,1,–,1.13,1,1.59,7.27,1.94,0.801,2.58,1.38,1.41,0.749,3.75,9.08,2.82,1.15,1.13,2.12,–,–,–,–
14th,–,L,L4X3X1/2,–,–,–,–,–,–,3.25,3,–,–,–,–,–,–,–,11.1,–,–,–,–,–,5.02,3.36,1.87,1.24,1.32,0.75,2.4,1.99,1.1,0.858,0.822,0.406,0.633,–,–,–,–,–,–,–,–,–,–,0.542,–,–,–,–,–,0.281,0.5,–,–,–,–,–,–,–,–,–,–,–,–,–,–,–,–,–,–,–,–,–,–,–,–,–,–,–,–,0.255,–,–,–,–,–,–,–,–,–,–,–,–,4,–,–,–,–,–,–,–,–,8,–,1.94,–,–,–,–,–,–,0.875,  7/8 ,–,0.927,1,1.3,6.12,1.98,0.768,2.63,1.4,1.35,0.777,3.09,7.96,2.33,0.926,0.962,1.68,–,–,–,–
14th,–,L,L4X3X3/8,–,–,–,–,–,–,2.49,3,–,–,–,–,–,–,–,8.5,–,–,–,–,–,3.94,2.6,1.44,1.26,1.27,0.68,1.89,1.52,0.851,0.873,0.775,0.311,0.636,–,–,–,–,–,–,–,–,–,–,0.551,–,–,–,–,–,0.123,0.375,–,–,–,–,–,–,–,–,–,–,–,–,–,–,–,–,–,–,–,–,–,–,–,–,–,–,–,–,0.114,–,–,–,–,–,–,–,–,–,–,–,–,4,–,–,–,–,–,–,–,–,10.7,–,1.97,–,–,–,–,–,–,0.75,  3/4 ,–,0.705,1,1,4.82,2.02,0.739,2.68,1.43,1.29,0.801,2.38,6.53,1.8,0.701,0.774,1.24,–,–,–,–
14th,–,L,L4X3X5/16,–,–,–,–,–,–,2.09,3,–,–,–,–,–,–,–,7.2,–,–,–,–,–,3.36,2.19,1.22,1.27,1.25,0.656,1.62,1.28,0.721,0.88,0.75,0.261,0.638,–,–,–,–,–,–,–,–,–,–,0.554,–,–,–,–,–,0.0731,0.313,–,–,–,–,–,–,–,–,–,–,–,–,–,–,–,–,–,–,–,–,–,–,–,–,–,–,–,–,0.0676,–,–,–,–,–,–,–,–,–,–,–,–,4,–,–,–,–,–,–,–,–,12.8,–,1.98,–,–,–,–,–,–,0.688, 11/16,–,0.591,0.997,0.849,4.13,2.05,0.73,2.69,1.44,1.26,0.814,2.02,5.66,1.53,0.59,0.673,1.04,–,–,–,–
14th,–,L,L4X3X1/4,–,–,–,–,–,–,1.69,3,–,–,–,–,–,–,–,5.8,–,–,–,–,–,2.75,1.77,0.988,1.27,1.22,0.62,1.33,1.03,0.585,0.887,0.725,0.211,0.639,–,–,–,–,–,–,–,–,–,–,0.558,–,–,–,–,–,0.0386,0.25,–,–,–,–,–,–,–,–,–,–,–,–,–,–,–,–,–,–,–,–,–,–,–,–,–,–,–,–,0.0356,–,–,–,–,–,–,–,–,–,–,–,–,4,–,–,–,–,–,–,–,–,16,–,1.99,–,–,–,–,–,–,0.625,  5/8 ,–,0.476,0.912,0.692,3.39,2.06,0.713,2.72,1.46,1.23,0.828,1.64,4.76,1.25,0.476,0.564,0.833,–,–,–,–
14th,–,L,L3-1/2X3-1/2X1/2,–,–,–,–,–,–,3.25,3.5,–,–,–,–,–,–,–,11.1,–,–,–,–,–,3.63,2.66,1.48,1.05,1.05,0.464,3.63,2.66,1.48,1.05,1.05,0.464,0.679,–,–,–,–,–,–,–,–,–,–,1,–,–,–,–,–,0.281,0.5,–,–,–,–,–,–,–,–,–,–,–,–,–,–,–,–,–,–,–,–,–,–,–,–,–,–,–,–,0.238,–,–,–,–,–,–,–,–,–,–,–,–,3.5,–,–,–,–,–,–,–,–,7,–,1.87,0.63,–,–,–,–,–,0.875,  7/8 ,–,1.01,1,1.51,5.75,2.3,0,2.3,1.17,1.48,1.17,2.5,–,2.5,1.29,1.02,1.3,–,–,–,–
14th,–,L,L3-1/2X3-1/2X7/16,–,–,–,–,–,–,2.89,3.5,–,–,–,–,–,–,–,9.8,–,–,–,–,–,3.25,2.36,1.32,1.06,1.03,0.413,3.25,2.36,1.32,1.06,1.03,0.413,0.681,–,–,–,–,–,–,–,–,–,–,1,–,–,–,–,–,0.192,0.438,–,–,–,–,–,–,–,–,–,–,–,–,–,–,–,–,–,–,–,–,–,–,–,–,–,–,–,–,0.164,–,–,–,–,–,–,–,–,–,–,–,–,3.5,–,–,–,–,–,–,–,–,7.99,–,1.89,0.63,–,–,–,–,–,0.813, 13/16,–,0.92,1,1.33,5.16,2.32,0,2.32,1.17,1.46,1.17,2.22,–,2.22,1.13,0.913,1.13,–,–,–,–
14th,–,L,L3-1/2X3-1/2X3/8,–,–,–,–,–,–,2.5,3.5,–,–,–,–,–,–,–,8.5,–,–,–,–,–,2.86,2.06,1.15,1.07,1,0.357,2.86,2.06,1.15,1.07,1,0.357,0.683,–,–,–,–,–,–,–,–,–,–,1,–,–,–,–,–,0.123,0.375,–,–,–,–,–,–,–,–,–,–,–,–,–,–,–,–,–,–,–,–,–,–,–,–,–,–,–,–,0.106,–,–,–,–,–,–,–,–,–,–,–,–,3.5,–,–,–,–,–,–,–,–,9.33,–,1.9,0.63,–,–,–,–,–,0.75,  3/4 ,–,0.821,1,1.17,4.55,2.34,0,2.34,1.19,1.41,1.19,1.94,–,1.94,0.98,0.827,0.981,–,–,–,–
14th,–,L,L3-1/2X3-1/2X5/16,–,–,–,–,–,–,2.1,3.5,–,–,–,–,–,–,–,7.2,–,–,–,–,–,2.44,1.74,0.969,1.08,0.979,0.3,2.44,1.74,0.969,1.08,0.979,0.3,0.685,–,–,–,–,–,–,–,–,–,–,1,–,–,–,–,–,0.0731,0.313,–,–,–,–,–,–,–,–,–,–,–,–,–,–,–,–,–,–,–,–,–,–,–,–,–,–,–,–,0.0634,–,–,–,–,–,–,–,–,–,–,–,–,3.5,–,–,–,–,–,–,–,–,11.2,–,1.92,0.63,–,–,–,–,–,0.688, 11/16,–,0.714,1,0.984,3.89,2.36,0,2.36,1.2,1.38,1.2,1.65,–,1.65,0.819,0.711,0.82,–,–,–,–
14th,–,L,L3-1/2X3-1/2X1/4,–,–,–,–,–,–,1.7,3.5,–,–,–,–,–,–,–,5.8,–,–,–,–,–,2,1.41,0.787,1.09,0.954,0.243,2,1.41,0.787,1.09,0.954,0.243,0.688,–,–,–,–,–,–,–,–,–,–,1,–,–,–,–,–,0.0386,0.25,–,–,–,–,–,–,–,–,–,–,–,–,–,–,–,–,–,–,–,–,–,–,–,–,–,–,–,–,0.0334,–,–,–,–,–,–,–,–,–,–,–,–,3.5,–,–,–,–,–,–,–,–,14,–,1.93,0.63,–,–,–,–,–,0.625,  5/8 ,–,0.598,0.965,0.802,3.19,2.39,0,2.39,1.21,1.35,1.21,1.34,–,1.34,0.66,0.594,0.661,–,–,–,–
14th,–,L,L3-1/2X3X1/2,–,–,–,–,–,–,3.02,3,–,–,–,–,–,–,–,10.2,–,–,–,–,–,3.45,2.61,1.45,1.07,1.12,0.48,2.32,1.97,1.09,0.877,0.869,0.431,0.618,–,–,–,–,–,–,–,–,–,–,0.713,–,–,–,–,–,0.26,0.5,–,–,–,–,–,–,–,–,–,–,–,–,–,–,–,–,–,–,–,–,–,–,–,–,–,–,–,–,0.191,–,–,–,–,–,–,–,–,–,–,–,–,3.5,–,–,–,–,–,–,–,–,7,–,1.75,–,–,–,–,–,–,0.875,  7/8 ,–,0.851,1,1.15,4.62,1.95,0.407,2.3,1.23,1.36,0.878,2.38,11.3,2.01,0.934,0.847,1.31,–,–,–,–
14th,–,L,L3-1/2X3X7/16,–,–,–,–,–,–,2.67,3,–,–,–,–,–,–,–,9.1,–,–,–,–,–,3.1,2.32,1.29,1.08,1.09,0.449,2.09,1.75,0.971,0.885,0.846,0.381,0.62,–,–,–,–,–,–,–,–,–,–,0.717,–,–,–,–,–,0.178,0.438,–,–,–,–,–,–,–,–,–,–,–,–,–,–,–,–,–,–,–,–,–,–,–,–,–,–,–,–,0.132,–,–,–,–,–,–,–,–,–,–,–,–,3.5,–,–,–,–,–,–,–,–,7.99,–,1.76,–,–,–,–,–,–,0.813, 13/16,–,0.774,1,1.02,4.16,1.96,0.393,2.32,1.24,1.32,0.894,2.12,10.6,1.79,0.821,0.771,1.14,–,–,–,–
14th,–,L,L3-1/2X3X3/8,–,–,–,–,–,–,2.32,3,–,–,–,–,–,–,–,7.9,–,–,–,–,–,2.73,2.03,1.12,1.09,1.07,0.407,1.84,1.52,0.847,0.892,0.823,0.331,0.622,–,–,–,–,–,–,–,–,–,–,0.72,–,–,–,–,–,0.114,0.375,–,–,–,–,–,–,–,–,–,–,–,–,–,–,–,–,–,–,–,–,–,–,–,–,–,–,–,–,0.0858,–,–,–,–,–,–,–,–,–,–,–,–,3.5,–,–,–,–,–,–,–,–,9.33,–,1.78,–,–,–,–,–,–,0.75,  3/4 ,–,0.692,1,0.894,3.68,1.99,0.389,2.34,1.25,1.29,0.901,1.85,9.5,1.57,0.715,0.691,0.989,–,–,–,–
14th,–,L,L3-1/2X3X5/16,–,–,–,–,–,–,1.95,3,–,–,–,–,–,–,–,6.6,–,–,–,–,–,2.33,1.72,0.951,1.09,1.05,0.38,1.58,1.28,0.718,0.9,0.798,0.279,0.624,–,–,–,–,–,–,–,–,–,–,0.722,–,–,–,–,–,0.068,0.313,–,–,–,–,–,–,–,–,–,–,–,–,–,–,–,–,–,–,–,–,–,–,–,–,–,–,–,–,0.0512,–,–,–,–,–,–,–,–,–,–,–,–,3.5,–,–,–,–,–,–,–,–,11.2,–,1.79,–,–,–,–,–,–,0.688, 11/16,–,0.602,1,0.758,3.15,2.01,0.383,2.36,1.26,1.26,0.916,1.56,8.19,1.33,0.6,0.601,0.83,–,–,–,–
14th,–,L,L3-1/2X3X1/4,–,–,–,–,–,–,1.58,3,–,–,–,–,–,–,–,5.4,–,–,–,–,–,1.92,1.39,0.773,1.1,1.02,0.34,1.3,1.04,0.585,0.908,0.773,0.226,0.628,–,–,–,–,–,–,–,–,–,–,0.725,–,–,–,–,–,0.036,0.25,–,–,–,–,–,–,–,–,–,–,–,–,–,–,–,–,–,–,–,–,–,–,–,–,–,–,–,–,0.027,–,–,–,–,–,–,–,–,–,–,–,–,3.5,–,–,–,–,–,–,–,–,14,–,1.8,–,–,–,–,–,–,0.625,  5/8 ,–,0.487,0.965,0.622,2.6,2.03,0.374,2.39,1.28,1.22,0.928,1.28,6.98,1.09,0.487,0.508,0.669,–,–,–,–
14th,–,L,L3-1/2X2-1/2X1/2,–,–,–,–,–,–,2.77,2.5,–,–,–,–,–,–,–,9.4,–,–,–,–,–,3.24,2.52,1.41,1.08,1.2,0.73,1.36,1.39,0.756,0.701,0.701,0.396,0.532,–,–,–,–,–,–,–,–,–,–,0.485,–,–,–,–,–,0.234,0.5,–,–,–,–,–,–,–,–,–,–,–,–,–,–,–,–,–,–,–,–,–,–,–,–,–,–,–,–,0.159,–,–,–,–,–,–,–,–,–,–,–,–,3.5,–,–,–,–,–,–,–,–,7,–,1.66,–,–,–,–,–,–,0.875,  7/8 ,–,0.649,1,0.781,3.82,1.64,0.774,2.27,1.2,1.15,0.598,2.33,4.94,1.69,0.649,0.676,1.3,–,–,–,–
14th,–,L,L3-1/2X2-1/2X3/8,–,–,–,–,–,–,2.12,2.5,–,–,–,–,–,–,–,7.2,–,–,–,–,–,2.56,1.96,1.09,1.1,1.15,0.673,1.09,1.07,0.589,0.716,0.655,0.303,0.535,–,–,–,–,–,–,–,–,–,–,0.495,–,–,–,–,–,0.103,0.375,–,–,–,–,–,–,–,–,–,–,–,–,–,–,–,–,–,–,–,–,–,–,–,–,–,–,–,–,0.0714,–,–,–,–,–,–,–,–,–,–,–,–,3.5,–,–,–,–,–,–,–,–,9.33,–,1.69,–,–,–,–,–,–,0.75,  3/4 ,–,0.496,1,0.609,3.04,1.68,0.739,2.31,1.22,1.1,0.626,1.81,4.11,1.31,0.497,0.555,0.975,–,–,–,–
14th,–,L,L3-1/2X2-1/2X5/16,–,–,–,–,–,–,1.79,2.5,–,–,–,–,–,–,–,6.1,–,–,–,–,–,2.2,1.67,0.925,1.11,1.13,0.636,0.937,0.9,0.501,0.723,0.632,0.256,0.538,–,–,–,–,–,–,–,–,–,–,0.5,–,–,–,–,–,0.0611,0.313,–,–,–,–,–,–,–,–,–,–,–,–,–,–,–,–,–,–,–,–,–,–,–,–,–,–,–,–,0.0426,–,–,–,–,–,–,–,–,–,–,–,–,3.5,–,–,–,–,–,–,–,–,11.2,–,1.71,–,–,–,–,–,–,0.688, 11/16,–,0.419,1,0.518,2.62,1.71,0.729,2.33,1.24,1.07,0.633,1.54,3.6,1.12,0.419,0.484,0.815,–,–,–,–
14th,–,L,L3-1/2X2-1/2X1/4,–,–,–,–,–,–,1.45,2.5,–,–,–,–,–,–,–,4.9,–,–,–,–,–,1.81,1.36,0.753,1.12,1.1,0.6,0.775,0.728,0.41,0.731,0.607,0.207,0.541,–,–,–,–,–,–,–,–,–,–,0.504,–,–,–,–,–,0.0322,0.25,–,–,–,–,–,–,–,–,–,–,–,–,–,–,–,–,–,–,–,–,–,–,–,–,–,–,–,–,0.0225,–,–,–,–,–,–,–,–,–,–,–,–,3.5,–,–,–,–,–,–,–,–,14,–,1.72,–,–,–,–,–,–,0.625,  5/8 ,–,0.34,0.965,0.426,2.16,1.72,0.71,2.36,1.25,1.04,0.647,1.25,3.05,0.915,0.34,0.411,0.655,–,–,–,–
14th,–,L,L3X3X1/2,–,–,–,–,–,–,2.76,3,–,–,–,–,–,–,–,9.4,–,–,–,–,–,2.2,1.91,1.06,0.895,0.929,0.46,2.2,1.91,1.06,0.895,0.929,0.46,0.58,–,–,–,–,–,–,–,–,–,–,1,–,–,–,–,–,0.23,0.5,–,–,–,–,–,–,–,–,–,–,–,–,–,–,–,–,–,–,–,–,–,–,–,–,–,–,–,–,0.144,–,–,–,–,–,–,–,–,–,–,–,–,3,–,–,–,–,–,–,–,–,6,–,1.59,0.63,–,–,–,–,–,0.875,  7/8 ,–,0.703,1,0.922,3.48,1.94,0,1.94,0.984,1.31,0.984,1.79,–,1.79,0.936,0.702,0.937,–,–,–,–
14th,–,L,L3X3X7/16,–,–,–,–,–,–,2.43,3,–,–,–,–,–,–,–,8.3,–,–,–,–,–,1.98,1.7,0.946,0.903,0.907,0.405,1.98,1.7,0.946,0.903,0.907,0.405,0.58,–,–,–,–,–,–,–,–,–,–,1,–,–,–,–,–,0.157,0.438,–,–,–,–,–,–,–,–,–,–,–,–,–,–,–,–,–,–,–,–,–,–,–,–,–,–,–,–,0.1,–,–,–,–,–,–,–,–,–,–,–,–,3,–,–,–,–,–,–,–,–,6.85,–,1.6,0.63,–,–,–,–,–,0.813, 13/16,–,0.639,1,0.817,3.14,1.97,0,1.97,0.993,1.28,0.993,1.6,–,1.6,0.822,0.637,0.823,–,–,–,–
14th,–,L,L3X3X3/8,–,–,–,–,–,–,2.11,3,–,–,–,–,–,–,–,7.2,–,–,–,–,–,1.75,1.48,0.825,0.91,0.884,0.352,1.75,1.48,0.825,0.91,0.884,0.352,0.581,–,–,–,–,–,–,–,–,–,–,1,–,–,–,–,–,0.101,0.375,–,–,–,–,–,–,–,–,–,–,–,–,–,–,–,–,–,–,–,–,–,–,–,–,–,–,–,–,0.0652,–,–,–,–,–,–,–,–,–,–,–,–,3,–,–,–,–,–,–,–,–,8,–,1.62,0.63,–,–,–,–,–,0.75,  3/4 ,–,0.57,1,0.716,2.79,1.99,0,1.99,1,1.25,1,1.4,–,1.4,0.713,0.573,0.714,–,–,–,–
14th,–,L,L3X3X5/16,–,–,–,–,–,–,1.78,3,–,–,–,–,–,–,–,6.1,–,–,–,–,–,1.5,1.26,0.699,0.918,0.86,0.297,1.5,1.26,0.699,0.918,0.86,0.297,0.583,–,–,–,–,–,–,–,–,–,–,1,–,–,–,–,–,0.0597,0.313,–,–,–,–,–,–,–,–,–,–,–,–,–,–,–,–,–,–,–,–,–,–,–,–,–,–,–,–,0.039,–,–,–,–,–,–,–,–,–,–,–,–,3,–,–,–,–,–,–,–,–,9.58,–,1.64,0.63,–,–,–,–,–,0.688, 11/16,–,0.496,1,0.606,2.4,2.01,0,2.01,1.02,1.22,1.02,1.19,–,1.19,0.596,0.498,0.597,–,–,–,–
14th,–,L,L3X3X1/4,–,–,–,–,–,–,1.44,3,–,–,–,–,–,–,–,4.9,–,–,–,–,–,1.23,1.02,0.569,0.926,0.836,0.24,1.23,1.02,0.569,0.926,0.836,0.24,0.585,–,–,–,–,–,–,–,–,–,–,1,–,–,–,–,–,0.0313,0.25,–,–,–,–,–,–,–,–,–,–,–,–,–,–,–,–,–,–,–,–,–,–,–,–,–,–,–,–,0.0206,–,–,–,–,–,–,–,–,–,–,–,–,3,–,–,–,–,–,–,–,–,12,–,1.65,0.63,–,–,–,–,–,0.625,  5/8 ,–,0.415,1,0.49,1.97,2.03,0,2.03,1.03,1.18,1.03,0.969,–,0.969,0.477,0.414,0.477,–,–,–,–
14th,–,L,L3X3X3/16,–,–,–,–,–,–,1.09,3,–,–,–,–,–,–,–,3.71,–,–,–,–,–,0.948,0.774,0.433,0.933,0.812,0.182,0.948,0.774,0.433,0.933,0.812,0.182,0.586,–,–,–,–,–,–,–,–,–,–,1,–,–,–,–,–,0.0136,0.188,–,–,–,–,–,–,–,–,–,–,–,–,–,–,–,–,–,–,–,–,–,–,–,–,–,–,–,–,0.00899,–,–,–,–,–,–,–,–,–,–,–,–,3,–,–,–,–,–,–,–,–,16,–,1.67,0.63,–,–,–,–,–,0.563,  9/16,–,0.326,0.912,0.373,1.52,2.05,0,2.05,1.04,1.15,1.04,0.74,–,0.74,0.359,0.325,0.359,–,–,–,–
14th,–,L,L3X2-1/2X1/2,–,–,–,–,–,–,2.5,2.5,–,–,–,–,–,–,–,8.5,–,–,–,–,–,2.07,1.86,1.03,0.91,0.995,0.5,1.29,1.34,0.736,0.718,0.746,0.417,0.516,–,–,–,–,–,–,–,–,–,–,0.666,–,–,–,–,–,0.213,0.5,–,–,–,–,–,–,–,–,–,–,–,–,–,–,–,–,–,–,–,–,–,–,–,–,–,–,–,–,0.112,–,–,–,–,–,–,–,–,–,–,–,–,3,–,–,–,–,–,–,–,–,6,–,1.46,–,–,–,–,–,–,0.875,  7/8 ,–,0.568,1,0.665,2.69,1.59,0.414,1.94,1.05,1.17,0.7,1.69,6.5,1.38,0.636,0.567,0.951,–,–,–,–
14th,–,L,L3X2-1/2X7/16,–,–,–,–,–,–,2.22,2.5,–,–,–,–,–,–,–,7.6,–,–,–,–,–,1.87,1.66,0.921,0.917,0.972,0.463,1.17,1.19,0.656,0.724,0.724,0.37,0.516,–,–,–,–,–,–,–,–,–,–,0.671,–,–,–,–,–,0.146,0.438,–,–,–,–,–,–,–,–,–,–,–,–,–,–,–,–,–,–,–,–,–,–,–,–,–,–,–,–,0.0777,–,–,–,–,–,–,–,–,–,–,–,–,3,–,–,–,–,–,–,–,–,6.85,–,1.48,–,–,–,–,–,–,0.813, 13/16,–,0.517,1,0.594,2.45,1.62,0.403,1.97,1.05,1.14,0.712,1.52,6.07,1.25,0.563,0.52,0.836,–,–,–,–
14th,–,L,L3X2-1/2X3/8,–,–,–,–,–,–,1.93,2.5,–,–,–,–,–,–,–,6.6,–,–,–,–,–,1.65,1.45,0.803,0.924,0.949,0.427,1.03,1.03,0.573,0.731,0.701,0.322,0.517,–,–,–,–,–,–,–,–,–,–,0.675,–,–,–,–,–,0.0943,0.375,–,–,–,–,–,–,–,–,–,–,–,–,–,–,–,–,–,–,–,–,–,–,–,–,–,–,–,–,0.0507,–,–,–,–,–,–,–,–,–,–,–,–,3,–,–,–,–,–,–,–,–,8,–,1.49,–,–,–,–,–,–,0.75,  3/4 ,–,0.463,1,0.514,2.17,1.64,0.395,1.99,1.07,1.11,0.72,1.32,5.51,1.09,0.483,0.462,0.712,–,–,–,–
14th,–,L,L3X2-1/2X5/16,–,–,–,–,–,–,1.63,2.5,–,–,–,–,–,–,–,5.6,–,–,–,–,–,1.41,1.23,0.681,0.932,0.925,0.392,0.888,0.873,0.487,0.739,0.677,0.272,0.518,–,–,–,–,–,–,–,–,–,–,0.679,–,–,–,–,–,0.056,0.313,–,–,–,–,–,–,–,–,–,–,–,–,–,–,–,–,–,–,–,–,–,–,–,–,–,–,–,–,0.0304,–,–,–,–,–,–,–,–,–,–,–,–,3,–,–,–,–,–,–,–,–,9.58,–,1.51,–,–,–,–,–,–,0.688, 11/16,–,0.404,1,0.435,1.86,1.66,0.383,2.01,1.07,1.08,0.739,1.12,4.82,0.926,0.404,0.403,0.593,–,–,–,–
14th,–,L,L3X2-1/2X1/4,–,–,–,–,–,–,1.32,2.5,–,–,–,–,–,–,–,4.5,–,–,–,–,–,1.16,1,0.555,0.94,0.9,0.36,0.734,0.707,0.397,0.746,0.653,0.22,0.52,–,–,–,–,–,–,–,–,–,–,0.683,–,–,–,–,–,0.0296,0.25,–,–,–,–,–,–,–,–,–,–,–,–,–,–,–,–,–,–,–,–,–,–,–,–,–,–,–,–,0.0161,–,–,–,–,–,–,–,–,–,–,–,–,3,–,–,–,–,–,–,–,–,12,–,1.52,–,–,–,–,–,–,0.625,  5/8 ,–,0.327,1,0.355,1.54,1.68,0.373,2.03,1.08,1.05,0.753,0.916,4.11,0.758,0.326,0.339,0.475,–,–,–,–
14th,–,L,L3X2-1/2X3/16,–,–,–,–,–,–,1,2.5,–,–,–,–,–,–,–,3.39,–,–,–,–,–,0.899,0.761,0.423,0.947,0.874,0.333,0.568,0.536,0.303,0.753,0.627,0.167,0.521,–,–,–,–,–,–,–,–,–,–,0.687,–,–,–,–,–,0.013,0.188,–,–,–,–,–,–,–,–,–,–,–,–,–,–,–,–,–,–,–,–,–,–,–,–,–,–,–,–,0.00705,–,–,–,–,–,–,–,–,–,–,–,–,3,–,–,–,–,–,–,–,–,16,–,1.54,–,–,–,–,–,–,0.563,  9/16,–,0.247,0.912,0.271,1.2,1.7,0.365,2.05,1.1,1.01,0.765,0.704,3.29,0.584,0.246,0.268,0.354,–,–,–,–
14th,–,L,L3X2X1/2,–,–,–,–,–,–,2.26,2,–,–,–,–,–,–,–,7.7,–,–,–,–,–,1.92,1.78,1,0.922,1.08,0.74,0.667,0.887,0.47,0.543,0.58,0.377,0.425,–,–,–,–,–,–,–,–,–,–,0.413,–,–,–,–,–,0.192,0.5,–,–,–,–,–,–,–,–,–,–,–,–,–,–,–,–,–,–,–,–,–,–,–,–,–,–,–,–,0.0908,–,–,–,–,–,–,–,–,–,–,–,–,3,–,–,–,–,–,–,–,–,6,–,1.39,–,–,–,–,–,–,0.813, 13/16,–,0.411,1,0.409,2.18,1.31,0.776,1.9,0.995,0.949,0.429,1.66,2.81,1.15,0.411,0.431,0.954,–,–,–,–
14th,–,L,L3X2X3/8,–,–,–,–,–,–,1.75,2,–,–,–,–,–,–,–,5.9,–,–,–,–,–,1.54,1.39,0.779,0.937,1.03,0.667,0.539,0.679,0.368,0.555,0.535,0.292,0.426,–,–,–,–,–,–,–,–,–,–,0.426,–,–,–,–,–,0.0855,0.375,–,–,–,–,–,–,–,–,–,–,–,–,–,–,–,–,–,–,–,–,–,–,–,–,–,–,–,–,0.0413,–,–,–,–,–,–,–,–,–,–,–,–,3,–,–,–,–,–,–,–,–,8,–,1.42,–,–,–,–,–,–,0.688, 11/16,–,0.313,1,0.319,1.76,1.35,0.739,1.95,1.02,0.895,0.45,1.3,2.39,0.903,0.314,0.356,0.704,–,–,–,–
14th,–,L,L3X2X5/16,–,–,–,–,–,–,1.48,2,–,–,–,–,–,–,–,5,–,–,–,–,–,1.32,1.19,0.662,0.945,1.01,0.632,0.467,0.572,0.314,0.562,0.511,0.247,0.428,–,–,–,–,–,–,–,–,–,–,0.432,–,–,–,–,–,0.051,0.313,–,–,–,–,–,–,–,–,–,–,–,–,–,–,–,–,–,–,–,–,–,–,–,–,–,–,–,–,0.0248,–,–,–,–,–,–,–,–,–,–,–,–,3,–,–,–,–,–,–,–,–,9.58,–,1.43,–,–,–,–,–,–,0.625,  5/8 ,–,0.264,1,0.271,1.52,1.37,0.724,1.97,1.03,0.87,0.465,1.11,2.1,0.773,0.264,0.312,0.584,–,–,–,–
14th,–,L,L3X2X1/4,–,–,–,–,–,–,1.2,2,–,–,–,–,–,–,–,4.1,–,–,–,–,–,1.09,0.969,0.541,0.953,0.98,0.6,0.39,0.463,0.258,0.569,0.487,0.2,0.431,–,–,–,–,–,–,–,–,–,–,0.437,–,–,–,–,–,0.027,0.25,–,–,–,–,–,–,–,–,–,–,–,–,–,–,–,–,–,–,–,–,–,–,–,–,–,–,–,–,0.0132,–,–,–,–,–,–,–,–,–,–,–,–,3,–,–,–,–,–,–,–,–,12,–,1.45,–,–,–,–,–,–,0.563,  9/16,–,0.214,1,0.223,1.26,1.39,0.702,2,1.04,0.84,0.48,0.907,1.79,0.631,0.214,0.266,0.467,–,–,–,–
14th,–,L,L3X2X3/16,–,–,–,–,–,–,0.917,2,–,–,–,–,–,–,–,3.07,–,–,–,–,–,0.847,0.743,0.414,0.961,0.952,0.555,0.305,0.351,0.198,0.577,0.462,0.153,0.435,–,–,–,–,–,–,–,–,–,–,0.442,–,–,–,–,–,0.0119,0.188,–,–,–,–,–,–,–,–,–,–,–,–,–,–,–,–,–,–,–,–,–,–,–,–,–,–,–,–,0.00576,–,–,–,–,–,–,–,–,–,–,–,–,3,–,–,–,–,–,–,–,–,16,–,1.46,–,–,–,–,–,–,0.5,  1/2 ,–,0.163,0.912,0.173,0.979,1.41,0.683,2.02,1.06,0.808,0.493,0.696,1.43,0.484,0.163,0.214,0.352,–,–,–,–
14th,–,L,L2-1/2X2-1/2X1/2,–,–,–,–,–,–,2.26,2.5,–,–,–,–,–,–,–,7.7,–,–,–,–,–,1.22,1.29,0.716,0.735,0.803,0.452,1.22,1.29,0.716,0.735,0.803,0.452,0.481,–,–,–,–,–,–,–,–,–,–,1,–,–,–,–,–,0.188,0.5,–,–,–,–,–,–,–,–,–,–,–,–,–,–,–,–,–,–,–,–,–,–,–,–,–,–,–,–,0.0791,–,–,–,–,–,–,–,–,–,–,–,–,2.5,–,–,–,–,–,–,–,–,5,–,1.3,0.64,–,–,–,–,–,0.75,  3/4 ,–,0.459,1,0.526,1.92,1.59,0,1.59,0.809,1.14,0.809,1.21,–,1.21,0.65,0.463,0.651,–,–,–,–
14th,–,L,L2-1/2X2-1/2X3/8,–,–,–,–,–,–,1.73,2.5,–,–,–,–,–,–,–,5.9,–,–,–,–,–,0.972,1.01,0.558,0.749,0.758,0.346,0.972,1.01,0.558,0.749,0.758,0.346,0.481,–,–,–,–,–,–,–,–,–,–,1,–,–,–,–,–,0.0833,0.375,–,–,–,–,–,–,–,–,–,–,–,–,–,–,–,–,–,–,–,–,–,–,–,–,–,–,–,–,0.0362,–,–,–,–,–,–,–,–,–,–,–,–,2.5,–,–,–,–,–,–,–,–,6.67,–,1.33,0.63,–,–,–,–,–,0.625,  5/8 ,–,0.373,1,0.4,1.54,1.64,0,1.64,0.828,1.07,0.828,0.942,–,0.942,0.482,0.373,0.483,–,–,–,–
14th,–,L,L2-1/2X2-1/2X5/16,–,–,–,–,–,–,1.46,2.5,–,–,–,–,–,–,–,5,–,–,–,–,–,0.837,0.853,0.474,0.756,0.735,0.292,0.837,0.853,0.474,0.756,0.735,0.292,0.481,–,–,–,–,–,–,–,–,–,–,1,–,–,–,–,–,0.0495,0.313,–,–,–,–,–,–,–,–,–,–,–,–,–,–,–,–,–,–,–,–,–,–,–,–,–,–,–,–,0.0218,–,–,–,–,–,–,–,–,–,–,–,–,2.5,–,–,–,–,–,–,–,–,7.99,–,1.35,0.63,–,–,–,–,–,0.563,  9/16,–,0.326,1,0.338,1.34,1.66,0,1.66,0.839,1.04,0.839,0.809,–,0.808,0.403,0.325,0.403,–,–,–,–
14th,–,L,L2-1/2X2-1/2X1/4,–,–,–,–,–,–,1.19,2.5,–,–,–,–,–,–,–,4.1,–,–,–,–,–,0.692,0.695,0.387,0.764,0.711,0.238,0.692,0.695,0.387,0.764,0.711,0.238,0.482,–,–,–,–,–,–,–,–,–,–,1,–,–,–,–,–,0.0261,0.25,–,–,–,–,–,–,–,–,–,–,–,–,–,–,–,–,–,–,–,–,–,–,–,–,–,–,–,–,0.0116,–,–,–,–,–,–,–,–,–,–,–,–,2.5,–,–,–,–,–,–,–,–,10,–,1.36,0.63,–,–,–,–,–,0.5,  1/2 ,–,0.274,1,0.276,1.11,1.68,0,1.68,0.851,1.01,0.851,0.661,–,0.661,0.324,0.274,0.325,–,–,–,–
14th,–,L,L2-1/2X2-1/2X3/16,–,–,–,–,–,–,0.901,2.5,–,–,–,–,–,–,–,3.07,–,–,–,–,–,0.535,0.529,0.295,0.771,0.687,0.18,0.535,0.529,0.295,0.771,0.687,0.18,0.482,–,–,–,–,–,–,–,–,–,–,1,–,–,–,–,–,0.0114,0.188,–,–,–,–,–,–,–,–,–,–,–,–,–,–,–,–,–,–,–,–,–,–,–,–,–,–,–,–,0.0051,–,–,–,–,–,–,–,–,–,–,–,–,2.5,–,–,–,–,–,–,–,–,13.3,–,1.38,0.63,–,–,–,–,–,0.438,  7/16,–,0.216,0.983,0.209,0.86,1.7,0,1.7,0.863,0.972,0.863,0.506,–,0.505,0.242,0.215,0.242,–,–,–,–
14th,–,L,L2-1/2X2X3/8,–,–,–,–,–,–,1.55,2,–,–,–,–,–,–,–,5.3,–,–,–,–,–,0.914,0.982,0.546,0.766,0.826,0.433,0.513,0.657,0.361,0.574,0.578,0.31,0.419,–,–,–,–,–,–,–,–,–,–,0.612,–,–,–,–,–,0.0746,0.375,–,–,–,–,–,–,–,–,–,–,–,–,–,–,–,–,–,–,–,–,–,–,–,–,–,–,–,–,0.0268,–,–,–,–,–,–,–,–,–,–,–,–,2.5,–,–,–,–,–,–,–,–,6.67,–,1.22,–,–,–,–,–,–,0.625,  5/8 ,–,0.295,1,0.273,1.15,1.29,0.403,1.63,0.88,0.924,0.541,0.894,2.85,0.705,0.31,0.295,0.505,–,–,–,–
14th,–,L,L2-1/2X2X5/16,–,–,–,–,–,–,1.32,2,–,–,–,–,–,–,–,4.5,–,–,–,–,–,0.79,0.839,0.465,0.774,0.803,0.388,0.446,0.557,0.309,0.581,0.555,0.264,0.42,–,–,–,–,–,–,–,–,–,–,0.618,–,–,–,–,–,0.0444,0.313,–,–,–,–,–,–,–,–,–,–,–,–,–,–,–,–,–,–,–,–,–,–,–,–,–,–,–,–,0.0162,–,–,–,–,–,–,–,–,–,–,–,–,2.5,–,–,–,–,–,–,–,–,7.99,–,1.23,–,–,–,–,–,–,0.563,  9/16,–,0.26,1,0.233,1,1.31,0.391,1.65,0.889,0.894,0.554,0.763,2.56,0.605,0.262,0.26,0.421,–,–,–,–
14th,–,L,L2-1/2X2X1/4,–,–,–,–,–,–,1.07,2,–,–,–,–,–,–,–,3.62,–,–,–,–,–,0.656,0.688,0.381,0.782,0.779,0.36,0.372,0.454,0.253,0.589,0.532,0.214,0.423,–,–,–,–,–,–,–,–,–,–,0.624,–,–,–,–,–,0.0235,0.25,–,–,–,–,–,–,–,–,–,–,–,–,–,–,–,–,–,–,–,–,–,–,–,–,–,–,–,–,0.00868,–,–,–,–,–,–,–,–,–,–,–,–,2.5,–,–,–,–,–,–,–,–,10,–,1.25,–,–,–,–,–,–,0.5,  1/2 ,–,0.213,1,0.192,0.837,1.33,0.38,1.68,0.9,0.864,0.565,0.628,2.21,0.5,0.214,0.222,0.339,–,–,–,–
14th,–,L,L2-1/2X2X3/16,–,–,–,–,–,–,0.818,2,–,–,–,–,–,–,–,2.75,–,–,–,–,–,0.511,0.529,0.293,0.79,0.754,0.319,0.292,0.347,0.195,0.597,0.508,0.164,0.426,–,–,–,–,–,–,–,–,–,–,0.628,–,–,–,–,–,0.0103,0.188,–,–,–,–,–,–,–,–,–,–,–,–,–,–,–,–,–,–,–,–,–,–,–,–,–,–,–,–,0.00382,–,–,–,–,–,–,–,–,–,–,–,–,2.5,–,–,–,–,–,–,–,–,13.3,–,1.26,–,–,–,–,–,–,0.438,  7/16,–,0.163,0.983,0.148,0.654,1.35,0.367,1.7,0.911,0.832,0.58,0.484,1.78,0.385,0.162,0.178,0.256,–,–,–,–
14th,–,L,L2-1/2X1-1/2X1/4,–,–,–,–,–,–,0.947,1.5,–,–,–,–,–,–,–,3.19,–,–,–,–,–,0.594,0.644,0.364,0.792,0.866,0.606,0.16,0.261,0.142,0.411,0.372,0.189,0.321,–,–,–,–,–,–,–,–,–,–,0.354,–,–,–,–,–,0.0209,0.25,–,–,–,–,–,–,–,–,–,–,–,–,–,–,–,–,–,–,–,–,–,–,–,–,–,–,–,–,0.00694,–,–,–,–,–,–,–,–,–,–,–,–,2.5,–,–,–,–,–,–,–,–,10,–,1.19,–,–,–,–,–,–,0.5,  1/2 ,–,0.119,1,0.0977,0.656,1.08,0.692,1.62,0.816,0.64,0.313,0.61,0.947,0.404,0.12,0.153,0.313,–,–,–,–
14th,–,L,L2-1/2X1-1/2X3/16,–,–,–,–,–,–,0.724,1.5,–,–,–,–,–,–,–,2.44,–,–,–,–,–,0.464,0.497,0.28,0.801,0.839,0.569,0.126,0.198,0.11,0.418,0.347,0.145,0.324,–,–,–,–,–,–,–,–,–,–,0.36,–,–,–,–,–,0.00921,0.188,–,–,–,–,–,–,–,–,–,–,–,–,–,–,–,–,–,–,–,–,–,–,–,–,–,–,–,–,0.00306,–,–,–,–,–,–,–,–,–,–,–,–,2.5,–,–,–,–,–,–,–,–,13.3,–,1.2,–,–,–,–,–,–,0.438,  7/16,–,0.0914,0.983,0.0754,0.514,1.09,0.671,1.65,0.832,0.611,0.326,0.471,0.765,0.312,0.0906,0.123,0.232,–,–,–,–
14th,–,L,L2X2X3/8,–,–,–,–,–,–,1.37,2,–,–,–,–,–,–,–,4.7,–,–,–,–,–,0.476,0.629,0.348,0.591,0.632,0.343,0.476,0.629,0.348,0.591,0.632,0.343,0.386,–,–,–,–,–,–,–,–,–,–,1,–,–,–,–,–,0.0658,0.375,–,–,–,–,–,–,–,–,–,–,–,–,–,–,–,–,–,–,–,–,–,–,–,–,–,–,–,–,0.0174,–,–,–,–,–,–,–,–,–,–,–,–,2,–,–,–,–,–,–,–,–,5.33,–,1.05,0.64,–,–,–,–,–,0.625,  5/8 ,–,0.227,1,0.203,0.749,1.28,0,1.28,0.653,0.894,0.653,0.585,–,0.584,0.311,0.227,0.311,–,–,–,–
14th,–,L,L2X2X5/16,–,–,–,–,–,–,1.16,2,–,–,–,–,–,–,–,3.92,–,–,–,–,–,0.414,0.537,0.298,0.598,0.609,0.29,0.414,0.537,0.298,0.598,0.609,0.29,0.386,–,–,–,–,–,–,–,–,–,–,1,–,–,–,–,–,0.0393,0.313,–,–,–,–,–,–,–,–,–,–,–,–,–,–,–,–,–,–,–,–,–,–,–,–,–,–,–,–,0.0106,–,–,–,–,–,–,–,–,–,–,–,–,2,–,–,–,–,–,–,–,–,6.39,–,1.06,0.64,–,–,–,–,–,0.563,  9/16,–,0.2,1,0.172,0.655,1.3,0,1.3,0.664,0.861,0.664,0.503,–,0.502,0.259,0.2,0.259,–,–,–,–
14th,–,L,L2X2X1/4,–,–,–,–,–,–,0.944,2,–,–,–,–,–,–,–,3.19,–,–,–,–,–,0.346,0.44,0.244,0.605,0.586,0.236,0.346,0.44,0.244,0.605,0.586,0.236,0.387,–,–,–,–,–,–,–,–,–,–,1,–,–,–,–,–,0.0209,0.25,–,–,–,–,–,–,–,–,–,–,–,–,–,–,–,–,–,–,–,–,–,–,–,–,–,–,–,–,0.00572,–,–,–,–,–,–,–,–,–,–,–,–,2,–,–,–,–,–,–,–,–,8,–,1.08,0.63,–,–,–,–,–,0.5,  1/2 ,–,0.171,1,0.142,0.551,1.33,0,1.33,0.674,0.829,0.674,0.416,–,0.416,0.211,0.171,0.211,–,–,–,–
14th,–,L,L2X2X3/16,–,–,–,–,–,–,0.722,2,–,–,–,–,–,–,–,2.44,–,–,–,–,–,0.271,0.338,0.188,0.612,0.561,0.181,0.271,0.338,0.188,0.612,0.561,0.181,0.389,–,–,–,–,–,–,–,–,–,–,1,–,–,–,–,–,0.00921,0.188,–,–,–,–,–,–,–,–,–,–,–,–,–,–,–,–,–,–,–,–,–,–,–,–,–,–,–,–,0.00254,–,–,–,–,–,–,–,–,–,–,–,–,2,–,–,–,–,–,–,–,–,10.6,–,1.09,0.63,–,–,–,–,–,0.438,  7/16,–,0.137,1,0.109,0.433,1.35,0,1.35,0.687,0.793,0.687,0.321,–,0.321,0.158,0.137,0.159,–,–,–,–
14th,–,L,L2X2X1/8,–,–,–,–,–,–,0.491,2,–,–,–,–,–,–,–,1.65,–,–,–,–,–,0.189,0.23,0.129,0.62,0.534,0.123,0.189,0.23,0.129,0.62,0.534,0.123,0.391,–,–,–,–,–,–,–,–,–,–,1,–,–,–,–,–,0.00293,0.125,–,–,–,–,–,–,–,–,–,–,–,–,–,–,–,–,–,–,–,–,–,–,–,–,–,–,–,–,0.000789,–,–,–,–,–,–,–,–,–,–,–,–,2,–,–,–,–,–,–,–,–,16,–,1.1,0.63,–,–,–,–,–,0.375,  3/8 ,–,0.0994,0.912,0.0756,0.303,1.37,0,1.37,0.703,0.755,0.703,0.221,–,0.221,0.107,0.1,0.108,–,–,–,–
14th,–,WT,WT22X167.5,–,–,–,–,–,–,49.2,22,1.03,–,15.9,1.77,–,–,–,167.5,4.5,–,–,–,–,2170,234,131,6.63,5.53,1.54,600,118,75.2,3.49,–,–,–,–,–,–,–,–,–,–,–,–,–,–,–,–,–,–,–,37.2,–,–,–,–,–,–,–,–,–,–,–,–,–,–,–,–,–,–,–,–,–,–,–,–,–,–,–,–,–,438,–,–,–,–,–,–,–,–,–,–,–,–,–,–,–,–,21.4,–,–,–,–,–,–,8.82,0.723,22,16,1,  1/2 ,1  3/4 ,2.56,2  5/8 ,–,–,0.824,–,–,–,–,–,–,–,–,–,–,–,–,–,–,–,–,–,–
14th,–,WT,WT22X145,–,–,–,–,–,–,42.6,21.8,0.865,–,15.8,1.58,–,–,–,145,5.02,–,–,–,–,1830,196,111,6.54,5.26,1.35,521,102,65.9,3.49,–,–,–,–,–,–,–,–,–,–,–,–,–,–,–,–,–,–,–,25.4,–,–,–,–,–,–,–,–,–,–,–,–,–,–,–,–,–,–,–,–,–,–,–,–,–,–,–,–,–,275,–,–,–,–,–,–,–,–,–,–,–,–,–,–,–,–,25.2,–,–,–,–,–,–,8.66,0.733,21  3/4 ,15  7/8 ,  7/8 ,  7/16,1  9/16,2.36,2  7/16,–,–,0.63,–,–,–,–,–,–,–,–,–,–,–,–,–,–,–,–,–,–
14th,–,WT,WT22X131,–,–,–,–,–,–,38.5,21.7,0.785,–,15.8,1.42,–,–,–,131,5.57,–,–,–,–,1640,176,99.4,6.53,5.19,1.22,462,90.9,58.6,3.47,–,–,–,–,–,–,–,–,–,–,–,–,–,–,–,–,–,–,–,18.6,–,–,–,–,–,–,–,–,–,–,–,–,–,–,–,–,–,–,–,–,–,–,–,–,–,–,–,–,–,200,–,–,–,–,–,–,–,–,–,–,–,–,–,–,–,–,27.6,–,–,–,–,–,–,8.64,0.731,21  5/8 ,15  3/4 , 13/16,  7/16,1  7/16,2.2,2  1/4 ,–,–,0.525,–,–,–,–,–,–,–,–,–,–,–,–,–,–,–,–,–,–
14th,–,WT,WT22X115,–,–,–,–,–,–,33.9,21.5,0.71,–,15.8,1.22,–,–,–,115,6.45,–,–,–,–,1440,157,88.6,6.53,5.17,1.07,398,78.3,50.5,3.43,–,–,–,–,–,–,–,–,–,–,–,–,–,–,–,–,–,–,–,12.4,–,–,–,–,–,–,–,–,–,–,–,–,–,–,–,–,–,–,–,–,–,–,–,–,–,–,–,–,–,139,–,–,–,–,–,–,–,–,–,–,–,–,–,–,–,–,30.3,–,–,–,–,–,–,8.67,0.723,21  1/2 ,15  3/4 , 11/16,  3/8 ,1  1/4 ,2.01,2  1/16,–,–,0.436,–,–,–,–,–,–,–,–,–,–,–,–,–,–,–,–,–,–
14th,–,WT,WT20X296.5,–,–,–,–,–,–,87.2,21.5,1.79,–,16.7,3.23,–,–,–,296.5,2.58,–,–,–,–,3310,379,209,6.16,5.66,2.61,1260,240,151,3.8,–,–,–,–,–,–,–,–,–,–,–,–,–,–,–,–,–,–,–,221,–,–,–,–,–,–,–,–,–,–,–,–,–,–,–,–,–,–,–,–,–,–,–,–,–,–,–,–,–,2340,–,–,–,–,–,–,–,–,–,–,–,–,–,–,–,–,12,–,–,–,–,–,–,8.29,0.762,21  1/2 ,16  3/4 ,1 13/16, 15/16,3  1/4 ,4.41,4  1/2 ,–,–,1,–,–,–,–,–,–,–,–,–,–,–,–,–,–,–,–,–,–
14th,–,WT,WT20X251.5,–,–,–,–,–,–,74,21,1.54,–,16.4,2.76,–,–,–,251.5,2.98,–,–,–,–,2730,314,174,6.07,5.38,2.25,1020,197,124,3.72,–,–,–,–,–,–,–,–,–,–,–,–,–,–,–,–,–,–,–,138,–,–,–,–,–,–,–,–,–,–,–,–,–,–,–,–,–,–,–,–,–,–,–,–,–,–,–,–,–,1400,–,–,–,–,–,–,–,–,–,–,–,–,–,–,–,–,13.6,–,–,–,–,–,–,8.17,0.76,21,16  3/8 ,1  9/16, 13/16,2  3/4 ,3.94,4,–,–,1,–,–,–,–,–,–,–,–,–,–,–,–,–,–,–,–,–,–
14th,–,WT,WT20X215.5,–,–,–,–,–,–,63.3,20.6,1.34,–,16.2,2.36,–,–,–,215.5,3.44,–,–,–,–,2290,266,148,6.01,5.18,1.95,843,164,104,3.65,–,–,–,–,–,–,–,–,–,–,–,–,–,–,–,–,–,–,–,88.2,–,–,–,–,–,–,–,–,–,–,–,–,–,–,–,–,–,–,–,–,–,–,–,–,–,–,–,–,–,881,–,–,–,–,–,–,–,–,–,–,–,–,–,–,–,–,15.4,–,–,–,–,–,–,8.09,0.756,20  5/8 ,16  1/4 ,1  5/16, 11/16,2  3/8 ,3.54,3  5/8 ,–,–,1,–,–,–,–,–,–,–,–,–,–,–,–,–,–,–,–,–,–
14th,–,WT,WT20X198.5,–,–,–,–,–,–,58.3,20.5,1.22,–,16.1,2.2,–,–,–,198.5,3.66,–,–,–,–,2070,240,134,5.96,5.03,1.81,771,150,95.7,3.63,–,–,–,–,–,–,–,–,–,–,–,–,–,–,–,–,–,–,–,70.6,–,–,–,–,–,–,–,–,–,–,–,–,–,–,–,–,–,–,–,–,–,–,–,–,–,–,–,–,–,677,–,–,–,–,–,–,–,–,–,–,–,–,–,–,–,–,16.8,–,–,–,–,–,–,8.01,0.76,20  1/2 ,16  1/8 ,1  1/4 ,  5/8 ,2  3/16,3.38,3  1/2 ,–,–,1,–,–,–,–,–,–,–,–,–,–,–,–,–,–,–,–,–,–
14th,–,WT,WT20X186,–,–,–,–,–,–,54.7,20.3,1.16,–,16.1,2.05,–,–,–,186,3.93,–,–,–,–,1930,225,126,5.95,4.98,1.7,709,138,88.3,3.6,–,–,–,–,–,–,–,–,–,–,–,–,–,–,–,–,–,–,–,57.7,–,–,–,–,–,–,–,–,–,–,–,–,–,–,–,–,–,–,–,–,–,–,–,–,–,–,–,–,–,558,–,–,–,–,–,–,–,–,–,–,–,–,–,–,–,–,17.5,–,–,–,–,–,–,8,0.756,20  3/8 ,16  1/8 ,1  3/16,  5/8 ,2  1/16,3.23,3  5/16,–,–,1,–,–,–,–,–,–,–,–,–,–,–,–,–,–,–,–,–,–
14th,–,WT,WT20X181,–,–,–,–,–,–,53.2,20.3,1.12,–,16,2.01,–,–,–,181,3.99,–,–,–,–,1870,217,122,5.92,4.91,1.66,691,135,86.3,3.6,–,–,–,–,–,–,–,–,–,–,–,–,–,–,–,–,–,–,–,54.2,–,–,–,–,–,–,–,–,–,–,–,–,–,–,–,–,–,–,–,–,–,–,–,–,–,–,–,–,–,511,–,–,–,–,–,–,–,–,–,–,–,–,–,–,–,–,18.1,–,–,–,–,–,–,7.96,0.759,20  1/4 ,16,1  1/8 ,  9/16,2,3.19,3  1/4 ,–,–,0.991,–,–,–,–,–,–,–,–,–,–,–,–,–,–,–,–,–,–
14th,–,WT,WT20X162,–,–,–,–,–,–,47.7,20.1,1,–,15.9,1.81,–,–,–,162,4.4,–,–,–,–,1650,192,108,5.88,4.77,1.5,609,119,76.6,3.57,–,–,–,–,–,–,–,–,–,–,–,–,–,–,–,–,–,–,–,39.6,–,–,–,–,–,–,–,–,–,–,–,–,–,–,–,–,–,–,–,–,–,–,–,–,–,–,–,–,–,362,–,–,–,–,–,–,–,–,–,–,–,–,–,–,–,–,20.1,–,–,–,–,–,–,7.89,0.76,20  1/8 ,15  7/8 ,1,  1/2 ,1 13/16,2.99,3  1/16,–,–,0.89,–,–,–,–,–,–,–,–,–,–,–,–,–,–,–,–,–,–
14th,–,WT,WT20X148.5,–,–,–,–,–,–,43.6,19.9,0.93,–,15.8,1.65,–,–,–,148.5,4.8,–,–,–,–,1500,176,98.9,5.87,4.71,1.38,546,107,69,3.54,–,–,–,–,–,–,–,–,–,–,–,–,–,–,–,–,–,–,–,30.5,–,–,–,–,–,–,–,–,–,–,–,–,–,–,–,–,–,–,–,–,–,–,–,–,–,–,–,–,–,279,–,–,–,–,–,–,–,–,–,–,–,–,–,–,–,–,21.4,–,–,–,–,–,–,7.88,0.756,19  7/8 ,15  7/8 , 15/16,  1/2 ,1  5/8 ,2.83,2 15/16,–,–,0.824,–,–,–,–,–,–,–,–,–,–,–,–,–,–,–,–,–,–
14th,–,WT,WT20X138.5,–,–,–,–,–,–,40.7,19.8,0.83,–,15.8,1.58,–,–,–,138.5,5.03,–,–,–,–,1360,157,88.6,5.78,4.5,1.29,522,102,65.9,3.58,–,–,–,–,–,–,–,–,–,–,–,–,–,–,–,–,–,–,–,25.7,–,–,–,–,–,–,–,–,–,–,–,–,–,–,–,–,–,–,–,–,–,–,–,–,–,–,–,–,–,218,–,–,–,–,–,–,–,–,–,–,–,–,–,–,–,–,23.9,–,–,–,–,–,–,7.75,0.77,19  7/8 ,15  7/8 , 13/16,  7/16,1  9/16,2.76,2  7/8 ,–,–,0.697,–,–,–,–,–,–,–,–,–,–,–,–,–,–,–,–,–,–
14th,–,WT,WT20X124.5,–,–,–,–,–,–,36.7,19.7,0.75,–,15.8,1.42,–,–,–,124.5,5.55,–,–,–,–,1210,140,79.4,5.75,4.41,1.16,463,90.8,58.8,3.55,–,–,–,–,–,–,–,–,–,–,–,–,–,–,–,–,–,–,–,19,–,–,–,–,–,–,–,–,–,–,–,–,–,–,–,–,–,–,–,–,–,–,–,–,–,–,–,–,–,158,–,–,–,–,–,–,–,–,–,–,–,–,–,–,–,–,26.3,–,–,–,–,–,–,7.7,0.77,19  3/4 ,15  3/4 ,  3/4 ,  3/8 ,1  7/16,2.6,2 11/16,–,–,0.579,–,–,–,–,–,–,–,–,–,–,–,–,–,–,–,–,–,–
14th,–,WT,WT20X107.5,–,–,–,–,–,–,31.8,19.5,0.65,–,15.8,1.22,–,–,–,107.5,6.45,–,–,–,–,1030,120,68,5.71,4.28,1.01,398,77.8,50.5,3.54,–,–,–,–,–,–,–,–,–,–,–,–,–,–,–,–,–,–,–,12.4,–,–,–,–,–,–,–,–,–,–,–,–,–,–,–,–,–,–,–,–,–,–,–,–,–,–,–,–,–,101,–,–,–,–,–,–,–,–,–,–,–,–,–,–,–,–,30,–,–,–,–,–,–,7.66,0.771,19  1/2 ,15  3/4 ,  5/8 ,  5/16,1  1/4 ,2.4,2  1/2 ,–,–,0.445,–,–,–,–,–,–,–,–,–,–,–,–,–,–,–,–,–,–
14th,–,WT,WT20X99.5,–,–,–,–,–,–,29.2,19.3,0.65,–,15.8,1.07,–,–,–,99.5,7.39,–,–,–,–,988,117,66.5,5.81,4.47,0.929,347,68.2,44.1,3.45,–,–,–,–,–,–,–,–,–,–,–,–,–,–,–,–,–,–,–,9.12,–,–,–,–,–,–,–,–,–,–,–,–,–,–,–,–,–,–,–,–,–,–,–,–,–,–,–,–,–,83.5,–,–,–,–,–,–,–,–,–,–,–,–,–,–,–,–,29.7,–,–,–,–,–,–,7.82,0.746,19  3/8 ,15  3/4 ,  5/8 ,  5/16,1  1/16,2.25,2  5/16,–,–,0.454,–,–,–,–,–,–,–,–,–,–,–,–,–,–,–,–,–,–
14th,–,WT,WT20X196,–,–,–,–,–,–,57.8,20.8,1.42,–,12.4,2.52,–,–,–,196,2.45,–,–,–,–,2270,275,153,6.27,5.94,2.33,401,106,64.9,2.64,–,–,–,–,–,–,–,–,–,–,–,–,–,–,–,–,–,–,–,85.4,–,–,–,–,–,–,–,–,–,–,–,–,–,–,–,–,–,–,–,–,–,–,–,–,–,–,–,–,–,796,–,–,–,–,–,–,–,–,–,–,–,–,–,–,–,–,14.6,–,–,–,–,–,–,8.26,0.679,20  3/4 ,12  3/8 ,1  7/16,  3/4 ,2  1/2 ,3.7,3 13/16,–,–,1,–,–,–,–,–,–,–,–,–,–,–,–,–,–,–,–,–,–
14th,–,WT,WT20X165.5,–,–,–,–,–,–,48.8,20.4,1.22,–,12.2,2.13,–,–,–,165.5,2.86,–,–,–,–,1880,231,128,6.21,5.74,2,322,85.7,52.9,2.57,–,–,–,–,–,–,–,–,–,–,–,–,–,–,–,–,–,–,–,52.5,–,–,–,–,–,–,–,–,–,–,–,–,–,–,–,–,–,–,–,–,–,–,–,–,–,–,–,–,–,484,–,–,–,–,–,–,–,–,–,–,–,–,–,–,–,–,16.7,–,–,–,–,–,–,8.19,0.674,20  3/8 ,12  1/8 ,1  1/4 ,  5/8 ,2  1/8 ,3.31,3  3/8 ,–,–,1,–,–,–,–,–,–,–,–,–,–,–,–,–,–,–,–,–,–
14th,–,WT,WT20X163.5,–,–,–,–,–,–,47.9,20.4,1.18,–,12.1,2.13,–,–,–,163.5,2.85,–,–,–,–,1840,224,125,6.19,5.66,1.98,320,85,52.7,2.58,–,–,–,–,–,–,–,–,–,–,–,–,–,–,–,–,–,–,–,51.4,–,–,–,–,–,–,–,–,–,–,–,–,–,–,–,–,–,–,–,–,–,–,–,–,–,–,–,–,–,449,–,–,–,–,–,–,–,–,–,–,–,–,–,–,–,–,17.3,–,–,–,–,–,–,8.13,0.68,20  3/8 ,12  1/8 ,1  3/16,  5/8 ,2  1/8 ,3.31,3  3/8 ,–,–,1,–,–,–,–,–,–,–,–,–,–,–,–,–,–,–,–,–,–
14th,–,WT,WT20X147,–,–,–,–,–,–,43.1,20.2,1.06,–,12,1.93,–,–,–,147,3.11,–,–,–,–,1630,199,111,6.14,5.51,1.8,281,75,46.7,2.55,–,–,–,–,–,–,–,–,–,–,–,–,–,–,–,–,–,–,–,38.2,–,–,–,–,–,–,–,–,–,–,–,–,–,–,–,–,–,–,–,–,–,–,–,–,–,–,–,–,–,322,–,–,–,–,–,–,–,–,–,–,–,–,–,–,–,–,19.1,–,–,–,–,–,–,8.06,0.681,20  1/4 ,12,1  1/16,  9/16,1 15/16,3.11,3  3/16,–,–,0.94,–,–,–,–,–,–,–,–,–,–,–,–,–,–,–,–,–,–
14th,–,WT,WT20X139,–,–,–,–,–,–,41,20.1,1.03,–,12,1.81,–,–,–,139,3.31,–,–,–,–,1550,191,106,6.14,5.51,1.71,261,69.9,43.5,2.52,–,–,–,–,–,–,–,–,–,–,–,–,–,–,–,–,–,–,–,32.4,–,–,–,–,–,–,–,–,–,–,–,–,–,–,–,–,–,–,–,–,–,–,–,–,–,–,–,–,–,282,–,–,–,–,–,–,–,–,–,–,–,–,–,–,–,–,19.5,–,–,–,–,–,–,8.08,0.675,20  1/8 ,12,1,  1/2 ,1 13/16,2.99,3  1/16,–,–,0.92,–,–,–,–,–,–,–,–,–,–,–,–,–,–,–,–,–,–
14th,–,WT,WT20X132,–,–,–,–,–,–,38.7,20,0.96,–,11.9,1.73,–,–,–,132,3.45,–,–,–,–,1450,178,99.2,6.11,5.41,1.63,246,66,41.3,2.52,–,–,–,–,–,–,–,–,–,–,–,–,–,–,–,–,–,–,–,27.9,–,–,–,–,–,–,–,–,–,–,–,–,–,–,–,–,–,–,–,–,–,–,–,–,–,–,–,–,–,233,–,–,–,–,–,–,–,–,–,–,–,–,–,–,–,–,20.8,–,–,–,–,–,–,8.02,0.679,20,11  7/8 , 15/16,  1/2 ,1  3/4 ,2.91,3,–,–,0.854,–,–,–,–,–,–,–,–,–,–,–,–,–,–,–,–,–,–
14th,–,WT,WT20X117.5,–,–,–,–,–,–,34.6,19.8,0.83,–,11.9,1.58,–,–,–,117.5,3.77,–,–,–,–,1260,153,85.7,6.04,5.17,1.45,222,59,37.3,2.54,–,–,–,–,–,–,–,–,–,–,–,–,–,–,–,–,–,–,–,20.6,–,–,–,–,–,–,–,–,–,–,–,–,–,–,–,–,–,–,–,–,–,–,–,–,–,–,–,–,–,156,–,–,–,–,–,–,–,–,–,–,–,–,–,–,–,–,23.9,–,–,–,–,–,–,7.88,0.691,19  7/8 ,11  7/8 , 13/16,  7/16,1  9/16,2.76,2  7/8 ,–,–,0.697,–,–,–,–,–,–,–,–,–,–,–,–,–,–,–,–,–,–
14th,–,WT,WT20X105.5,–,–,–,–,–,–,31.1,19.7,0.75,–,11.8,1.42,–,–,–,105.5,4.17,–,–,–,–,1120,137,76.7,6.01,5.08,1.31,195,52.1,33,2.51,–,–,–,–,–,–,–,–,–,–,–,–,–,–,–,–,–,–,–,15.2,–,–,–,–,–,–,–,–,–,–,–,–,–,–,–,–,–,–,–,–,–,–,–,–,–,–,–,–,–,113,–,–,–,–,–,–,–,–,–,–,–,–,–,–,–,–,26.3,–,–,–,–,–,–,7.84,0.69,19  5/8 ,11  3/4 ,  3/4 ,  3/8 ,1  7/16,2.6,2 11/16,–,–,0.579,–,–,–,–,–,–,–,–,–,–,–,–,–,–,–,–,–,–
14th,–,WT,WT20X91.5,–,–,–,–,–,–,26.7,19.5,0.65,–,11.8,1.2,–,–,–,91.5,4.92,–,–,–,–,955,117,65.7,5.98,4.97,1.13,165,44,28,2.49,–,–,–,–,–,–,–,–,–,–,–,–,–,–,–,–,–,–,–,9.65,–,–,–,–,–,–,–,–,–,–,–,–,–,–,–,–,–,–,–,–,–,–,–,–,–,–,–,–,–,71.2,–,–,–,–,–,–,–,–,–,–,–,–,–,–,–,–,30,–,–,–,–,–,–,7.81,0.688,19  1/2 ,11  3/4 ,  5/8 ,  5/16,1  3/16,2.38,2  1/2 ,–,–,0.445,–,–,–,–,–,–,–,–,–,–,–,–,–,–,–,–,–,–
14th,–,WT,WT20X83.5,–,–,–,–,–,–,24.5,19.3,0.65,–,11.8,1.03,–,–,–,83.5,5.76,–,–,–,–,899,115,63.7,6.05,5.19,1.1,141,37.8,23.9,2.4,–,–,–,–,–,–,–,–,–,–,–,–,–,–,–,–,–,–,–,6.99,–,–,–,–,–,–,–,–,–,–,–,–,–,–,–,–,–,–,–,–,–,–,–,–,–,–,–,–,–,62.9,–,–,–,–,–,–,–,–,–,–,–,–,–,–,–,–,29.7,–,–,–,–,–,–,8.01,0.659,19  1/4 ,11  3/4 ,  5/8 ,  5/16,1,2.21,2  5/16,–,–,0.454,–,–,–,–,–,–,–,–,–,–,–,–,–,–,–,–,–,–
14th,–,WT,WT20X74.5,–,–,–,–,–,–,21.9,19.1,0.63,–,11.8,0.83,–,–,–,74.5,7.11,–,–,–,–,815,108,59.7,6.1,5.45,1.72,114,30.9,19.4,2.29,–,–,–,–,–,–,–,–,–,–,–,–,–,–,–,–,–,–,–,4.66,–,–,–,–,–,–,–,–,–,–,–,–,–,–,–,–,–,–,–,–,–,–,–,–,–,–,–,–,–,51.9,–,–,–,–,–,–,–,–,–,–,–,–,–,–,–,–,30.3,–,–,–,–,–,–,8.23,0.626,19  1/8 ,11  3/4 ,  5/8 ,  5/16, 13/16,2.01,2  1/8 ,–,–,0.436,–,–,–,–,–,–,–,–,–,–,–,–,–,–,–,–,–,–
14th,–,WT,WT18X326,–,–,–,–,–,–,96.2,20.5,1.97,–,17.6,3.54,–,–,–,325,2.48,–,–,–,–,3160,383,208,5.74,5.35,2.73,1610,290,184,4.1,–,–,–,–,–,–,–,–,–,–,–,–,–,–,–,–,–,–,–,295,–,–,–,–,–,–,–,–,–,–,–,–,–,–,–,–,–,–,–,–,–,–,–,–,–,–,–,–,–,3070,–,–,–,–,–,–,–,–,–,–,–,–,–,–,–,–,10.4,–,–,–,–,–,–,7.91,0.795,20  1/2 ,17  5/8 ,2,1,3  9/16,4.49,4 13/16,–,–,1,–,–,–,–,–,–,–,–,–,–,–,–,–,–,–,–,–,–
14th,–,WT,WT18X264.5,–,–,–,–,–,–,77.8,19.9,1.61,–,17.2,2.91,–,–,–,264.5,2.96,–,–,–,–,2440,298,164,5.6,4.96,2.26,1240,227,145,4,–,–,–,–,–,–,–,–,–,–,–,–,–,–,–,–,–,–,–,163,–,–,–,–,–,–,–,–,–,–,–,–,–,–,–,–,–,–,–,–,–,–,–,–,–,–,–,–,–,1600,–,–,–,–,–,–,–,–,–,–,–,–,–,–,–,–,12.4,–,–,–,–,–,–,7.72,0.794,19  7/8 ,17  1/4 ,1  5/8 , 13/16,2 15/16,3.86,4  3/16,–,–,1,–,–,–,–,–,–,–,–,–,–,–,–,–,–,–,–,–,–
14th,–,WT,WT18X243.5,–,–,–,–,–,–,71.7,19.7,1.5,–,17.1,2.68,–,–,–,243.5,3.19,–,–,–,–,2220,272,150,5.57,4.84,2.1,1120,206,131,3.96,–,–,–,–,–,–,–,–,–,–,–,–,–,–,–,–,–,–,–,128,–,–,–,–,–,–,–,–,–,–,–,–,–,–,–,–,–,–,–,–,–,–,–,–,–,–,–,–,–,1250,–,–,–,–,–,–,–,–,–,–,–,–,–,–,–,–,13.1,–,–,–,–,–,–,7.68,0.792,19  5/8 ,17  1/8 ,1  1/2 ,  3/4 ,2 11/16,3.63,4,–,–,1,–,–,–,–,–,–,–,–,–,–,–,–,–,–,–,–,–,–
14th,–,WT,WT18X220.5,–,–,–,–,–,–,64.9,19.4,1.36,–,17,2.44,–,–,–,220.5,3.48,–,–,–,–,1980,242,134,5.52,4.69,1.91,997,184,117,3.92,–,–,–,–,–,–,–,–,–,–,–,–,–,–,–,–,–,–,–,96.6,–,–,–,–,–,–,–,–,–,–,–,–,–,–,–,–,–,–,–,–,–,–,–,–,–,–,–,–,–,914,–,–,–,–,–,–,–,–,–,–,–,–,–,–,–,–,14.3,–,–,–,–,–,–,7.6,0.792,19  3/8 ,17,1  3/8 , 11/16,2  7/16,3.39,3  3/4 ,–,–,1,–,–,–,–,–,–,–,–,–,–,–,–,–,–,–,–,–,–
14th,–,WT,WT18X197.5,–,–,–,–,–,–,58.1,19.2,1.22,–,16.8,2.2,–,–,–,197.5,3.83,–,–,–,–,1740,213,119,5.47,4.53,1.73,877,162,104,3.88,–,–,–,–,–,–,–,–,–,–,–,–,–,–,–,–,–,–,–,70.7,–,–,–,–,–,–,–,–,–,–,–,–,–,–,–,–,–,–,–,–,–,–,–,–,–,–,–,–,–,652,–,–,–,–,–,–,–,–,–,–,–,–,–,–,–,–,15.7,–,–,–,–,–,–,7.54,0.792,19  1/4 ,16  7/8 ,1  1/4 ,  5/8 ,2  3/16,3.15,3  7/16,–,–,1,–,–,–,–,–,–,–,–,–,–,–,–,–,–,–,–,–,–
14th,–,WT,WT18X180.5,–,–,–,–,–,–,53,19,1.12,–,16.7,2.01,–,–,–,180.5,4.16,–,–,–,–,1570,192,107,5.43,4.42,1.59,786,146,94,3.85,–,–,–,–,–,–,–,–,–,–,–,–,–,–,–,–,–,–,–,54.1,–,–,–,–,–,–,–,–,–,–,–,–,–,–,–,–,–,–,–,–,–,–,–,–,–,–,–,–,–,491,–,–,–,–,–,–,–,–,–,–,–,–,–,–,–,–,17,–,–,–,–,–,–,7.49,0.792,19,16  3/4 ,1  1/8 ,  9/16,2,2.96,3  5/16,–,–,1,–,–,–,–,–,–,–,–,–,–,–,–,–,–,–,–,–,–
14th,–,WT,WT18X165,–,–,–,–,–,–,48.4,18.8,1.02,–,16.6,1.85,–,–,–,165,4.49,–,–,–,–,1410,173,97,5.39,4.3,1.46,711,132,85.5,3.83,–,–,–,–,–,–,–,–,–,–,–,–,–,–,–,–,–,–,–,42,–,–,–,–,–,–,–,–,–,–,–,–,–,–,–,–,–,–,–,–,–,–,–,–,–,–,–,–,–,372,–,–,–,–,–,–,–,–,–,–,–,–,–,–,–,–,18.4,–,–,–,–,–,–,7.43,0.793,18  7/8 ,16  5/8 ,1,  1/2 ,1  7/8 ,2.8,3  1/8 ,–,–,0.976,–,–,–,–,–,–,–,–,–,–,–,–,–,–,–,–,–,–
14th,–,WT,WT18X151,–,–,–,–,–,–,44.5,18.7,0.945,–,16.7,1.68,–,–,–,151,4.96,–,–,–,–,1280,158,88.8,5.37,4.22,1.33,648,120,77.8,3.82,–,–,–,–,–,–,–,–,–,–,–,–,–,–,–,–,–,–,–,32.1,–,–,–,–,–,–,–,–,–,–,–,–,–,–,–,–,–,–,–,–,–,–,–,–,–,–,–,–,–,285,–,–,–,–,–,–,–,–,–,–,–,–,–,–,–,–,19.8,–,–,–,–,–,–,7.41,0.792,18  5/8 ,16  5/8 , 15/16,  1/2 ,1 11/16,2.63,3,–,–,0.905,–,–,–,–,–,–,–,–,–,–,–,–,–,–,–,–,–,–
14th,–,WT,WT18X141,–,–,–,–,–,–,41.5,18.6,0.885,–,16.6,1.57,–,–,–,141,5.29,–,–,–,–,1190,146,82.6,5.36,4.16,1.25,599,112,72.2,3.8,–,–,–,–,–,–,–,–,–,–,–,–,–,–,–,–,–,–,–,26.3,–,–,–,–,–,–,–,–,–,–,–,–,–,–,–,–,–,–,–,–,–,–,–,–,–,–,–,–,–,231,–,–,–,–,–,–,–,–,–,–,–,–,–,–,–,–,21,–,–,–,–,–,–,7.38,0.791,18  1/2 ,16  5/8 ,  7/8 ,  7/16,1  9/16,2.52,2  7/8 ,–,–,0.844,–,–,–,–,–,–,–,–,–,–,–,–,–,–,–,–,–,–
14th,–,WT,WT18X131,–,–,–,–,–,–,38.5,18.4,0.84,–,16.6,1.44,–,–,–,131,5.75,–,–,–,–,1110,137,77.5,5.36,4.14,1.16,545,102,65.8,3.76,–,–,–,–,–,–,–,–,–,–,–,–,–,–,–,–,–,–,–,20.8,–,–,–,–,–,–,–,–,–,–,–,–,–,–,–,–,–,–,–,–,–,–,–,–,–,–,–,–,–,185,–,–,–,–,–,–,–,–,–,–,–,–,–,–,–,–,21.9,–,–,–,–,–,–,7.39,0.785,18  3/8 ,16  1/2 , 13/16,  7/16,1  7/16,2.39,2  3/4 ,–,–,0.799,–,–,–,–,–,–,–,–,–,–,–,–,–,–,–,–,–,–
14th,–,WT,WT18X123.5,–,–,–,–,–,–,36.3,18.3,0.8,–,16.5,1.35,–,–,–,123.5,6.11,–,–,–,–,1040,129,73.3,5.36,4.12,1.1,507,94.8,61.4,3.74,–,–,–,–,–,–,–,–,–,–,–,–,–,–,–,–,–,–,–,17.3,–,–,–,–,–,–,–,–,–,–,–,–,–,–,–,–,–,–,–,–,–,–,–,–,–,–,–,–,–,155,–,–,–,–,–,–,–,–,–,–,–,–,–,–,–,–,22.9,–,–,–,–,–,–,7.39,0.783,18  3/8 ,16  1/2 , 13/16,  7/16,1  3/8 ,2.3,2  5/8 ,–,–,0.748,–,–,–,–,–,–,–,–,–,–,–,–,–,–,–,–,–,–
14th,–,WT,WT18X115.5,–,–,–,–,–,–,34.1,18.2,0.76,–,16.5,1.26,–,–,–,115.5,6.54,–,–,–,–,978,122,69.1,5.36,4.1,1.03,470,88,57,3.71,–,–,–,–,–,–,–,–,–,–,–,–,–,–,–,–,–,–,–,14.3,–,–,–,–,–,–,–,–,–,–,–,–,–,–,–,–,–,–,–,–,–,–,–,–,–,–,–,–,–,129,–,–,–,–,–,–,–,–,–,–,–,–,–,–,–,–,23.9,–,–,–,–,–,–,7.39,0.78,18  1/4 ,16  1/2 ,  3/4 ,  3/8 ,1  1/4 ,2.21,2  9/16,–,–,0.697,–,–,–,–,–,–,–,–,–,–,–,–,–,–,–,–,–,–
14th,–,WT,WT18X128,–,–,–,–,–,–,37.6,18.7,0.96,–,12.2,1.73,–,–,–,128,3.53,–,–,–,–,1210,156,87.4,5.66,4.92,1.54,264,68.5,43.2,2.65,–,–,–,–,–,–,–,–,–,–,–,–,–,–,–,–,–,–,–,26.4,–,–,–,–,–,–,–,–,–,–,–,–,–,–,–,–,–,–,–,–,–,–,–,–,–,–,–,–,–,205,–,–,–,–,–,–,–,–,–,–,–,–,–,–,–,–,19.5,–,–,–,–,–,–,7.45,0.703,18  3/4 ,12  1/4 , 15/16,  1/2 ,1  3/4 ,2.48,2  5/8 ,–,–,0.92,–,–,–,–,–,–,–,–,–,–,–,–,–,–,–,–,–,–
14th,–,WT,WT18X116,–,–,–,–,–,–,34,18.6,0.87,–,12.1,1.57,–,–,–,116,3.86,–,–,–,–,1080,140,78.5,5.63,4.82,1.4,234,60.9,38.6,2.62,–,–,–,–,–,–,–,–,–,–,–,–,–,–,–,–,–,–,–,19.7,–,–,–,–,–,–,–,–,–,–,–,–,–,–,–,–,–,–,–,–,–,–,–,–,–,–,–,–,–,151,–,–,–,–,–,–,–,–,–,–,–,–,–,–,–,–,21.4,–,–,–,–,–,–,7.4,0.703,18  1/2 ,12  1/8 ,  7/8 ,  7/16,1  9/16,2.32,2  7/16,–,–,0.824,–,–,–,–,–,–,–,–,–,–,–,–,–,–,–,–,–,–
14th,–,WT,WT18X105,–,–,–,–,–,–,30.9,18.3,0.83,–,12.2,1.36,–,–,–,105,4.48,–,–,–,–,985,131,73.1,5.65,4.87,1.27,206,53.4,33.8,2.58,–,–,–,–,–,–,–,–,–,–,–,–,–,–,–,–,–,–,–,13.9,–,–,–,–,–,–,–,–,–,–,–,–,–,–,–,–,–,–,–,–,–,–,–,–,–,–,–,–,–,119,–,–,–,–,–,–,–,–,–,–,–,–,–,–,–,–,22,–,–,–,–,–,–,7.49,0.687,18  3/8 ,12  1/8 , 13/16,  7/16,1  3/8 ,2.11,2  5/16,–,–,0.794,–,–,–,–,–,–,–,–,–,–,–,–,–,–,–,–,–,–
14th,–,WT,WT18X97,–,–,–,–,–,–,28.5,18.2,0.765,–,12.1,1.26,–,–,–,97,4.81,–,–,–,–,901,120,67,5.62,4.8,1.18,187,48.8,30.9,2.56,–,–,–,–,–,–,–,–,–,–,–,–,–,–,–,–,–,–,–,11.1,–,–,–,–,–,–,–,–,–,–,–,–,–,–,–,–,–,–,–,–,–,–,–,–,–,–,–,–,–,92.7,–,–,–,–,–,–,–,–,–,–,–,–,–,–,–,–,23.8,–,–,–,–,–,–,7.45,0.688,18  1/4 ,12  1/8 ,  3/4 ,  3/8 ,1  1/4 ,2.01,2  3/16,–,–,0.702,–,–,–,–,–,–,–,–,–,–,–,–,–,–,–,–,–,–
14th,–,WT,WT18X91,–,–,–,–,–,–,26.8,18.2,0.725,–,12.1,1.18,–,–,–,91,5.12,–,–,–,–,845,113,63.1,5.62,4.77,1.11,174,45.3,28.8,2.55,–,–,–,–,–,–,–,–,–,–,–,–,–,–,–,–,–,–,–,9.2,–,–,–,–,–,–,–,–,–,–,–,–,–,–,–,–,–,–,–,–,–,–,–,–,–,–,–,–,–,77.6,–,–,–,–,–,–,–,–,–,–,–,–,–,–,–,–,25.1,–,–,–,–,–,–,7.45,0.685,18  1/8 ,12  1/8 ,  3/4 ,  3/8 ,1  3/16,1.93,2  1/8 ,–,–,0.635,–,–,–,–,–,–,–,–,–,–,–,–,–,–,–,–,–,–
14th,–,WT,WT18X85,–,–,–,–,–,–,25,18.1,0.68,–,12,1.1,–,–,–,85,5.47,–,–,–,–,786,105,58.9,5.61,4.73,1.04,160,41.8,26.6,2.53,–,–,–,–,–,–,–,–,–,–,–,–,–,–,–,–,–,–,–,7.51,–,–,–,–,–,–,–,–,–,–,–,–,–,–,–,–,–,–,–,–,–,–,–,–,–,–,–,–,–,63.2,–,–,–,–,–,–,–,–,–,–,–,–,–,–,–,–,26.6,–,–,–,–,–,–,7.44,0.684,18  1/8 ,12, 11/16,  3/8 ,1  1/8 ,1.85,2,–,–,0.566,–,–,–,–,–,–,–,–,–,–,–,–,–,–,–,–,–,–
14th,–,WT,WT18X80,–,–,–,–,–,–,23.5,18,0.65,–,12,1.02,–,–,–,80,5.88,–,–,–,–,740,100,55.8,5.61,4.74,0.98,147,38.6,24.6,2.5,–,–,–,–,–,–,–,–,–,–,–,–,–,–,–,–,–,–,–,6.17,–,–,–,–,–,–,–,–,–,–,–,–,–,–,–,–,–,–,–,–,–,–,–,–,–,–,–,–,–,53.6,–,–,–,–,–,–,–,–,–,–,–,–,–,–,–,–,27.7,–,–,–,–,–,–,7.46,0.678,18,12,  5/8 ,  5/16,1,1.77,1 15/16,–,–,0.522,–,–,–,–,–,–,–,–,–,–,–,–,–,–,–,–,–,–
14th,–,WT,WT18X75,–,–,–,–,–,–,22.1,17.9,0.625,–,12,0.94,–,–,–,75,6.37,–,–,–,–,698,95.5,53.1,5.62,4.78,0.923,135,35.4,22.5,2.47,–,–,–,–,–,–,–,–,–,–,–,–,–,–,–,–,–,–,–,5.04,–,–,–,–,–,–,–,–,–,–,–,–,–,–,–,–,–,–,–,–,–,–,–,–,–,–,–,–,–,46,–,–,–,–,–,–,–,–,–,–,–,–,–,–,–,–,28.6,–,–,–,–,–,–,7.5,0.67,17  7/8 ,12,  5/8 ,  5/16, 15/16,1.69,1  7/8 ,–,–,0.489,–,–,–,–,–,–,–,–,–,–,–,–,–,–,–,–,–,–
14th,–,WT,WT18X67.5,–,–,–,–,–,–,19.9,17.8,0.6,–,12,0.79,–,–,–,67.5,7.56,–,–,–,–,637,90.1,49.7,5.66,4.96,1.23,113,29.8,18.9,2.38,–,–,–,–,–,–,–,–,–,–,–,–,–,–,–,–,–,–,–,3.48,–,–,–,–,–,–,–,–,–,–,–,–,–,–,–,–,–,–,–,–,–,–,–,–,–,–,–,–,–,37.3,–,–,–,–,–,–,–,–,–,–,–,–,–,–,–,–,29.7,–,–,–,–,–,–,7.65,0.644,17  3/4 ,12,  5/8 ,  5/16, 13/16,1.54,1 11/16,–,–,0.454,–,–,–,–,–,–,–,–,–,–,–,–,–,–,–,–,–,–
14th,–,WT,WT16.5X193.5,–,–,–,–,–,–,57,18,1.26,–,16.2,2.28,–,–,–,193.5,3.55,–,–,–,–,1460,193,107,5.07,4.27,1.76,810,156,100,3.77,–,–,–,–,–,–,–,–,–,–,–,–,–,–,–,–,–,–,–,73.9,–,–,–,–,–,–,–,–,–,–,–,–,–,–,–,–,–,–,–,–,–,–,–,–,–,–,–,–,–,615,–,–,–,–,–,–,–,–,–,–,–,–,–,–,–,–,14.3,–,–,–,–,–,–,7.05,0.803,18,16  1/4 ,1  1/4 ,  5/8 ,2  1/4 ,3.07,3  3/16,–,–,1,–,–,–,–,–,–,–,–,–,–,–,–,–,–,–,–,–,–
14th,–,WT,WT16.5X177,–,–,–,–,–,–,52.1,17.8,1.16,–,16.1,2.09,–,–,–,177,3.85,–,–,–,–,1320,174,96.8,5.03,4.15,1.62,729,141,90.6,3.74,–,–,–,–,–,–,–,–,–,–,–,–,–,–,–,–,–,–,–,57.1,–,–,–,–,–,–,–,–,–,–,–,–,–,–,–,–,–,–,–,–,–,–,–,–,–,–,–,–,–,468,–,–,–,–,–,–,–,–,–,–,–,–,–,–,–,–,15.3,–,–,–,–,–,–,7,0.803,17  3/4 ,16  1/8 ,1  3/16,  5/8 ,2  1/16,2.88,2 15/16,–,–,1,–,–,–,–,–,–,–,–,–,–,–,–,–,–,–,–,–,–
14th,–,WT,WT16.5X159,–,–,–,–,–,–,46.8,17.6,1.04,–,16,1.89,–,–,–,159,4.23,–,–,–,–,1160,154,85.8,4.99,4.02,1.46,645,125,80.7,3.71,–,–,–,–,–,–,–,–,–,–,–,–,–,–,–,–,–,–,–,42.1,–,–,–,–,–,–,–,–,–,–,–,–,–,–,–,–,–,–,–,–,–,–,–,–,–,–,–,–,–,335,–,–,–,–,–,–,–,–,–,–,–,–,–,–,–,–,16.9,–,–,–,–,–,–,6.93,0.804,17  5/8 ,16,1  1/16,  9/16,1  7/8 ,2.68,2  3/4 ,–,–,1,–,–,–,–,–,–,–,–,–,–,–,–,–,–,–,–,–,–
14th,–,WT,WT16.5X145.5,–,–,–,–,–,–,42.8,17.4,0.96,–,15.9,1.73,–,–,–,145.5,4.6,–,–,–,–,1060,140,78.3,4.96,3.93,1.35,581,113,73.1,3.68,–,–,–,–,–,–,–,–,–,–,–,–,–,–,–,–,–,–,–,32.5,–,–,–,–,–,–,–,–,–,–,–,–,–,–,–,–,–,–,–,–,–,–,–,–,–,–,–,–,–,256,–,–,–,–,–,–,–,–,–,–,–,–,–,–,–,–,18.1,–,–,–,–,–,–,6.9,0.802,17  3/8 ,15  7/8 , 15/16,  1/2 ,1  3/4 ,2.52,2  5/8 ,–,–,0.991,–,–,–,–,–,–,–,–,–,–,–,–,–,–,–,–,–,–
14th,–,WT,WT16.5X131.5,–,–,–,–,–,–,38.7,17.3,0.87,–,15.8,1.57,–,–,–,131.5,5.03,–,–,–,–,943,125,70.2,4.93,3.83,1.23,517,101,65.5,3.65,–,–,–,–,–,–,–,–,–,–,–,–,–,–,–,–,–,–,–,24.3,–,–,–,–,–,–,–,–,–,–,–,–,–,–,–,–,–,–,–,–,–,–,–,–,–,–,–,–,–,188,–,–,–,–,–,–,–,–,–,–,–,–,–,–,–,–,19.9,–,–,–,–,–,–,6.86,0.802,17  1/4 ,15  3/4 ,  7/8 ,  7/16,1  9/16,2.36,2  7/16,–,–,0.9,–,–,–,–,–,–,–,–,–,–,–,–,–,–,–,–,–,–
14th,–,WT,WT16.5X120.5,–,–,–,–,–,–,35.6,17.1,0.83,–,15.9,1.4,–,–,–,120.5,5.66,–,–,–,–,872,116,65.8,4.96,3.84,1.12,466,90.8,58.8,3.62,–,–,–,–,–,–,–,–,–,–,–,–,–,–,–,–,–,–,–,18,–,–,–,–,–,–,–,–,–,–,–,–,–,–,–,–,–,–,–,–,–,–,–,–,–,–,–,–,–,146,–,–,–,–,–,–,–,–,–,–,–,–,–,–,–,–,20.6,–,–,–,–,–,–,6.9,0.792,17  1/8 ,15  7/8 , 13/16,  7/16,1  3/8 ,2.19,2  1/4 ,–,–,0.864,–,–,–,–,–,–,–,–,–,–,–,–,–,–,–,–,–,–
14th,–,WT,WT16.5X110.5,–,–,–,–,–,–,32.6,17,0.775,–,15.8,1.28,–,–,–,110.5,6.2,–,–,–,–,799,107,60.8,4.95,3.81,1.03,420,82.1,53.2,3.59,–,–,–,–,–,–,–,–,–,–,–,–,–,–,–,–,–,–,–,13.9,–,–,–,–,–,–,–,–,–,–,–,–,–,–,–,–,–,–,–,–,–,–,–,–,–,–,–,–,–,113,–,–,–,–,–,–,–,–,–,–,–,–,–,–,–,–,21.9,–,–,–,–,–,–,6.89,0.788,17,15  3/4 ,  3/4 ,  3/8 ,1  1/4 ,2.06,2  1/8 ,–,–,0.799,–,–,–,–,–,–,–,–,–,–,–,–,–,–,–,–,–,–
14th,–,WT,WT16.5X100.5,–,–,–,–,–,–,29.7,16.8,0.715,–,15.7,1.15,–,–,–,100.5,6.85,–,–,–,–,725,97.8,55.5,4.95,3.77,0.94,375,73.3,47.6,3.56,–,–,–,–,–,–,–,–,–,–,–,–,–,–,–,–,–,–,–,10.4,–,–,–,–,–,–,–,–,–,–,–,–,–,–,–,–,–,–,–,–,–,–,–,–,–,–,–,–,–,84.9,–,–,–,–,–,–,–,–,–,–,–,–,–,–,–,–,23.5,–,–,–,–,–,–,6.88,0.784,16  7/8 ,15  3/4 , 11/16,  3/8 ,1  1/8 ,1.94,2,–,–,0.718,–,–,–,–,–,–,–,–,–,–,–,–,–,–,–,–,–,–
14th,–,WT,WT16.5X84.5,–,–,–,–,–,–,24.7,16.9,0.67,–,11.5,1.22,–,–,–,84.5,4.71,–,–,–,–,649,90.8,51.1,5.12,4.21,1.08,155,42.1,27,2.5,–,–,–,–,–,–,–,–,–,–,–,–,–,–,–,–,–,–,–,8.81,–,–,–,–,–,–,–,–,–,–,–,–,–,–,–,–,–,–,–,–,–,–,–,–,–,–,–,–,–,55.4,–,–,–,–,–,–,–,–,–,–,–,–,–,–,–,–,25.2,–,–,–,–,–,–,6.74,0.715,16  7/8 ,11  1/2 , 11/16,  3/8 ,1  1/4 ,1.92,2  1/8 ,–,–,0.63,–,–,–,–,–,–,–,–,–,–,–,–,–,–,–,–,–,–
14th,–,WT,WT16.5X76,–,–,–,–,–,–,22.5,16.7,0.635,–,11.6,1.06,–,–,–,76,5.48,–,–,–,–,592,84.5,47.4,5.14,4.26,0.967,136,36.9,23.6,2.47,–,–,–,–,–,–,–,–,–,–,–,–,–,–,–,–,–,–,–,6.16,–,–,–,–,–,–,–,–,–,–,–,–,–,–,–,–,–,–,–,–,–,–,–,–,–,–,–,–,–,43,–,–,–,–,–,–,–,–,–,–,–,–,–,–,–,–,26.3,–,–,–,–,–,–,6.82,0.7,16  3/4 ,11  5/8 ,  5/8 ,  5/16,1  1/16,1.76,1 15/16,–,–,0.579,–,–,–,–,–,–,–,–,–,–,–,–,–,–,–,–,–,–
14th,–,WT,WT16.5X70.5,–,–,–,–,–,–,20.7,16.7,0.605,–,11.5,0.96,–,–,–,70.5,6.01,–,–,–,–,552,79.8,44.7,5.15,4.29,0.901,123,33.4,21.3,2.43,–,–,–,–,–,–,–,–,–,–,–,–,–,–,–,–,–,–,–,4.84,–,–,–,–,–,–,–,–,–,–,–,–,–,–,–,–,–,–,–,–,–,–,–,–,–,–,–,–,–,35.4,–,–,–,–,–,–,–,–,–,–,–,–,–,–,–,–,27.6,–,–,–,–,–,–,6.86,0.691,16  5/8 ,11  1/2 ,  5/8 ,  5/16, 15/16,1.66,1 13/16,–,–,0.525,–,–,–,–,–,–,–,–,–,–,–,–,–,–,–,–,–,–
14th,–,WT,WT16.5X65,–,–,–,–,–,–,19.1,16.5,0.58,–,11.5,0.855,–,–,–,65,6.73,–,–,–,–,513,75.6,42.1,5.18,4.36,0.832,109,29.7,18.9,2.38,–,–,–,–,–,–,–,–,–,–,–,–,–,–,–,–,–,–,–,3.67,–,–,–,–,–,–,–,–,–,–,–,–,–,–,–,–,–,–,–,–,–,–,–,–,–,–,–,–,–,29.3,–,–,–,–,–,–,–,–,–,–,–,–,–,–,–,–,28.4,–,–,–,–,–,–,6.93,0.677,16  1/2 ,11  1/2 ,  9/16,  5/16,  7/8 ,1.56,1  3/4 ,–,–,0.496,–,–,–,–,–,–,–,–,–,–,–,–,–,–,–,–,–,–
14th,–,WT,WT16.5X59,–,–,–,–,–,–,17.4,16.4,0.55,–,11.5,0.74,–,–,–,59,7.76,–,–,–,–,469,70.8,39.2,5.2,4.47,0.862,93.5,25.6,16.3,2.32,–,–,–,–,–,–,–,–,–,–,–,–,–,–,–,–,–,–,–,2.64,–,–,–,–,–,–,–,–,–,–,–,–,–,–,–,–,–,–,–,–,–,–,–,–,–,–,–,–,–,23.4,–,–,–,–,–,–,–,–,–,–,–,–,–,–,–,–,29.8,–,–,–,–,–,–,7.02,0.659,16  3/8 ,11  1/2 ,  9/16,  5/16,  3/4 ,1.44,1  5/8 ,–,–,0.451,–,–,–,–,–,–,–,–,–,–,–,–,–,–,–,–,–,–
14th,–,WT,WT15X195.5,–,–,–,–,–,–,57.6,16.6,1.36,–,15.6,2.44,–,–,–,195.5,3.19,–,–,–,–,1220,177,96.9,4.61,4,1.85,774,155,99.2,3.67,–,–,–,–,–,–,–,–,–,–,–,–,–,–,–,–,–,–,–,86.3,–,–,–,–,–,–,–,–,–,–,–,–,–,–,–,–,–,–,–,–,–,–,–,–,–,–,–,–,–,636,–,–,–,–,–,–,–,–,–,–,–,–,–,–,–,–,12.2,–,–,–,–,–,–,6.51,0.817,16  5/8 ,15  5/8 ,1  3/8 , 11/16,2  7/16,3.23,3  3/8 ,–,–,1,–,–,–,–,–,–,–,–,–,–,–,–,–,–,–,–,–,–
14th,–,WT,WT15X178.5,–,–,–,–,–,–,52.5,16.4,1.24,–,15.5,2.24,–,–,–,178.5,3.45,–,–,–,–,1090,159,87.2,4.56,3.87,1.7,693,140,89.6,3.64,–,–,–,–,–,–,–,–,–,–,–,–,–,–,–,–,–,–,–,66.6,–,–,–,–,–,–,–,–,–,–,–,–,–,–,–,–,–,–,–,–,–,–,–,–,–,–,–,–,–,478,–,–,–,–,–,–,–,–,–,–,–,–,–,–,–,–,13.2,–,–,–,–,–,–,6.45,0.818,16  3/8 ,15  1/2 ,1  1/4 ,  5/8 ,2  1/4 ,3.03,3  1/8 ,–,–,1,–,–,–,–,–,–,–,–,–,–,–,–,–,–,–,–,–,–
14th,–,WT,WT15X163,–,–,–,–,–,–,48,16.2,1.14,–,15.4,2.05,–,–,–,163,3.75,–,–,–,–,981,143,78.8,4.52,3.76,1.56,622,126,81,3.6,–,–,–,–,–,–,–,–,–,–,–,–,–,–,–,–,–,–,–,51.2,–,–,–,–,–,–,–,–,–,–,–,–,–,–,–,–,–,–,–,–,–,–,–,–,–,–,–,–,–,361,–,–,–,–,–,–,–,–,–,–,–,–,–,–,–,–,14.2,–,–,–,–,–,–,6.4,0.817,16  1/4 ,15  3/8 ,1  1/8 ,  9/16,2  1/16,2.84,2 15/16,–,–,1,–,–,–,–,–,–,–,–,–,–,–,–,–,–,–,–,–,–
14th,–,WT,WT15X146,–,–,–,–,–,–,43,16,1.02,–,15.3,1.85,–,–,–,146,4.12,–,–,–,–,861,125,69.6,4.48,3.62,1.41,549,111,71.9,3.58,–,–,–,–,–,–,–,–,–,–,–,–,–,–,–,–,–,–,–,37.5,–,–,–,–,–,–,–,–,–,–,–,–,–,–,–,–,–,–,–,–,–,–,–,–,–,–,–,–,–,257,–,–,–,–,–,–,–,–,–,–,–,–,–,–,–,–,15.7,–,–,–,–,–,–,6.33,0.819,16,15  1/4 ,1,  1/2 ,1  7/8 ,2.64,2  3/4 ,–,–,1,–,–,–,–,–,–,–,–,–,–,–,–,–,–,–,–,–,–
14th,–,WT,WT15X130.5,–,–,–,–,–,–,38.5,15.8,0.93,–,15.2,1.65,–,–,–,130.5,4.59,–,–,–,–,765,112,62.4,4.46,3.54,1.27,480,97.9,63.3,3.53,–,–,–,–,–,–,–,–,–,–,–,–,–,–,–,–,–,–,–,26.9,–,–,–,–,–,–,–,–,–,–,–,–,–,–,–,–,–,–,–,–,–,–,–,–,–,–,–,–,–,184,–,–,–,–,–,–,–,–,–,–,–,–,–,–,–,–,17,–,–,–,–,–,–,6.3,0.815,15  3/4 ,15  1/8 , 15/16,  1/2 ,1  5/8 ,2.44,2  9/16,–,–,1,–,–,–,–,–,–,–,–,–,–,–,–,–,–,–,–,–,–
14th,–,WT,WT15X117.5,–,–,–,–,–,–,34.7,15.7,0.83,–,15.1,1.5,–,–,–,117.5,5.02,–,–,–,–,674,98.2,55.1,4.41,3.41,1.15,427,87.5,56.8,3.51,–,–,–,–,–,–,–,–,–,–,–,–,–,–,–,–,–,–,–,20.1,–,–,–,–,–,–,–,–,–,–,–,–,–,–,–,–,–,–,–,–,–,–,–,–,–,–,–,–,–,133,–,–,–,–,–,–,–,–,–,–,–,–,–,–,–,–,18.9,–,–,–,–,–,–,6.24,0.818,15  5/8 ,15, 13/16,  7/16,1  1/2 ,2.29,2  3/8 ,–,–,0.951,–,–,–,–,–,–,–,–,–,–,–,–,–,–,–,–,–,–
14th,–,WT,WT15X105.5,–,–,–,–,–,–,31.1,15.5,0.775,–,15.1,1.32,–,–,–,105.5,5.74,–,–,–,–,610,89.5,50.5,4.43,3.39,1.03,378,77.2,50.1,3.49,–,–,–,–,–,–,–,–,–,–,–,–,–,–,–,–,–,–,–,14.1,–,–,–,–,–,–,–,–,–,–,–,–,–,–,–,–,–,–,–,–,–,–,–,–,–,–,–,–,–,96.4,–,–,–,–,–,–,–,–,–,–,–,–,–,–,–,–,20,–,–,–,–,–,–,6.27,0.809,15  1/2 ,15  1/8 ,  3/4 ,  3/8 ,1  5/16,2.1,2  1/4 ,–,–,0.895,–,–,–,–,–,–,–,–,–,–,–,–,–,–,–,–,–,–
14th,–,WT,WT15X95.5,–,–,–,–,–,–,28,15.3,0.71,–,15,1.19,–,–,–,95.5,6.35,–,–,–,–,549,80.8,45.7,4.42,3.34,0.935,336,68.9,44.7,3.46,–,–,–,–,–,–,–,–,–,–,–,–,–,–,–,–,–,–,–,10.5,–,–,–,–,–,–,–,–,–,–,–,–,–,–,–,–,–,–,–,–,–,–,–,–,–,–,–,–,–,71.2,–,–,–,–,–,–,–,–,–,–,–,–,–,–,–,–,21.5,–,–,–,–,–,–,6.25,0.807,15  3/8 ,15, 11/16,  3/8 ,1  3/16,1.97,2  1/16,–,–,0.819,–,–,–,–,–,–,–,–,–,–,–,–,–,–,–,–,–,–
14th,–,WT,WT15X86.5,–,–,–,–,–,–,25.4,15.2,0.655,–,15,1.07,–,–,–,86.5,7.04,–,–,–,–,497,73.5,41.7,4.42,3.31,0.851,299,61.4,39.9,3.42,–,–,–,–,–,–,–,–,–,–,–,–,–,–,–,–,–,–,–,7.78,–,–,–,–,–,–,–,–,–,–,–,–,–,–,–,–,–,–,–,–,–,–,–,–,–,–,–,–,–,53,–,–,–,–,–,–,–,–,–,–,–,–,–,–,–,–,23.2,–,–,–,–,–,–,6.24,0.802,15  1/4 ,15,  5/8 ,  5/16,1  1/16,1.85,2,–,–,0.733,–,–,–,–,–,–,–,–,–,–,–,–,–,–,–,–,–,–
14th,–,WT,WT15X74,–,–,–,–,–,–,21.8,15.3,0.65,–,10.5,1.18,–,–,–,74,4.44,–,–,–,–,466,72.2,40.6,4.63,3.84,1.04,114,33.9,21.7,2.28,–,–,–,–,–,–,–,–,–,–,–,–,–,–,–,–,–,–,–,7.24,–,–,–,–,–,–,–,–,–,–,–,–,–,–,–,–,–,–,–,–,–,–,–,–,–,–,–,–,–,37.6,–,–,–,–,–,–,–,–,–,–,–,–,–,–,–,–,23.5,–,–,–,–,–,–,6.1,0.716,15  3/8 ,10  1/2 ,  5/8 ,  5/16,1  3/16,1.83,2  1/16,–,–,0.718,–,–,–,–,–,–,–,–,–,–,–,–,–,–,–,–,–,–
14th,–,WT,WT15X66,–,–,–,–,–,–,19.5,15.2,0.615,–,10.5,1,–,–,–,66,5.27,–,–,–,–,421,66.8,37.4,4.66,3.9,0.921,98,29.2,18.6,2.25,–,–,–,–,–,–,–,–,–,–,–,–,–,–,–,–,–,–,–,4.85,–,–,–,–,–,–,–,–,–,–,–,–,–,–,–,–,–,–,–,–,–,–,–,–,–,–,–,–,–,28.5,–,–,–,–,–,–,–,–,–,–,–,–,–,–,–,–,24.7,–,–,–,–,–,–,6.19,0.698,15  1/8 ,10  1/2 ,  5/8 ,  5/16,1,1.65,1  7/8 ,–,–,0.657,–,–,–,–,–,–,–,–,–,–,–,–,–,–,–,–,–,–
14th,–,WT,WT15X62,–,–,–,–,–,–,18.2,15.1,0.585,–,10.5,0.93,–,–,–,62,5.65,–,–,–,–,396,63.1,35.3,4.66,3.9,0.867,90.4,27,17.2,2.23,–,–,–,–,–,–,–,–,–,–,–,–,–,–,–,–,–,–,–,3.98,–,–,–,–,–,–,–,–,–,–,–,–,–,–,–,–,–,–,–,–,–,–,–,–,–,–,–,–,–,23.9,–,–,–,–,–,–,–,–,–,–,–,–,–,–,–,–,25.8,–,–,–,–,–,–,6.2,0.694,15  1/8 ,10  1/2 ,  9/16,  5/16, 15/16,1.58,1 13/16,–,–,0.601,–,–,–,–,–,–,–,–,–,–,–,–,–,–,–,–,–,–
14th,–,WT,WT15X58,–,–,–,–,–,–,17.1,15,0.565,–,10.5,0.85,–,–,–,58,6.17,–,–,–,–,373,60.4,33.7,4.67,3.94,0.815,82.1,24.6,15.6,2.19,–,–,–,–,–,–,–,–,–,–,–,–,–,–,–,–,–,–,–,3.21,–,–,–,–,–,–,–,–,–,–,–,–,–,–,–,–,–,–,–,–,–,–,–,–,–,–,–,–,–,20.5,–,–,–,–,–,–,–,–,–,–,–,–,–,–,–,–,26.5,–,–,–,–,–,–,6.24,0.683,15,10  1/2 ,  9/16,  5/16,  7/8 ,1.5,1  3/4 ,–,–,0.57,–,–,–,–,–,–,–,–,–,–,–,–,–,–,–,–,–,–
14th,–,WT,WT15X54,–,–,–,–,–,–,15.9,14.9,0.545,–,10.5,0.76,–,–,–,54,6.89,–,–,–,–,349,57.7,32,4.69,4.01,0.757,73,21.9,13.9,2.15,–,–,–,–,–,–,–,–,–,–,–,–,–,–,–,–,–,–,–,2.49,–,–,–,–,–,–,–,–,–,–,–,–,–,–,–,–,–,–,–,–,–,–,–,–,–,–,–,–,–,17.3,–,–,–,–,–,–,–,–,–,–,–,–,–,–,–,–,27.3,–,–,–,–,–,–,6.31,0.668,14  7/8 ,10  1/2 ,  9/16,  5/16,  3/4 ,1.41,1 11/16,–,–,0.537,–,–,–,–,–,–,–,–,–,–,–,–,–,–,–,–,–,–
14th,–,WT,WT15X49.5,–,–,–,–,–,–,14.5,14.8,0.52,–,10.5,0.67,–,–,–,49.5,7.8,–,–,–,–,322,54.4,30,4.71,4.09,0.912,63.9,19.3,12.2,2.1,–,–,–,–,–,–,–,–,–,–,–,–,–,–,–,–,–,–,–,1.88,–,–,–,–,–,–,–,–,–,–,–,–,–,–,–,–,–,–,–,–,–,–,–,–,–,–,–,–,–,14.3,–,–,–,–,–,–,–,–,–,–,–,–,–,–,–,–,28.5,–,–,–,–,–,–,6.38,0.653,14  7/8 ,10  1/2 ,  1/2 ,  1/4 , 11/16,1.32,1  9/16,–,–,0.493,–,–,–,–,–,–,–,–,–,–,–,–,–,–,–,–,–,–
14th,–,WT,WT15X45,–,–,–,–,–,–,13.2,14.8,0.47,–,10.4,0.61,–,–,–,45,8.52,–,–,–,–,290,49,27.1,4.69,4.04,0.835,57.3,17.3,11,2.09,–,–,–,–,–,–,–,–,–,–,–,–,–,–,–,–,–,–,–,1.41,–,–,–,–,–,–,–,–,–,–,–,–,–,–,–,–,–,–,–,–,–,–,–,–,–,–,–,–,–,10.5,–,–,–,–,–,–,–,–,–,–,–,–,–,–,–,–,31.5,–,–,–,–,–,–,6.35,0.654,14  3/4 ,10  3/8 ,  1/2 ,  1/4 ,  5/8 ,1.26,1  1/2 ,–,–,0.403,–,–,–,–,–,–,–,–,–,–,–,–,–,–,–,–,–,–
14th,–,WT,WT13.5X269.5,–,–,–,–,–,–,79.3,16.3,1.97,–,15.3,3.54,–,–,–,269.5,2.15,–,–,–,–,1530,242,128,4.39,4.34,2.6,1060,218,138,3.65,–,–,–,–,–,–,–,–,–,–,–,–,–,–,–,–,–,–,–,247,–,–,–,–,–,–,–,–,–,–,–,–,–,–,–,–,–,–,–,–,–,–,–,–,–,–,–,–,–,1740,–,–,–,–,–,–,–,–,–,–,–,–,–,–,–,–,8.3,–,–,–,–,–,–,6.26,0.831,16  1/4 ,15  1/4 ,2,1,3  9/16,4.33,4  7/16,–,–,1,–,–,–,–,–,–,–,–,–,–,–,–,–,–,–,–,–,–
14th,–,WT,WT13.5X184,–,–,–,–,–,–,54.2,15.2,1.38,–,14.7,2.48,–,–,–,184,2.96,–,–,–,–,939,151,81.7,4.16,3.71,1.85,655,140,89.3,3.48,–,–,–,–,–,–,–,–,–,–,–,–,–,–,–,–,–,–,–,84.5,–,–,–,–,–,–,–,–,–,–,–,–,–,–,–,–,–,–,–,–,–,–,–,–,–,–,–,–,–,532,–,–,–,–,–,–,–,–,–,–,–,–,–,–,–,–,11,–,–,–,–,–,–,5.96,0.828,15  1/4 ,14  5/8 ,1  3/8 , 11/16,2  1/2 ,3.27,3  3/8 ,–,–,1,–,–,–,–,–,–,–,–,–,–,–,–,–,–,–,–,–,–
14th,–,WT,WT13.5X168,–,–,–,–,–,–,49.5,15,1.26,–,14.6,2.28,–,–,–,168,3.19,–,–,–,–,839,135,73.4,4.12,3.58,1.7,587,126,80.8,3.45,–,–,–,–,–,–,–,–,–,–,–,–,–,–,–,–,–,–,–,65.4,–,–,–,–,–,–,–,–,–,–,–,–,–,–,–,–,–,–,–,–,–,–,–,–,–,–,–,–,–,401,–,–,–,–,–,–,–,–,–,–,–,–,–,–,–,–,11.9,–,–,–,–,–,–,5.9,0.829,15,14  1/2 ,1  1/4 ,  5/8 ,2  1/4 ,3.07,3  3/16,–,–,1,–,–,–,–,–,–,–,–,–,–,–,–,–,–,–,–,–,–
14th,–,WT,WT13.5X153.5,–,–,–,–,–,–,45.2,14.8,1.16,–,14.4,2.09,–,–,–,153.5,3.46,–,–,–,–,753,121,66.4,4.08,3.47,1.56,527,113,72.9,3.41,–,–,–,–,–,–,–,–,–,–,–,–,–,–,–,–,–,–,–,50.5,–,–,–,–,–,–,–,–,–,–,–,–,–,–,–,–,–,–,–,–,–,–,–,–,–,–,–,–,–,304,–,–,–,–,–,–,–,–,–,–,–,–,–,–,–,–,12.8,–,–,–,–,–,–,5.85,0.828,14  3/4 ,14  1/2 ,1  3/16,  5/8 ,2  1/16,2.88,3,–,–,1,–,–,–,–,–,–,–,–,–,–,–,–,–,–,–,–,–,–
14th,–,WT,WT13.5X140.5,–,–,–,–,–,–,41.5,14.6,1.06,–,14.4,1.93,–,–,–,140.5,3.72,–,–,–,–,677,109,59.9,4.04,3.35,1.44,477,103,66.4,3.39,–,–,–,–,–,–,–,–,–,–,–,–,–,–,–,–,–,–,–,39.6,–,–,–,–,–,–,–,–,–,–,–,–,–,–,–,–,–,–,–,–,–,–,–,–,–,–,–,–,–,232,–,–,–,–,–,–,–,–,–,–,–,–,–,–,–,–,13.8,–,–,–,–,–,–,5.79,0.83,14  5/8 ,14  3/8 ,1  1/16,  9/16,1 15/16,2.72,2 13/16,–,–,1,–,–,–,–,–,–,–,–,–,–,–,–,–,–,–,–,–,–
14th,–,WT,WT13.5X129,–,–,–,–,–,–,38.1,14.5,0.98,–,14.3,1.77,–,–,–,129,4.03,–,–,–,–,613,98.9,54.7,4.02,3.27,1.33,430,93.3,60.2,3.36,–,–,–,–,–,–,–,–,–,–,–,–,–,–,–,–,–,–,–,30.7,–,–,–,–,–,–,–,–,–,–,–,–,–,–,–,–,–,–,–,–,–,–,–,–,–,–,–,–,–,178,–,–,–,–,–,–,–,–,–,–,–,–,–,–,–,–,14.8,–,–,–,–,–,–,5.76,0.828,14  1/2 ,14  1/4 ,1,  1/2 ,1  3/4 ,2.56,2 11/16,–,–,1,–,–,–,–,–,–,–,–,–,–,–,–,–,–,–,–,–,–
14th,–,WT,WT13.5X117.5,–,–,–,–,–,–,34.7,14.3,0.91,–,14.2,1.61,–,–,–,117.5,4.41,–,–,–,–,556,89.9,50,4,3.2,1.22,384,83.8,54.2,3.33,–,–,–,–,–,–,–,–,–,–,–,–,–,–,–,–,–,–,–,23.4,–,–,–,–,–,–,–,–,–,–,–,–,–,–,–,–,–,–,–,–,–,–,–,–,–,–,–,–,–,135,–,–,–,–,–,–,–,–,–,–,–,–,–,–,–,–,15.7,–,–,–,–,–,–,5.73,0.825,14  3/8 ,14  1/4 , 15/16,  1/2 ,1  5/8 ,2.4,2  1/2 ,–,–,1,–,–,–,–,–,–,–,–,–,–,–,–,–,–,–,–,–,–
14th,–,WT,WT13.5X108.5,–,–,–,–,–,–,32,14.2,0.83,–,14.1,1.5,–,–,–,108.5,4.71,–,–,–,–,502,81.1,45.2,3.96,3.1,1.13,352,77,49.9,3.32,–,–,–,–,–,–,–,–,–,–,–,–,–,–,–,–,–,–,–,18.8,–,–,–,–,–,–,–,–,–,–,–,–,–,–,–,–,–,–,–,–,–,–,–,–,–,–,–,–,–,105,–,–,–,–,–,–,–,–,–,–,–,–,–,–,–,–,17.1,–,–,–,–,–,–,5.68,0.828,14  1/4 ,14  1/8 , 13/16,  7/16,1  1/2 ,2.29,2  3/8 ,–,–,1,–,–,–,–,–,–,–,–,–,–,–,–,–,–,–,–,–,–
14th,–,WT,WT13.5X97,–,–,–,–,–,–,28.6,14.1,0.75,–,14,1.34,–,–,–,97,5.24,–,–,–,–,444,71.8,40.3,3.94,3.02,1.02,309,67.8,44.1,3.29,–,–,–,–,–,–,–,–,–,–,–,–,–,–,–,–,–,–,–,13.5,–,–,–,–,–,–,–,–,–,–,–,–,–,–,–,–,–,–,–,–,–,–,–,–,–,–,–,–,–,74.3,–,–,–,–,–,–,–,–,–,–,–,–,–,–,–,–,18.8,–,–,–,–,–,–,5.64,0.827,14,14,  3/4 ,  3/8 ,1  5/16,2.13,2  1/4 ,–,–,0.956,–,–,–,–,–,–,–,–,–,–,–,–,–,–,–,–,–,–
14th,–,WT,WT13.5X89,–,–,–,–,–,–,26.3,13.9,0.725,–,14.1,1.19,–,–,–,89,5.92,–,–,–,–,414,67.7,38.2,3.97,3.04,0.932,278,60.8,39.4,3.25,–,–,–,–,–,–,–,–,–,–,–,–,–,–,–,–,–,–,–,10,–,–,–,–,–,–,–,–,–,–,–,–,–,–,–,–,–,–,–,–,–,–,–,–,–,–,–,–,–,57.7,–,–,–,–,–,–,–,–,–,–,–,–,–,–,–,–,19.2,–,–,–,–,–,–,5.69,0.815,13  7/8 ,14  1/8 ,  3/4 ,  3/8 ,1  3/16,1.98,2  1/16,–,–,0.935,–,–,–,–,–,–,–,–,–,–,–,–,–,–,–,–,–,–
14th,–,WT,WT13.5X80.5,–,–,–,–,–,–,23.8,13.8,0.66,–,14,1.08,–,–,–,80.5,6.49,–,–,–,–,372,60.8,34.4,3.95,2.98,0.849,248,54.5,35.4,3.23,–,–,–,–,–,–,–,–,–,–,–,–,–,–,–,–,–,–,–,7.53,–,–,–,–,–,–,–,–,–,–,–,–,–,–,–,–,–,–,–,–,–,–,–,–,–,–,–,–,–,42.7,–,–,–,–,–,–,–,–,–,–,–,–,–,–,–,–,20.9,–,–,–,–,–,–,5.66,0.814,13  3/4 ,14, 11/16,  3/8 ,1  1/16,1.87,2,–,–,0.849,–,–,–,–,–,–,–,–,–,–,–,–,–,–,–,–,–,–
14th,–,WT,WT13.5X73,–,–,–,–,–,–,21.6,13.7,0.605,–,14,0.975,–,–,–,73,7.16,–,–,–,–,336,55,31.2,3.95,2.94,0.772,222,48.8,31.7,3.2,–,–,–,–,–,–,–,–,–,–,–,–,–,–,–,–,–,–,–,5.62,–,–,–,–,–,–,–,–,–,–,–,–,–,–,–,–,–,–,–,–,–,–,–,–,–,–,–,–,–,31.7,–,–,–,–,–,–,–,–,–,–,–,–,–,–,–,–,22.6,–,–,–,–,–,–,5.64,0.812,13  3/4 ,14,  5/8 ,  5/16,1,1.76,1  7/8 ,–,–,0.763,–,–,–,–,–,–,–,–,–,–,–,–,–,–,–,–,–,–
14th,–,WT,WT13.5X64.5,–,–,–,–,–,–,18.9,13.8,0.61,–,10,1.1,–,–,–,64.5,4.55,–,–,–,–,323,55.1,31,4.13,3.39,0.945,92.2,28.8,18.4,2.21,–,–,–,–,–,–,–,–,–,–,–,–,–,–,–,–,–,–,–,5.55,–,–,–,–,–,–,–,–,–,–,–,–,–,–,–,–,–,–,–,–,–,–,–,–,–,–,–,–,–,24,–,–,–,–,–,–,–,–,–,–,–,–,–,–,–,–,22.6,–,–,–,–,–,–,5.48,0.732,13  7/8 ,10,  5/8 ,  5/16,1  1/8 ,1.7,2,–,–,0.763,–,–,–,–,–,–,–,–,–,–,–,–,–,–,–,–,–,–
14th,–,WT,WT13.5X57,–,–,–,–,–,–,16.8,13.6,0.57,–,10.1,0.93,–,–,–,57,5.41,–,–,–,–,289,50.4,28.3,4.15,3.42,0.832,79.3,24.6,15.8,2.18,–,–,–,–,–,–,–,–,–,–,–,–,–,–,–,–,–,–,–,3.65,–,–,–,–,–,–,–,–,–,–,–,–,–,–,–,–,–,–,–,–,–,–,–,–,–,–,–,–,–,17.5,–,–,–,–,–,–,–,–,–,–,–,–,–,–,–,–,23.9,–,–,–,–,–,–,5.54,0.716,13  5/8 ,10  1/8 ,  9/16,  5/16, 15/16,1.53,1 13/16,–,–,0.697,–,–,–,–,–,–,–,–,–,–,–,–,–,–,–,–,–,–
14th,–,WT,WT13.5X51,–,–,–,–,–,–,15,13.5,0.515,–,10,0.83,–,–,–,51,6.03,–,–,–,–,258,45,25.3,4.14,3.37,0.75,69.6,21.7,13.9,2.15,–,–,–,–,–,–,–,–,–,–,–,–,–,–,–,–,–,–,–,2.63,–,–,–,–,–,–,–,–,–,–,–,–,–,–,–,–,–,–,–,–,–,–,–,–,–,–,–,–,–,12.6,–,–,–,–,–,–,–,–,–,–,–,–,–,–,–,–,26.2,–,–,–,–,–,–,5.53,0.713,13  1/2 ,10,  1/2 ,  1/4 , 13/16,1.43,1  3/4 ,–,–,0.583,–,–,–,–,–,–,–,–,–,–,–,–,–,–,–,–,–,–
14th,–,WT,WT13.5X47,–,–,–,–,–,–,13.8,13.5,0.49,–,10,0.745,–,–,–,47,6.7,–,–,–,–,239,42.4,23.8,4.16,3.41,0.692,62,19.4,12.4,2.12,–,–,–,–,–,–,–,–,–,–,–,–,–,–,–,–,–,–,–,2.01,–,–,–,–,–,–,–,–,–,–,–,–,–,–,–,–,–,–,–,–,–,–,–,–,–,–,–,–,–,10.2,–,–,–,–,–,–,–,–,–,–,–,–,–,–,–,–,27.6,–,–,–,–,–,–,5.57,0.702,13  1/2 ,10,  1/2 ,  1/4 ,  3/4 ,1.34,1  5/8 ,–,–,0.525,–,–,–,–,–,–,–,–,–,–,–,–,–,–,–,–,–,–
14th,–,WT,WT13.5X42,–,–,–,–,–,–,12.4,13.4,0.46,–,10,0.64,–,–,–,42,7.78,–,–,–,–,216,39.2,21.9,4.18,3.48,0.621,52.8,16.6,10.6,2.07,–,–,–,–,–,–,–,–,–,–,–,–,–,–,–,–,–,–,–,1.4,–,–,–,–,–,–,–,–,–,–,–,–,–,–,–,–,–,–,–,–,–,–,–,–,–,–,–,–,–,7.79,–,–,–,–,–,–,–,–,–,–,–,–,–,–,–,–,29.1,–,–,–,–,–,–,5.63,0.685,13  3/8 ,10,  7/16,  1/4 ,  5/8 ,1.24,1  9/16,–,–,0.473,–,–,–,–,–,–,–,–,–,–,–,–,–,–,–,–,–,–
14th,–,WT,WT12X185,–,–,–,–,–,–,54.5,14,1.52,–,13.7,2.72,–,–,–,185,2.51,–,–,–,–,779,140,74.7,3.78,3.57,1.99,581,133,85.1,3.27,–,–,–,–,–,–,–,–,–,–,–,–,–,–,–,–,–,–,–,100,–,–,–,–,–,–,–,–,–,–,–,–,–,–,–,–,–,–,–,–,–,–,–,–,–,–,–,–,–,553,–,–,–,–,–,–,–,–,–,–,–,–,–,–,–,–,9.2,–,–,–,–,–,–,5.47,0.837,14,13  5/8 ,1  1/2 ,  3/4 ,2  3/4 ,3.22,3  5/8 ,–,–,1,–,–,–,–,–,–,–,–,–,–,–,–,–,–,–,–,–,–
14th,–,WT,WT12X167.5,–,–,–,–,–,–,49.1,13.8,1.38,–,13.5,2.48,–,–,–,167.5,2.73,–,–,–,–,686,123,66.3,3.73,3.42,1.82,513,119,75.9,3.23,–,–,–,–,–,–,–,–,–,–,–,–,–,–,–,–,–,–,–,75.6,–,–,–,–,–,–,–,–,–,–,–,–,–,–,–,–,–,–,–,–,–,–,–,–,–,–,–,–,–,405,–,–,–,–,–,–,–,–,–,–,–,–,–,–,–,–,10,–,–,–,–,–,–,5.4,0.837,13  3/4 ,13  1/2 ,1  3/8 , 11/16,2  1/2 ,2.98,3  3/8 ,–,–,1,–,–,–,–,–,–,–,–,–,–,–,–,–,–,–,–,–,–
14th,–,WT,WT12X153,–,–,–,–,–,–,44.9,13.6,1.26,–,13.4,2.28,–,–,–,153,2.94,–,–,–,–,611,110,59.4,3.69,3.29,1.67,460,107,68.6,3.2,–,–,–,–,–,–,–,–,–,–,–,–,–,–,–,–,–,–,–,58.4,–,–,–,–,–,–,–,–,–,–,–,–,–,–,–,–,–,–,–,–,–,–,–,–,–,–,–,–,–,305,–,–,–,–,–,–,–,–,–,–,–,–,–,–,–,–,10.8,–,–,–,–,–,–,5.34,0.837,13  5/8 ,13  3/8 ,1  1/4 ,  5/8 ,2  1/4 ,2.78,3  3/16,–,–,1,–,–,–,–,–,–,–,–,–,–,–,–,–,–,–,–,–,–
14th,–,WT,WT12X139.5,–,–,–,–,–,–,41,13.4,1.16,–,13.3,2.09,–,–,–,139.5,3.18,–,–,–,–,546,98.8,53.6,3.65,3.18,1.54,412,96.3,61.9,3.17,–,–,–,–,–,–,–,–,–,–,–,–,–,–,–,–,–,–,–,45.1,–,–,–,–,–,–,–,–,–,–,–,–,–,–,–,–,–,–,–,–,–,–,–,–,–,–,–,–,–,230,–,–,–,–,–,–,–,–,–,–,–,–,–,–,–,–,11.6,–,–,–,–,–,–,5.28,0.837,13  3/8 ,13  1/4 ,1  3/16,  5/8 ,2  1/16,2.59,3,–,–,1,–,–,–,–,–,–,–,–,–,–,–,–,–,–,–,–,–,–
14th,–,WT,WT12X125,–,–,–,–,–,–,36.8,13.2,1.04,–,13.2,1.89,–,–,–,125,3.49,–,–,–,–,478,86.5,47.2,3.61,3.05,1.39,362,85.2,54.9,3.14,–,–,–,–,–,–,–,–,–,–,–,–,–,–,–,–,–,–,–,33.2,–,–,–,–,–,–,–,–,–,–,–,–,–,–,–,–,–,–,–,–,–,–,–,–,–,–,–,–,–,165,–,–,–,–,–,–,–,–,–,–,–,–,–,–,–,–,12.7,–,–,–,–,–,–,5.22,0.838,13  1/8 ,13  1/8 ,1  1/16,  9/16,1  7/8 ,2.39,2 13/16,–,–,1,–,–,–,–,–,–,–,–,–,–,–,–,–,–,–,–,–,–
14th,–,WT,WT12X114.5,–,–,–,–,–,–,33.6,13,0.96,–,13.1,1.73,–,–,–,114.5,3.79,–,–,–,–,431,78.1,42.9,3.58,2.96,1.28,326,77,49.7,3.11,–,–,–,–,–,–,–,–,–,–,–,–,–,–,–,–,–,–,–,25.5,–,–,–,–,–,–,–,–,–,–,–,–,–,–,–,–,–,–,–,–,–,–,–,–,–,–,–,–,–,125,–,–,–,–,–,–,–,–,–,–,–,–,–,–,–,–,13.5,–,–,–,–,–,–,5.19,0.836,13,13  1/8 , 15/16,  1/2 ,1  3/4 ,2.23,2  5/8 ,–,–,1,–,–,–,–,–,–,–,–,–,–,–,–,–,–,–,–,–,–
14th,–,WT,WT12X103.5,–,–,–,–,–,–,30.3,12.9,0.87,–,13,1.57,–,–,–,103.5,4.14,–,–,–,–,382,69.3,38.3,3.55,2.87,1.17,289,68.6,44.4,3.08,–,–,–,–,–,–,–,–,–,–,–,–,–,–,–,–,–,–,–,19.1,–,–,–,–,–,–,–,–,–,–,–,–,–,–,–,–,–,–,–,–,–,–,–,–,–,–,–,–,–,91.3,–,–,–,–,–,–,–,–,–,–,–,–,–,–,–,–,14.8,–,–,–,–,–,–,5.14,0.836,12  7/8 ,13,  7/8 ,  7/16,1  9/16,2.07,2  1/2 ,–,–,1,–,–,–,–,–,–,–,–,–,–,–,–,–,–,–,–,–,–
14th,–,WT,WT12X96,–,–,–,–,–,–,28.2,12.7,0.81,–,13,1.46,–,–,–,96,4.43,–,–,–,–,350,63.5,35.2,3.53,2.8,1.09,265,63.1,40.9,3.07,–,–,–,–,–,–,–,–,–,–,–,–,–,–,–,–,–,–,–,15.3,–,–,–,–,–,–,–,–,–,–,–,–,–,–,–,–,–,–,–,–,–,–,–,–,–,–,–,–,–,72.5,–,–,–,–,–,–,–,–,–,–,–,–,–,–,–,–,15.7,–,–,–,–,–,–,5.11,0.836,12  3/4 ,13, 13/16,  7/16,1  7/16,1.96,2  3/8 ,–,–,1,–,–,–,–,–,–,–,–,–,–,–,–,–,–,–,–,–,–
14th,–,WT,WT12X88,–,–,–,–,–,–,25.8,12.6,0.75,–,12.9,1.34,–,–,–,88,4.81,–,–,–,–,319,57.8,32.2,3.51,2.74,1,240,57.3,37.2,3.04,–,–,–,–,–,–,–,–,–,–,–,–,–,–,–,–,–,–,–,11.9,–,–,–,–,–,–,–,–,–,–,–,–,–,–,–,–,–,–,–,–,–,–,–,–,–,–,–,–,–,55.8,–,–,–,–,–,–,–,–,–,–,–,–,–,–,–,–,16.8,–,–,–,–,–,–,5.09,0.835,12  5/8 ,12  7/8 ,  3/4 ,  3/8 ,1  5/16,1.84,2  1/4 ,–,–,1,–,–,–,–,–,–,–,–,–,–,–,–,–,–,–,–,–,–
14th,–,WT,WT12X81,–,–,–,–,–,–,23.9,12.5,0.705,–,13,1.22,–,–,–,81,5.31,–,–,–,–,293,53.3,29.9,3.5,2.7,0.921,221,52.6,34.2,3.05,–,–,–,–,–,–,–,–,–,–,–,–,–,–,–,–,–,–,–,9.22,–,–,–,–,–,–,–,–,–,–,–,–,–,–,–,–,–,–,–,–,–,–,–,–,–,–,–,–,–,43.8,–,–,–,–,–,–,–,–,–,–,–,–,–,–,–,–,17.7,–,–,–,–,–,–,5.09,0.832,12  1/2 ,13, 11/16,  3/8 ,1  1/4 ,1.72,2  1/8 ,–,–,1,–,–,–,–,–,–,–,–,–,–,–,–,–,–,–,–,–,–
14th,–,WT,WT12X73,–,–,–,–,–,–,21.5,12.4,0.65,–,12.9,1.09,–,–,–,73,5.92,–,–,–,–,264,48.2,27.2,3.5,2.66,0.833,195,46.6,30.3,3.01,–,–,–,–,–,–,–,–,–,–,–,–,–,–,–,–,–,–,–,6.7,–,–,–,–,–,–,–,–,–,–,–,–,–,–,–,–,–,–,–,–,–,–,–,–,–,–,–,–,–,31.9,–,–,–,–,–,–,–,–,–,–,–,–,–,–,–,–,19.1,–,–,–,–,–,–,5.08,0.827,12  3/8 ,12  7/8 ,  5/8 ,  5/16,1  1/16,1.59,2,–,–,0.94,–,–,–,–,–,–,–,–,–,–,–,–,–,–,–,–,–,–
14th,–,WT,WT12X65.5,–,–,–,–,–,–,19.3,12.2,0.605,–,12.9,0.96,–,–,–,65.5,6.7,–,–,–,–,238,43.9,24.8,3.52,2.65,0.75,170,40.7,26.5,2.97,–,–,–,–,–,–,–,–,–,–,–,–,–,–,–,–,–,–,–,4.74,–,–,–,–,–,–,–,–,–,–,–,–,–,–,–,–,–,–,–,–,–,–,–,–,–,–,–,–,–,23.1,–,–,–,–,–,–,–,–,–,–,–,–,–,–,–,–,20.2,–,–,–,–,–,–,5.09,0.818,12  1/4 ,12  7/8 ,  5/8 ,  5/16, 15/16,1.46,1  7/8 ,–,–,0.885,–,–,–,–,–,–,–,–,–,–,–,–,–,–,–,–,–,–
14th,–,WT,WT12X58.5,–,–,–,–,–,–,17.2,12.1,0.55,–,12.8,0.85,–,–,–,58.5,7.53,–,–,–,–,212,39.2,22.3,3.51,2.62,0.672,149,35.7,23.2,2.94,–,–,–,–,–,–,–,–,–,–,–,–,–,–,–,–,–,–,–,3.35,–,–,–,–,–,–,–,–,–,–,–,–,–,–,–,–,–,–,–,–,–,–,–,–,–,–,–,–,–,16.4,–,–,–,–,–,–,–,–,–,–,–,–,–,–,–,–,22,–,–,–,–,–,–,5.08,0.814,12  1/8 ,12  3/4 ,  9/16,  5/16,  7/8 ,1.35,1  3/4 ,–,–,0.794,–,–,–,–,–,–,–,–,–,–,–,–,–,–,–,–,–,–
14th,–,WT,WT12X52,–,–,–,–,–,–,15.3,12,0.5,–,12.8,0.75,–,–,–,52,8.5,–,–,–,–,189,35.1,20,3.51,2.59,0.6,130,31.2,20.3,2.91,–,–,–,–,–,–,–,–,–,–,–,–,–,–,–,–,–,–,–,2.35,–,–,–,–,–,–,–,–,–,–,–,–,–,–,–,–,–,–,–,–,–,–,–,–,–,–,–,–,–,11.6,–,–,–,–,–,–,–,–,–,–,–,–,–,–,–,–,24,–,–,–,–,–,–,5.07,0.809,12,12  3/4 ,  1/2 ,  1/4 ,  3/4 ,1.25,1  5/8 ,–,–,0.692,–,–,–,–,–,–,–,–,–,–,–,–,–,–,–,–,–,–
14th,–,WT,WT12X51.5,–,–,–,–,–,–,15.1,12.3,0.55,–,9,0.98,–,–,–,51.5,4.59,–,–,–,–,204,39.2,22,3.67,3.01,0.841,59.7,20.7,13.3,1.99,–,–,–,–,–,–,–,–,–,–,–,–,–,–,–,–,–,–,–,3.53,–,–,–,–,–,–,–,–,–,–,–,–,–,–,–,–,–,–,–,–,–,–,–,–,–,–,–,–,–,12.3,–,–,–,–,–,–,–,–,–,–,–,–,–,–,–,–,22.4,–,–,–,–,–,–,4.88,0.733,12  1/4 ,9,  9/16,  5/16,1,1.48,1  7/8 ,–,–,0.773,–,–,–,–,–,–,–,–,–,–,–,–,–,–,–,–,–,–
14th,–,WT,WT12X47,–,–,–,–,–,–,13.8,12.2,0.515,–,9.07,0.875,–,–,–,47,5.18,–,–,–,–,186,36.1,20.3,3.67,2.99,0.764,54.5,18.7,12,1.98,–,–,–,–,–,–,–,–,–,–,–,–,–,–,–,–,–,–,–,2.62,–,–,–,–,–,–,–,–,–,–,–,–,–,–,–,–,–,–,–,–,–,–,–,–,–,–,–,–,–,9.57,–,–,–,–,–,–,–,–,–,–,–,–,–,–,–,–,23.7,–,–,–,–,–,–,4.89,0.727,12  1/8 ,9  1/8 ,  1/2 ,  1/4 ,  7/8 ,1.38,1  3/4 ,–,–,0.707,–,–,–,–,–,–,–,–,–,–,–,–,–,–,–,–,–,–
14th,–,WT,WT12X42,–,–,–,–,–,–,12.4,12.1,0.47,–,9.02,0.77,–,–,–,42,5.86,–,–,–,–,166,32.5,18.3,3.67,2.97,0.685,47.2,16.3,10.5,1.95,–,–,–,–,–,–,–,–,–,–,–,–,–,–,–,–,–,–,–,1.84,–,–,–,–,–,–,–,–,–,–,–,–,–,–,–,–,–,–,–,–,–,–,–,–,–,–,–,–,–,6.9,–,–,–,–,–,–,–,–,–,–,–,–,–,–,–,–,25.7,–,–,–,–,–,–,4.9,0.72,12,9,  1/2 ,  1/4 ,  3/4 ,1.27,1 11/16,–,–,0.606,–,–,–,–,–,–,–,–,–,–,–,–,–,–,–,–,–,–
14th,–,WT,WT12X38,–,–,–,–,–,–,11.2,12,0.44,–,8.99,0.68,–,–,–,38,6.61,–,–,–,–,151,30.1,16.9,3.68,3,0.622,41.3,14.3,9.18,1.92,–,–,–,–,–,–,–,–,–,–,–,–,–,–,–,–,–,–,–,1.34,–,–,–,–,–,–,–,–,–,–,–,–,–,–,–,–,–,–,–,–,–,–,–,–,–,–,–,–,–,5.3,–,–,–,–,–,–,–,–,–,–,–,–,–,–,–,–,27.3,–,–,–,–,–,–,4.93,0.709,12,9,  7/16,  1/4 , 11/16,1.18,1  9/16,–,–,0.537,–,–,–,–,–,–,–,–,–,–,–,–,–,–,–,–,–,–
14th,–,WT,WT12X34,–,–,–,–,–,–,10,11.9,0.415,–,8.97,0.585,–,–,–,34,7.66,–,–,–,–,137,27.9,15.6,3.7,3.06,0.56,35.2,12.3,7.85,1.87,–,–,–,–,–,–,–,–,–,–,–,–,–,–,–,–,–,–,–,0.932,–,–,–,–,–,–,–,–,–,–,–,–,–,–,–,–,–,–,–,–,–,–,–,–,–,–,–,–,–,4.08,–,–,–,–,–,–,–,–,–,–,–,–,–,–,–,–,28.7,–,–,–,–,–,–,4.99,0.691,11  7/8 ,9,  7/16,  1/4 ,  9/16,1.09,1  1/2 ,–,–,0.486,–,–,–,–,–,–,–,–,–,–,–,–,–,–,–,–,–,–
14th,–,WT,WT12X31,–,–,–,–,–,–,9.11,11.9,0.43,–,7.04,0.59,–,–,–,31,5.97,–,–,–,–,131,28.4,15.6,3.79,3.46,1.28,17.2,7.85,4.9,1.38,–,–,–,–,–,–,–,–,–,–,–,–,–,–,–,–,–,–,–,0.85,–,–,–,–,–,–,–,–,–,–,–,–,–,–,–,–,–,–,–,–,–,–,–,–,–,–,–,–,–,3.92,–,–,–,–,–,–,–,–,–,–,–,–,–,–,–,–,27.7,–,–,–,–,–,–,5.13,0.619,11  7/8 ,7,  7/16,  1/4 ,  9/16,1.09,1  1/2 ,–,–,0.522,–,–,–,–,–,–,–,–,–,–,–,–,–,–,–,–,–,–
14th,–,WT,WT12X27.5,–,–,–,–,–,–,8.1,11.8,0.395,–,7.01,0.505,–,–,–,27.5,6.94,–,–,–,–,117,25.6,14.1,3.8,3.5,1.53,14.5,6.65,4.15,1.34,–,–,–,–,–,–,–,–,–,–,–,–,–,–,–,–,–,–,–,0.588,–,–,–,–,–,–,–,–,–,–,–,–,–,–,–,–,–,–,–,–,–,–,–,–,–,–,–,–,–,2.93,–,–,–,–,–,–,–,–,–,–,–,–,–,–,–,–,29.9,–,–,–,–,–,–,5.17,0.606,11  3/4 ,7,  3/8 ,  3/16,  1/2 ,1.01,1  7/16,–,–,0.448,–,–,–,–,–,–,–,–,–,–,–,–,–,–,–,–,–,–
14th,–,WT,WT10.5X100.5,–,–,–,–,–,–,29.6,11.5,0.91,–,12.6,1.63,–,–,–,100.5,3.86,–,–,–,–,285,58.6,31.9,3.1,2.57,1.18,271,66.5,43.1,3.02,–,–,–,–,–,–,–,–,–,–,–,–,–,–,–,–,–,–,–,20.4,–,–,–,–,–,–,–,–,–,–,–,–,–,–,–,–,–,–,–,–,–,–,–,–,–,–,–,–,–,85.4,–,–,–,–,–,–,–,–,–,–,–,–,–,–,–,–,12.6,–,–,–,–,–,–,4.67,0.859,11  1/2 ,12  5/8 , 15/16,  1/2 ,1  5/8 ,2.13,2  1/2 ,–,–,1,–,–,–,–,–,–,–,–,–,–,–,–,–,–,–,–,–,–
14th,–,WT,WT10.5X91,–,–,–,–,–,–,26.8,11.4,0.83,–,12.5,1.48,–,–,–,91,4.22,–,–,–,–,253,52.1,28.5,3.07,2.48,1.07,241,59.5,38.6,3,–,–,–,–,–,–,–,–,–,–,–,–,–,–,–,–,–,–,–,15.3,–,–,–,–,–,–,–,–,–,–,–,–,–,–,–,–,–,–,–,–,–,–,–,–,–,–,–,–,–,63,–,–,–,–,–,–,–,–,–,–,–,–,–,–,–,–,13.7,–,–,–,–,–,–,4.64,0.859,11  3/8 ,12  1/2 , 13/16,  7/16,1  1/2 ,1.98,2  3/8 ,–,–,1,–,–,–,–,–,–,–,–,–,–,–,–,–,–,–,–,–,–
14th,–,WT,WT10.5X83,–,–,–,–,–,–,24.4,11.2,0.75,–,12.4,1.36,–,–,–,83,4.57,–,–,–,–,226,46.3,25.5,3.04,2.39,0.983,217,53.9,35,2.99,–,–,–,–,–,–,–,–,–,–,–,–,–,–,–,–,–,–,–,11.8,–,–,–,–,–,–,–,–,–,–,–,–,–,–,–,–,–,–,–,–,–,–,–,–,–,–,–,–,–,47.3,–,–,–,–,–,–,–,–,–,–,–,–,–,–,–,–,14.9,–,–,–,–,–,–,4.59,0.861,11  1/4 ,12  3/8 ,  3/4 ,  3/8 ,1  3/8 ,1.86,2  1/4 ,–,–,1,–,–,–,–,–,–,–,–,–,–,–,–,–,–,–,–,–,–
14th,–,WT,WT10.5X73.5,–,–,–,–,–,–,21.6,11,0.72,–,12.5,1.15,–,–,–,73.5,5.44,–,–,–,–,204,42.4,23.7,3.08,2.39,0.864,188,46.3,30,2.95,–,–,–,–,–,–,–,–,–,–,–,–,–,–,–,–,–,–,–,7.69,–,–,–,–,–,–,–,–,–,–,–,–,–,–,–,–,–,–,–,–,–,–,–,–,–,–,–,–,–,32.5,–,–,–,–,–,–,–,–,–,–,–,–,–,–,–,–,15.3,–,–,–,–,–,–,4.63,0.846,11,12  1/2 ,  3/4 ,  3/8 ,1  1/8 ,1.65,2,–,–,1,–,–,–,–,–,–,–,–,–,–,–,–,–,–,–,–,–,–
14th,–,WT,WT10.5X66,–,–,–,–,–,–,19.4,10.9,0.65,–,12.4,1.04,–,–,–,66,6.01,–,–,–,–,181,37.6,21.1,3.06,2.33,0.78,166,41.1,26.7,2.93,–,–,–,–,–,–,–,–,–,–,–,–,–,–,–,–,–,–,–,5.62,–,–,–,–,–,–,–,–,–,–,–,–,–,–,–,–,–,–,–,–,–,–,–,–,–,–,–,–,–,23.4,–,–,–,–,–,–,–,–,–,–,–,–,–,–,–,–,16.8,–,–,–,–,–,–,4.6,0.845,10  7/8 ,12  1/2 ,  5/8 ,  5/16,1  1/16,1.54,1 15/16,–,–,1,–,–,–,–,–,–,–,–,–,–,–,–,–,–,–,–,–,–
14th,–,WT,WT10.5X61,–,–,–,–,–,–,17.9,10.8,0.6,–,12.4,0.96,–,–,–,61,6.45,–,–,–,–,166,34.3,19.3,3.04,2.28,0.724,152,37.8,24.6,2.91,–,–,–,–,–,–,–,–,–,–,–,–,–,–,–,–,–,–,–,4.47,–,–,–,–,–,–,–,–,–,–,–,–,–,–,–,–,–,–,–,–,–,–,–,–,–,–,–,–,–,18.4,–,–,–,–,–,–,–,–,–,–,–,–,–,–,–,–,18,–,–,–,–,–,–,4.58,0.846,10  7/8 ,12  3/8 ,  5/8 ,  5/16, 15/16,1.46,1 13/16,–,–,1,–,–,–,–,–,–,–,–,–,–,–,–,–,–,–,–,–,–
14th,–,WT,WT10.5X55.5,–,–,–,–,–,–,16.3,10.8,0.55,–,12.3,0.875,–,–,–,55.5,7.05,–,–,–,–,150,31,17.5,3.03,2.23,0.662,137,34.1,22.2,2.9,–,–,–,–,–,–,–,–,–,–,–,–,–,–,–,–,–,–,–,3.4,–,–,–,–,–,–,–,–,–,–,–,–,–,–,–,–,–,–,–,–,–,–,–,–,–,–,–,–,–,13.8,–,–,–,–,–,–,–,–,–,–,–,–,–,–,–,–,19.6,–,–,–,–,–,–,4.56,0.845,10  3/4 ,12  3/8 ,  9/16,  5/16,  7/8 ,1.38,1  3/4 ,–,–,0.915,–,–,–,–,–,–,–,–,–,–,–,–,–,–,–,–,–,–
14th,–,WT,WT10.5X50.5,–,–,–,–,–,–,14.9,10.7,0.5,–,12.3,0.8,–,–,–,50.5,7.68,–,–,–,–,135,27.9,15.8,3.01,2.18,0.605,124,30.8,20.2,2.89,–,–,–,–,–,–,–,–,–,–,–,–,–,–,–,–,–,–,–,2.6,–,–,–,–,–,–,–,–,–,–,–,–,–,–,–,–,–,–,–,–,–,–,–,–,–,–,–,–,–,10.4,–,–,–,–,–,–,–,–,–,–,–,–,–,–,–,–,21.4,–,–,–,–,–,–,4.53,0.846,10  5/8 ,12  1/4 ,  1/2 ,  1/4 , 13/16,1.3,1 11/16,–,–,0.824,–,–,–,–,–,–,–,–,–,–,–,–,–,–,–,–,–,–
14th,–,WT,WT10.5X46.5,–,–,–,–,–,–,13.7,10.8,0.58,–,8.42,0.93,–,–,–,46.5,4.53,–,–,–,–,144,31.8,17.9,3.25,2.74,0.812,46.4,17.3,11,1.84,–,–,–,–,–,–,–,–,–,–,–,–,–,–,–,–,–,–,–,3.01,–,–,–,–,–,–,–,–,–,–,–,–,–,–,–,–,–,–,–,–,–,–,–,–,–,–,–,–,–,9.33,–,–,–,–,–,–,–,–,–,–,–,–,–,–,–,–,18.6,–,–,–,–,–,–,4.37,0.73,10  3/4 ,8  3/8 ,  9/16,  5/16, 15/16,1.43,1  5/8 ,–,–,0.966,–,–,–,–,–,–,–,–,–,–,–,–,–,–,–,–,–,–
14th,–,WT,WT10.5X41.5,–,–,–,–,–,–,12.2,10.7,0.515,–,8.36,0.835,–,–,–,41.5,5,–,–,–,–,127,28,15.7,3.22,2.66,0.728,40.7,15.2,9.74,1.83,–,–,–,–,–,–,–,–,–,–,–,–,–,–,–,–,–,–,–,2.16,–,–,–,–,–,–,–,–,–,–,–,–,–,–,–,–,–,–,–,–,–,–,–,–,–,–,–,–,–,6.5,–,–,–,–,–,–,–,–,–,–,–,–,–,–,–,–,20.8,–,–,–,–,–,–,4.33,0.732,10  3/4 ,8  3/8 ,  1/2 ,  1/4 , 13/16,1.34,1  1/2 ,–,–,0.854,–,–,–,–,–,–,–,–,–,–,–,–,–,–,–,–,–,–
14th,–,WT,WT10.5X36.5,–,–,–,–,–,–,10.7,10.6,0.455,–,8.3,0.74,–,–,–,36.5,5.6,–,–,–,–,110,24.4,13.8,3.21,2.6,0.647,35.3,13.3,8.51,1.81,–,–,–,–,–,–,–,–,–,–,–,–,–,–,–,–,–,–,–,1.51,–,–,–,–,–,–,–,–,–,–,–,–,–,–,–,–,–,–,–,–,–,–,–,–,–,–,–,–,–,4.42,–,–,–,–,–,–,–,–,–,–,–,–,–,–,–,–,23.3,–,–,–,–,–,–,4.3,0.732,10  5/8 ,8  1/4 ,  7/16,  1/4 ,  3/4 ,1.24,1  7/16,–,–,0.728,–,–,–,–,–,–,–,–,–,–,–,–,–,–,–,–,–,–
14th,–,WT,WT10.5X34,–,–,–,–,–,–,10,10.6,0.43,–,8.27,0.685,–,–,–,34,6.04,–,–,–,–,103,22.9,12.9,3.2,2.59,0.606,32.4,12.2,7.83,1.8,–,–,–,–,–,–,–,–,–,–,–,–,–,–,–,–,–,–,–,1.22,–,–,–,–,–,–,–,–,–,–,–,–,–,–,–,–,–,–,–,–,–,–,–,–,–,–,–,–,–,3.62,–,–,–,–,–,–,–,–,–,–,–,–,–,–,–,–,24.7,–,–,–,–,–,–,4.3,0.728,10  5/8 ,8  1/4 ,  7/16,  1/4 , 11/16,1.19,1  3/8 ,–,–,0.657,–,–,–,–,–,–,–,–,–,–,–,–,–,–,–,–,–,–
14th,–,WT,WT10.5X31,–,–,–,–,–,–,9.13,10.5,0.4,–,8.24,0.615,–,–,–,31,6.7,–,–,–,–,93.8,21.1,11.9,3.21,2.58,0.554,28.7,10.9,6.97,1.77,–,–,–,–,–,–,–,–,–,–,–,–,–,–,–,–,–,–,–,0.913,–,–,–,–,–,–,–,–,–,–,–,–,–,–,–,–,–,–,–,–,–,–,–,–,–,–,–,–,–,2.78,–,–,–,–,–,–,–,–,–,–,–,–,–,–,–,–,26.3,–,–,–,–,–,–,4.31,0.721,10  1/2 ,8  1/4 ,  3/8 ,  3/16,  5/8 ,1.12,1  5/16,–,–,0.579,–,–,–,–,–,–,–,–,–,–,–,–,–,–,–,–,–,–
14th,–,WT,WT10.5X27.5,–,–,–,–,–,–,8.1,10.4,0.375,–,8.22,0.522,–,–,–,27.5,7.87,–,–,–,–,84.4,19.4,10.9,3.23,2.64,0.493,24.2,9.18,5.89,1.73,–,–,–,–,–,–,–,–,–,–,–,–,–,–,–,–,–,–,–,0.617,–,–,–,–,–,–,–,–,–,–,–,–,–,–,–,–,–,–,–,–,–,–,–,–,–,–,–,–,–,2.08,–,–,–,–,–,–,–,–,–,–,–,–,–,–,–,–,27.7,–,–,–,–,–,–,4.37,0.703,10  3/8 ,8  1/4 ,  3/8 ,  3/16,  1/2 ,1.02,1  3/16,–,–,0.522,–,–,–,–,–,–,–,–,–,–,–,–,–,–,–,–,–,–
14th,–,WT,WT10.5X24,–,–,–,–,–,–,7.07,10.3,0.35,–,8.14,0.43,–,–,–,24,9.47,–,–,–,–,74.9,17.8,9.9,3.26,2.74,0.459,19.4,7.44,4.76,1.66,–,–,–,–,–,–,–,–,–,–,–,–,–,–,–,–,–,–,–,0.4,–,–,–,–,–,–,–,–,–,–,–,–,–,–,–,–,–,–,–,–,–,–,–,–,–,–,–,–,–,1.52,–,–,–,–,–,–,–,–,–,–,–,–,–,–,–,–,29.4,–,–,–,–,–,–,4.44,0.676,10  1/4 ,8  1/8 ,  3/8 ,  3/16,  7/16,0.93,1  1/8 ,–,–,0.463,–,–,–,–,–,–,–,–,–,–,–,–,–,–,–,–,–,–
14th,–,WT,WT10.5X28.5,–,–,–,–,–,–,8.37,10.5,0.405,–,6.56,0.65,–,–,–,28.5,5.04,–,–,–,–,90.4,21.2,11.8,3.29,2.85,0.638,15.3,7.4,4.67,1.35,–,–,–,–,–,–,–,–,–,–,–,–,–,–,–,–,–,–,–,0.884,–,–,–,–,–,–,–,–,–,–,–,–,–,–,–,–,–,–,–,–,–,–,–,–,–,–,–,–,–,2.5,–,–,–,–,–,–,–,–,–,–,–,–,–,–,–,–,25.9,–,–,–,–,–,–,4.36,0.665,10  1/2 ,6  1/2 ,  3/8 ,  3/16,  5/8 ,1.15,1  5/16,–,–,0.597,–,–,–,–,–,–,–,–,–,–,–,–,–,–,–,–,–,–
14th,–,WT,WT10.5X25,–,–,–,–,–,–,7.36,10.4,0.38,–,6.53,0.535,–,–,–,25,6.1,–,–,–,–,80.3,19.4,10.7,3.3,2.93,0.771,12.5,6.08,3.82,1.3,–,–,–,–,–,–,–,–,–,–,–,–,–,–,–,–,–,–,–,0.57,–,–,–,–,–,–,–,–,–,–,–,–,–,–,–,–,–,–,–,–,–,–,–,–,–,–,–,–,–,1.89,–,–,–,–,–,–,–,–,–,–,–,–,–,–,–,–,27.4,–,–,–,–,–,–,4.44,0.64,10  3/8 ,6  1/2 ,  3/8 ,  3/16,  9/16,1.04,1  1/4 ,–,–,0.533,–,–,–,–,–,–,–,–,–,–,–,–,–,–,–,–,–,–
14th,–,WT,WT10.5X22,–,–,–,–,–,–,6.49,10.3,0.35,–,6.5,0.45,–,–,–,22,7.22,–,–,–,–,71.1,17.6,9.68,3.31,2.98,1.06,10.3,5.07,3.18,1.26,–,–,–,–,–,–,–,–,–,–,–,–,–,–,–,–,–,–,–,0.383,–,–,–,–,–,–,–,–,–,–,–,–,–,–,–,–,–,–,–,–,–,–,–,–,–,–,–,–,–,1.4,–,–,–,–,–,–,–,–,–,–,–,–,–,–,–,–,29.4,–,–,–,–,–,–,4.49,0.623,10  3/8 ,6  1/2 ,  3/8 ,  3/16,  7/16,0.95,1  1/8 ,–,–,0.463,–,–,–,–,–,–,–,–,–,–,–,–,–,–,–,–,–,–
14th,–,WT,WT9X155.5,–,–,–,–,–,–,45.8,11.2,1.52,–,12,2.74,–,–,–,155.5,2.19,–,–,–,–,383,90.6,46.6,2.89,2.93,1.91,398,104,66.2,2.95,–,–,–,–,–,–,–,–,–,–,–,–,–,–,–,–,–,–,–,87.2,–,–,–,–,–,–,–,–,–,–,–,–,–,–,–,–,–,–,–,–,–,–,–,–,–,–,–,–,–,339,–,–,–,–,–,–,–,–,–,–,–,–,–,–,–,–,7.37,–,–,–,–,–,–,4.41,0.875,11  1/8 ,12,1  1/2 ,  3/4 ,2  3/4 ,3.24,3  7/16,–,–,1,–,–,–,–,–,–,–,–,–,–,–,–,–,–,–,–,–,–
14th,–,WT,WT9X141.5,–,–,–,–,–,–,41.7,10.9,1.4,–,11.9,2.5,–,–,–,141.5,2.38,–,–,–,–,337,80.2,41.5,2.85,2.8,1.75,352,92.5,59.2,2.91,–,–,–,–,–,–,–,–,–,–,–,–,–,–,–,–,–,–,–,66.5,–,–,–,–,–,–,–,–,–,–,–,–,–,–,–,–,–,–,–,–,–,–,–,–,–,–,–,–,–,251,–,–,–,–,–,–,–,–,–,–,–,–,–,–,–,–,7.79,–,–,–,–,–,–,4.36,0.873,10  7/8 ,11  7/8 ,1  3/8 , 11/16,2  1/2 ,3,3  3/16,–,–,1,–,–,–,–,–,–,–,–,–,–,–,–,–,–,–,–,–,–
14th,–,WT,WT9X129,–,–,–,–,–,–,38,10.7,1.28,–,11.8,2.3,–,–,–,129,2.56,–,–,–,–,298,71,37,2.8,2.68,1.61,314,83.1,53.4,2.88,–,–,–,–,–,–,–,–,–,–,–,–,–,–,–,–,–,–,–,51.1,–,–,–,–,–,–,–,–,–,–,–,–,–,–,–,–,–,–,–,–,–,–,–,–,–,–,–,–,–,189,–,–,–,–,–,–,–,–,–,–,–,–,–,–,–,–,8.36,–,–,–,–,–,–,4.3,0.874,10  3/4 ,11  3/4 ,1  1/4 ,  5/8 ,2  5/16,2.7,3,–,–,1,–,–,–,–,–,–,–,–,–,–,–,–,–,–,–,–,–,–
14th,–,WT,WT9X117,–,–,–,–,–,–,34.3,10.5,1.16,–,11.7,2.11,–,–,–,117,2.76,–,–,–,–,261,62.4,32.7,2.75,2.55,1.48,279,74.4,47.9,2.85,–,–,–,–,–,–,–,–,–,–,–,–,–,–,–,–,–,–,–,39.1,–,–,–,–,–,–,–,–,–,–,–,–,–,–,–,–,–,–,–,–,–,–,–,–,–,–,–,–,–,140,–,–,–,–,–,–,–,–,–,–,–,–,–,–,–,–,9.05,–,–,–,–,–,–,4.23,0.875,10  1/2 ,11  5/8 ,1  3/16,  5/8 ,2  1/8 ,2.51,2  3/4 ,–,–,1,–,–,–,–,–,–,–,–,–,–,–,–,–,–,–,–,–,–
14th,–,WT,WT9X105.5,–,–,–,–,–,–,31.2,10.3,1.06,–,11.6,1.91,–,–,–,105.5,3.02,–,–,–,–,229,55,29.1,2.72,2.44,1.34,246,66.1,42.7,2.82,–,–,–,–,–,–,–,–,–,–,–,–,–,–,–,–,–,–,–,29.1,–,–,–,–,–,–,–,–,–,–,–,–,–,–,–,–,–,–,–,–,–,–,–,–,–,–,–,–,–,102,–,–,–,–,–,–,–,–,–,–,–,–,–,–,–,–,9.72,–,–,–,–,–,–,4.19,0.874,10  3/8 ,11  1/2 ,1  1/16,  9/16,1 15/16,2.31,2  9/16,–,–,1,–,–,–,–,–,–,–,–,–,–,–,–,–,–,–,–,–,–
14th,–,WT,WT9X96,–,–,–,–,–,–,28.1,10.2,0.96,–,11.5,1.75,–,–,–,96,3.27,–,–,–,–,202,48.5,25.8,2.68,2.34,1.23,220,59.4,38.4,2.79,–,–,–,–,–,–,–,–,–,–,–,–,–,–,–,–,–,–,–,22.3,–,–,–,–,–,–,–,–,–,–,–,–,–,–,–,–,–,–,–,–,–,–,–,–,–,–,–,–,–,75.7,–,–,–,–,–,–,–,–,–,–,–,–,–,–,–,–,10.6,–,–,–,–,–,–,4.13,0.875,10  1/8 ,11  1/2 , 15/16,  1/2 ,1  3/4 ,2.15,2  7/16,–,–,1,–,–,–,–,–,–,–,–,–,–,–,–,–,–,–,–,–,–
14th,–,WT,WT9X87.5,–,–,–,–,–,–,25.7,10,0.89,–,11.4,1.59,–,–,–,87.5,3.58,–,–,–,–,181,43.6,23.4,2.66,2.26,1.13,196,53.1,34.4,2.76,–,–,–,–,–,–,–,–,–,–,–,–,–,–,–,–,–,–,–,16.8,–,–,–,–,–,–,–,–,–,–,–,–,–,–,–,–,–,–,–,–,–,–,–,–,–,–,–,–,–,56.5,–,–,–,–,–,–,–,–,–,–,–,–,–,–,–,–,11.2,–,–,–,–,–,–,4.1,0.872,10,11  3/8 ,  7/8 ,  7/16,1  9/16,1.99,2  7/16,–,–,1,–,–,–,–,–,–,–,–,–,–,–,–,–,–,–,–,–,–
14th,–,WT,WT9X79,–,–,–,–,–,–,23.2,9.86,0.81,–,11.3,1.44,–,–,–,79,3.92,–,–,–,–,160,38.5,20.8,2.63,2.17,1.02,174,47.4,30.7,2.74,–,–,–,–,–,–,–,–,–,–,–,–,–,–,–,–,–,–,–,12.5,–,–,–,–,–,–,–,–,–,–,–,–,–,–,–,–,–,–,–,–,–,–,–,–,–,–,–,–,–,41.2,–,–,–,–,–,–,–,–,–,–,–,–,–,–,–,–,12.2,–,–,–,–,–,–,4.06,0.872,9  7/8 ,11  1/4 , 13/16,  7/16,1  7/16,1.84,2  3/8 ,–,–,1,–,–,–,–,–,–,–,–,–,–,–,–,–,–,–,–,–,–
14th,–,WT,WT9X71.5,–,–,–,–,–,–,21,9.75,0.73,–,11.2,1.32,–,–,–,71.5,4.25,–,–,–,–,142,34,18.5,2.6,2.09,0.937,156,42.7,27.7,2.72,–,–,–,–,–,–,–,–,–,–,–,–,–,–,–,–,–,–,–,9.58,–,–,–,–,–,–,–,–,–,–,–,–,–,–,–,–,–,–,–,–,–,–,–,–,–,–,–,–,–,30.7,–,–,–,–,–,–,–,–,–,–,–,–,–,–,–,–,13.4,–,–,–,–,–,–,4.02,0.874,9  3/4 ,11  1/4 ,  3/4 ,  3/8 ,1  5/16,1.72,2  3/16,–,–,1,–,–,–,–,–,–,–,–,–,–,–,–,–,–,–,–,–,–
14th,–,WT,WT9X65,–,–,–,–,–,–,19.2,9.63,0.67,–,11.2,1.2,–,–,–,65,4.65,–,–,–,–,127,30.5,16.7,2.58,2.02,0.856,139,38.3,24.9,2.7,–,–,–,–,–,–,–,–,–,–,–,–,–,–,–,–,–,–,–,7.23,–,–,–,–,–,–,–,–,–,–,–,–,–,–,–,–,–,–,–,–,–,–,–,–,–,–,–,–,–,22.8,–,–,–,–,–,–,–,–,–,–,–,–,–,–,–,–,14.4,–,–,–,–,–,–,4,0.873,9  5/8 ,11  1/8 , 11/16,  3/8 ,1  3/16,1.6,2  1/16,–,–,1,–,–,–,–,–,–,–,–,–,–,–,–,–,–,–,–,–,–
14th,–,WT,WT9X59.5,–,–,–,–,–,–,17.6,9.49,0.655,–,11.3,1.06,–,–,–,59.5,5.31,–,–,–,–,119,28.7,15.9,2.6,2.03,0.778,126,34.5,22.5,2.69,–,–,–,–,–,–,–,–,–,–,–,–,–,–,–,–,–,–,–,5.3,–,–,–,–,–,–,–,–,–,–,–,–,–,–,–,–,–,–,–,–,–,–,–,–,–,–,–,–,–,17.4,–,–,–,–,–,–,–,–,–,–,–,–,–,–,–,–,14.5,–,–,–,–,–,–,4.03,0.862,9  1/2 ,11  1/4 ,  5/8 ,  5/16,1  1/16,1.46,1 15/16,–,–,1,–,–,–,–,–,–,–,–,–,–,–,–,–,–,–,–,–,–
14th,–,WT,WT9X53,–,–,–,–,–,–,15.6,9.37,0.59,–,11.2,0.94,–,–,–,53,5.96,–,–,–,–,104,25.2,14.1,2.59,1.97,0.695,110,30.2,19.7,2.66,–,–,–,–,–,–,–,–,–,–,–,–,–,–,–,–,–,–,–,3.73,–,–,–,–,–,–,–,–,–,–,–,–,–,–,–,–,–,–,–,–,–,–,–,–,–,–,–,–,–,12.1,–,–,–,–,–,–,–,–,–,–,–,–,–,–,–,–,15.9,–,–,–,–,–,–,4,0.86,9  3/8 ,11  1/4 ,  9/16,  5/16, 15/16,1.34,1 13/16,–,–,1,–,–,–,–,–,–,–,–,–,–,–,–,–,–,–,–,–,–
14th,–,WT,WT9X48.5,–,–,–,–,–,–,14.2,9.3,0.535,–,11.1,0.87,–,–,–,48.5,6.41,–,–,–,–,93.8,22.6,12.7,2.56,1.91,0.64,100,27.6,18,2.65,–,–,–,–,–,–,–,–,–,–,–,–,–,–,–,–,–,–,–,2.92,–,–,–,–,–,–,–,–,–,–,–,–,–,–,–,–,–,–,–,–,–,–,–,–,–,–,–,–,–,9.29,–,–,–,–,–,–,–,–,–,–,–,–,–,–,–,–,17.4,–,–,–,–,–,–,3.97,0.863,9  1/4 ,11  1/8 ,  9/16,  5/16,  7/8 ,1.27,1  3/4 ,–,–,1,–,–,–,–,–,–,–,–,–,–,–,–,–,–,–,–,–,–
14th,–,WT,WT9X43,–,–,–,–,–,–,12.7,9.2,0.48,–,11.1,0.77,–,–,–,43,7.2,–,–,–,–,82.4,19.9,11.2,2.55,1.86,0.57,87.6,24.2,15.8,2.63,–,–,–,–,–,–,–,–,–,–,–,–,–,–,–,–,–,–,–,2.04,–,–,–,–,–,–,–,–,–,–,–,–,–,–,–,–,–,–,–,–,–,–,–,–,–,–,–,–,–,6.42,–,–,–,–,–,–,–,–,–,–,–,–,–,–,–,–,19.2,–,–,–,–,–,–,3.95,0.861,9  1/4 ,11  1/8 ,  1/2 ,  1/4 ,  3/4 ,1.17,1  5/8 ,–,–,0.935,–,–,–,–,–,–,–,–,–,–,–,–,–,–,–,–,–,–
14th,–,WT,WT9X38,–,–,–,–,–,–,11.1,9.11,0.425,–,11,0.68,–,–,–,38,8.11,–,–,–,–,71.8,17.3,9.83,2.54,1.8,0.505,76.2,21.1,13.8,2.61,–,–,–,–,–,–,–,–,–,–,–,–,–,–,–,–,–,–,–,1.41,–,–,–,–,–,–,–,–,–,–,–,–,–,–,–,–,–,–,–,–,–,–,–,–,–,–,–,–,–,4.37,–,–,–,–,–,–,–,–,–,–,–,–,–,–,–,–,21.4,–,–,–,–,–,–,3.93,0.861,9  1/8 ,11,  7/16,  1/4 , 11/16,1.08,1  9/16,–,–,0.824,–,–,–,–,–,–,–,–,–,–,–,–,–,–,–,–,–,–
14th,–,WT,WT9X35.5,–,–,–,–,–,–,10.4,9.24,0.495,–,7.64,0.81,–,–,–,35.5,4.71,–,–,–,–,78.2,20,11.2,2.74,2.26,0.683,30.1,12.3,7.89,1.7,–,–,–,–,–,–,–,–,–,–,–,–,–,–,–,–,–,–,–,1.74,–,–,–,–,–,–,–,–,–,–,–,–,–,–,–,–,–,–,–,–,–,–,–,–,–,–,–,–,–,3.96,–,–,–,–,–,–,–,–,–,–,–,–,–,–,–,–,18.7,–,–,–,–,–,–,3.72,0.752,9  1/4 ,7  5/8 ,  1/2 ,  1/4 , 13/16,1.21,1  1/2 ,–,–,0.961,–,–,–,–,–,–,–,–,–,–,–,–,–,–,–,–,–,–
14th,–,WT,WT9X32.5,–,–,–,–,–,–,9.55,9.18,0.45,–,7.59,0.75,–,–,–,32.5,5.06,–,–,–,–,70.7,18,10.1,2.72,2.2,0.629,27.4,11.2,7.22,1.69,–,–,–,–,–,–,–,–,–,–,–,–,–,–,–,–,–,–,–,1.36,–,–,–,–,–,–,–,–,–,–,–,–,–,–,–,–,–,–,–,–,–,–,–,–,–,–,–,–,–,3.01,–,–,–,–,–,–,–,–,–,–,–,–,–,–,–,–,20.4,–,–,–,–,–,–,3.69,0.755,9  1/8 ,7  5/8 ,  7/16,  1/4 ,  3/4 ,1.15,1  7/16,–,–,0.875,–,–,–,–,–,–,–,–,–,–,–,–,–,–,–,–,–,–
14th,–,WT,WT9X30,–,–,–,–,–,–,8.82,9.12,0.415,–,7.56,0.695,–,–,–,30,5.44,–,–,–,–,64.7,16.5,9.29,2.71,2.16,0.583,25,10.3,6.63,1.68,–,–,–,–,–,–,–,–,–,–,–,–,–,–,–,–,–,–,–,1.08,–,–,–,–,–,–,–,–,–,–,–,–,–,–,–,–,–,–,–,–,–,–,–,–,–,–,–,–,–,2.35,–,–,–,–,–,–,–,–,–,–,–,–,–,–,–,–,22,–,–,–,–,–,–,3.67,0.756,9  1/8 ,7  1/2 ,  7/16,  1/4 , 11/16,1.1,1  3/8 ,–,–,0.794,–,–,–,–,–,–,–,–,–,–,–,–,–,–,–,–,–,–
14th,–,WT,WT9X27.5,–,–,–,–,–,–,8.1,9.06,0.39,–,7.53,0.63,–,–,–,27.5,5.98,–,–,–,–,59.5,15.3,8.63,2.71,2.16,0.538,22.5,9.26,5.97,1.67,–,–,–,–,–,–,–,–,–,–,–,–,–,–,–,–,–,–,–,0.83,–,–,–,–,–,–,–,–,–,–,–,–,–,–,–,–,–,–,–,–,–,–,–,–,–,–,–,–,–,1.84,–,–,–,–,–,–,–,–,–,–,–,–,–,–,–,–,23.2,–,–,–,–,–,–,3.68,0.749,9,7  1/2 ,  3/8 ,  3/16,  5/8 ,1.03,1  5/16,–,–,0.733,–,–,–,–,–,–,–,–,–,–,–,–,–,–,–,–,–,–
14th,–,WT,WT9X25,–,–,–,–,–,–,7.34,9,0.355,–,7.5,0.57,–,–,–,25,6.57,–,–,–,–,53.5,13.8,7.79,2.7,2.12,0.489,20,8.28,5.35,1.65,–,–,–,–,–,–,–,–,–,–,–,–,–,–,–,–,–,–,–,0.619,–,–,–,–,–,–,–,–,–,–,–,–,–,–,–,–,–,–,–,–,–,–,–,–,–,–,–,–,–,1.36,–,–,–,–,–,–,–,–,–,–,–,–,–,–,–,–,25.4,–,–,–,–,–,–,3.66,0.748,9,7  1/2 ,  3/8 ,  3/16,  9/16,0.972,1  1/4 ,–,–,0.62,–,–,–,–,–,–,–,–,–,–,–,–,–,–,–,–,–,–
14th,–,WT,WT9X23,–,–,–,–,–,–,6.77,9.03,0.36,–,6.06,0.605,–,–,–,23,5.01,–,–,–,–,52.1,13.9,7.77,2.77,2.33,0.558,11.3,5.84,3.71,1.29,–,–,–,–,–,–,–,–,–,–,–,–,–,–,–,–,–,–,–,0.609,–,–,–,–,–,–,–,–,–,–,–,–,–,–,–,–,–,–,–,–,–,–,–,–,–,–,–,–,–,1.2,–,–,–,–,–,–,–,–,–,–,–,–,–,–,–,–,25.1,–,–,–,–,–,–,3.67,0.695,9,6,  3/8 ,  3/16,  5/8 ,1.01,1  1/4 ,–,–,0.635,–,–,–,–,–,–,–,–,–,–,–,–,–,–,–,–,–,–
14th,–,WT,WT9X20,–,–,–,–,–,–,5.88,8.95,0.315,–,6.02,0.525,–,–,–,20,5.73,–,–,–,–,44.8,12,6.73,2.76,2.29,0.489,9.55,4.97,3.17,1.27,–,–,–,–,–,–,–,–,–,–,–,–,–,–,–,–,–,–,–,0.404,–,–,–,–,–,–,–,–,–,–,–,–,–,–,–,–,–,–,–,–,–,–,–,–,–,–,–,–,–,0.788,–,–,–,–,–,–,–,–,–,–,–,–,–,–,–,–,28.4,–,–,–,–,–,–,3.65,0.693,9,6,  5/16,  3/16,  1/2 ,0.927,1  3/16,–,–,0.496,–,–,–,–,–,–,–,–,–,–,–,–,–,–,–,–,–,–
14th,–,WT,WT9X17.5,–,–,–,–,–,–,5.15,8.85,0.3,–,6,0.425,–,–,–,17.5,7.06,–,–,–,–,40.1,11.2,6.21,2.79,2.39,0.45,7.67,4.02,2.56,1.22,–,–,–,–,–,–,–,–,–,–,–,–,–,–,–,–,–,–,–,0.252,–,–,–,–,–,–,–,–,–,–,–,–,–,–,–,–,–,–,–,–,–,–,–,–,–,–,–,–,–,0.598,–,–,–,–,–,–,–,–,–,–,–,–,–,–,–,–,29.5,–,–,–,–,–,–,3.74,0.662,8  7/8 ,6,  5/16,  3/16,  7/16,0.827,1  1/8 ,–,–,0.46,–,–,–,–,–,–,–,–,–,–,–,–,–,–,–,–,–,–
14th,–,WT,WT8X50,–,–,–,–,–,–,14.7,8.49,0.585,–,10.4,0.985,–,–,–,50,5.29,–,–,–,–,76.8,20.7,11.4,2.28,1.76,0.706,93.1,27.4,17.9,2.51,–,–,–,–,–,–,–,–,–,–,–,–,–,–,–,–,–,–,–,3.85,–,–,–,–,–,–,–,–,–,–,–,–,–,–,–,–,–,–,–,–,–,–,–,–,–,–,–,–,–,10.4,–,–,–,–,–,–,–,–,–,–,–,–,–,–,–,–,14.5,–,–,–,–,–,–,3.63,0.878,8  1/2 ,10  3/8 ,  9/16,  5/16,1,1.39,1  7/8 ,–,–,1,–,–,–,–,–,–,–,–,–,–,–,–,–,–,–,–,–,–
14th,–,WT,WT8X44.5,–,–,–,–,–,–,13.1,8.38,0.525,–,10.4,0.875,–,–,–,44.5,5.92,–,–,–,–,67.2,18.1,10.1,2.27,1.7,0.631,81.3,24,15.7,2.49,–,–,–,–,–,–,–,–,–,–,–,–,–,–,–,–,–,–,–,2.72,–,–,–,–,–,–,–,–,–,–,–,–,–,–,–,–,–,–,–,–,–,–,–,–,–,–,–,–,–,7.19,–,–,–,–,–,–,–,–,–,–,–,–,–,–,–,–,16,–,–,–,–,–,–,3.6,0.877,8  3/8 ,10  3/8 ,  1/2 ,  1/4 ,  7/8 ,1.28,1  3/4 ,–,–,1,–,–,–,–,–,–,–,–,–,–,–,–,–,–,–,–,–,–
14th,–,WT,WT8X38.5,–,–,–,–,–,–,11.3,8.26,0.455,–,10.3,0.76,–,–,–,38.5,6.77,–,–,–,–,56.9,15.3,8.59,2.24,1.63,0.549,69.2,20.5,13.4,2.47,–,–,–,–,–,–,–,–,–,–,–,–,–,–,–,–,–,–,–,1.78,–,–,–,–,–,–,–,–,–,–,–,–,–,–,–,–,–,–,–,–,–,–,–,–,–,–,–,–,–,4.61,–,–,–,–,–,–,–,–,–,–,–,–,–,–,–,–,18.2,–,–,–,–,–,–,3.57,0.877,8  1/4 ,10  1/4 ,  7/16,  1/4 ,  3/4 ,1.16,1  5/8 ,–,–,0.986,–,–,–,–,–,–,–,–,–,–,–,–,–,–,–,–,–,–
14th,–,WT,WT8X33.5,–,–,–,–,–,–,9.81,8.17,0.395,–,10.2,0.665,–,–,–,33.5,7.7,–,–,–,–,48.6,13,7.36,2.22,1.56,0.481,59.5,17.7,11.6,2.46,–,–,–,–,–,–,–,–,–,–,–,–,–,–,–,–,–,–,–,1.19,–,–,–,–,–,–,–,–,–,–,–,–,–,–,–,–,–,–,–,–,–,–,–,–,–,–,–,–,–,3.01,–,–,–,–,–,–,–,–,–,–,–,–,–,–,–,–,20.7,–,–,–,–,–,–,3.54,0.879,8  1/8 ,10  1/4 ,  3/8 ,  3/16, 11/16,1.07,1  9/16,–,–,0.859,–,–,–,–,–,–,–,–,–,–,–,–,–,–,–,–,–,–
14th,–,WT,WT8X28.5,–,–,–,–,–,–,8.39,8.22,0.43,–,7.12,0.715,–,–,–,28.5,4.98,–,–,–,–,48.7,13.8,7.77,2.41,1.94,0.589,21.6,9.42,6.06,1.6,–,–,–,–,–,–,–,–,–,–,–,–,–,–,–,–,–,–,–,1.1,–,–,–,–,–,–,–,–,–,–,–,–,–,–,–,–,–,–,–,–,–,–,–,–,–,–,–,–,–,1.99,–,–,–,–,–,–,–,–,–,–,–,–,–,–,–,–,19.1,–,–,–,–,–,–,3.3,0.77,8  1/4 ,7  1/8 ,  7/16,  1/4 , 11/16,1.12,1  3/8 ,–,–,0.94,–,–,–,–,–,–,–,–,–,–,–,–,–,–,–,–,–,–
14th,–,WT,WT8X25,–,–,–,–,–,–,7.37,8.13,0.38,–,7.07,0.63,–,–,–,25,5.61,–,–,–,–,42.3,12,6.78,2.4,1.89,0.521,18.6,8.15,5.26,1.59,–,–,–,–,–,–,–,–,–,–,–,–,–,–,–,–,–,–,–,0.76,–,–,–,–,–,–,–,–,–,–,–,–,–,–,–,–,–,–,–,–,–,–,–,–,–,–,–,–,–,1.34,–,–,–,–,–,–,–,–,–,–,–,–,–,–,–,–,21.4,–,–,–,–,–,–,3.28,0.769,8  1/8 ,7  1/8 ,  3/8 ,  3/16,  5/8 ,1.03,1  5/16,–,–,0.824,–,–,–,–,–,–,–,–,–,–,–,–,–,–,–,–,–,–
14th,–,WT,WT8X22.5,–,–,–,–,–,–,6.63,8.07,0.345,–,7.04,0.565,–,–,–,22.5,6.23,–,–,–,–,37.8,10.8,6.1,2.39,1.86,0.471,16.4,7.22,4.67,1.57,–,–,–,–,–,–,–,–,–,–,–,–,–,–,–,–,–,–,–,0.555,–,–,–,–,–,–,–,–,–,–,–,–,–,–,–,–,–,–,–,–,–,–,–,–,–,–,–,–,–,0.974,–,–,–,–,–,–,–,–,–,–,–,–,–,–,–,–,23.4,–,–,–,–,–,–,3.27,0.767,8  1/8 ,7,  3/8 ,  3/16,  9/16,0.967,1  1/4 ,–,–,0.723,–,–,–,–,–,–,–,–,–,–,–,–,–,–,–,–,–,–
14th,–,WT,WT8X20,–,–,–,–,–,–,5.89,8.01,0.305,–,7,0.505,–,–,–,20,6.93,–,–,–,–,33.1,9.43,5.35,2.37,1.81,0.421,14.4,6.36,4.12,1.56,–,–,–,–,–,–,–,–,–,–,–,–,–,–,–,–,–,–,–,0.396,–,–,–,–,–,–,–,–,–,–,–,–,–,–,–,–,–,–,–,–,–,–,–,–,–,–,–,–,–,0.673,–,–,–,–,–,–,–,–,–,–,–,–,–,–,–,–,26.3,–,–,–,–,–,–,3.24,0.769,8,7,  5/16,  3/16,  1/2 ,0.907,1  3/16,–,–,0.579,–,–,–,–,–,–,–,–,–,–,–,–,–,–,–,–,–,–
14th,–,WT,WT8X18,–,–,–,–,–,–,5.29,7.93,0.295,–,6.99,0.43,–,–,–,18,8.12,–,–,–,–,30.6,8.93,5.05,2.41,1.88,0.378,12.2,5.42,3.5,1.52,–,–,–,–,–,–,–,–,–,–,–,–,–,–,–,–,–,–,–,0.272,–,–,–,–,–,–,–,–,–,–,–,–,–,–,–,–,–,–,–,–,–,–,–,–,–,–,–,–,–,0.516,–,–,–,–,–,–,–,–,–,–,–,–,–,–,–,–,26.9,–,–,–,–,–,–,3.3,0.745,7  7/8 ,7,  5/16,  3/16,  7/16,0.832,1  1/8 ,–,–,0.553,–,–,–,–,–,–,–,–,–,–,–,–,–,–,–,–,–,–
14th,–,WT,WT8X15.5,–,–,–,–,–,–,4.56,7.94,0.275,–,5.53,0.44,–,–,–,15.5,6.28,–,–,–,–,27.5,8.27,4.64,2.45,2.02,0.413,6.2,3.51,2.24,1.17,–,–,–,–,–,–,–,–,–,–,–,–,–,–,–,–,–,–,–,0.23,–,–,–,–,–,–,–,–,–,–,–,–,–,–,–,–,–,–,–,–,–,–,–,–,–,–,–,–,–,0.366,–,–,–,–,–,–,–,–,–,–,–,–,–,–,–,–,28.9,–,–,–,–,–,–,3.26,0.695,8,5  1/2 ,  1/4 ,  1/8 ,  7/16,0.842,1  1/8 ,–,–,0.479,–,–,–,–,–,–,–,–,–,–,–,–,–,–,–,–,–,–
14th,–,WT,WT8X13,–,–,–,–,–,–,3.84,7.85,0.25,–,5.5,0.345,–,–,–,13,7.97,–,–,–,–,23.5,7.36,4.09,2.47,2.09,0.372,4.79,2.73,1.74,1.12,–,–,–,–,–,–,–,–,–,–,–,–,–,–,–,–,–,–,–,0.13,–,–,–,–,–,–,–,–,–,–,–,–,–,–,–,–,–,–,–,–,–,–,–,–,–,–,–,–,–,0.243,–,–,–,–,–,–,–,–,–,–,–,–,–,–,–,–,31.4,–,–,–,–,–,–,3.32,0.667,7  7/8 ,5  1/2 ,  1/4 ,  1/8 ,  3/8 ,0.747,1  1/16,–,–,0.406,–,–,–,–,–,–,–,–,–,–,–,–,–,–,–,–,–,–
14th,–,WT,WT7X365,–,–,–,–,–,–,107,11.2,3.07,–,17.9,4.91,–,–,–,365,1.82,–,–,–,–,739,211,95.4,2.62,3.47,3,2360,408,264,4.69,–,–,–,–,–,–,–,–,–,–,–,–,–,–,–,–,–,–,–,714,–,–,–,–,–,–,–,–,–,–,–,–,–,–,–,–,–,–,–,–,–,–,–,–,–,–,–,–,–,5250,–,–,–,–,–,–,–,–,–,–,–,–,–,–,–,–,3.65,–,–,–,–,–,–,5.47,0.966,11  1/4 ,17  7/8 ,3  1/16,1  9/16,4 15/16,5.51,6  3/16,–,–,1,–,–,–,–,–,–,–,–,–,–,–,–,–,–,–,–,–,–
14th,–,WT,WT7X332.5,–,–,–,–,–,–,97.8,10.8,2.83,–,17.7,4.52,–,–,–,332.5,1.95,–,–,–,–,622,182,82.1,2.52,3.25,2.77,2080,365,236,4.62,–,–,–,–,–,–,–,–,–,–,–,–,–,–,–,–,–,–,–,555,–,–,–,–,–,–,–,–,–,–,–,–,–,–,–,–,–,–,–,–,–,–,–,–,–,–,–,–,–,3920,–,–,–,–,–,–,–,–,–,–,–,–,–,–,–,–,3.82,–,–,–,–,–,–,5.35,0.966,10  7/8 ,17  5/8 ,2 13/16,1  7/16,4  1/2 ,5.12,5 13/16,–,–,1,–,–,–,–,–,–,–,–,–,–,–,–,–,–,–,–,–,–
14th,–,WT,WT7X302.5,–,–,–,–,–,–,89,10.5,2.6,–,17.4,4.16,–,–,–,302.5,2.09,–,–,–,–,524,157,70.6,2.43,3.05,2.55,1840,326,211,4.55,–,–,–,–,–,–,–,–,–,–,–,–,–,–,–,–,–,–,–,430,–,–,–,–,–,–,–,–,–,–,–,–,–,–,–,–,–,–,–,–,–,–,–,–,–,–,–,–,–,2930,–,–,–,–,–,–,–,–,–,–,–,–,–,–,–,–,4.04,–,–,–,–,–,–,5.24,0.966,10  1/2 ,17  3/8 ,2  5/8 ,1  5/16,4  3/16,4.76,5  7/16,–,–,1,–,–,–,–,–,–,–,–,–,–,–,–,–,–,–,–,–,–
14th,–,WT,WT7X275,–,–,–,–,–,–,80.9,10.1,2.38,–,17.2,3.82,–,–,–,275,2.25,–,–,–,–,442,136,60.9,2.34,2.85,2.35,1630,292,189,4.49,–,–,–,–,–,–,–,–,–,–,–,–,–,–,–,–,–,–,–,331,–,–,–,–,–,–,–,–,–,–,–,–,–,–,–,–,–,–,–,–,–,–,–,–,–,–,–,–,–,2180,–,–,–,–,–,–,–,–,–,–,–,–,–,–,–,–,4.24,–,–,–,–,–,–,5.15,0.966,10  1/8 ,17  1/4 ,2  3/8 ,1  3/16,3 13/16,4.42,5  1/8 ,–,–,1,–,–,–,–,–,–,–,–,–,–,–,–,–,–,–,–,–,–
14th,–,WT,WT7X250,–,–,–,–,–,–,73.5,9.8,2.19,–,17,3.5,–,–,–,250,2.43,–,–,–,–,375,117,52.7,2.26,2.67,2.16,1440,261,169,4.43,–,–,–,–,–,–,–,–,–,–,–,–,–,–,–,–,–,–,–,254,–,–,–,–,–,–,–,–,–,–,–,–,–,–,–,–,–,–,–,–,–,–,–,–,–,–,–,–,–,1620,–,–,–,–,–,–,–,–,–,–,–,–,–,–,–,–,4.47,–,–,–,–,–,–,5.06,0.967,9  3/4 ,17,2  3/16,1  1/8 ,3  1/2 ,4.1,4 13/16,–,–,1,–,–,–,–,–,–,–,–,–,–,–,–,–,–,–,–,–,–
14th,–,WT,WT7X227.5,–,–,–,–,–,–,66.9,9.51,2.02,–,16.8,3.21,–,–,–,227.5,2.62,–,–,–,–,321,102,45.9,2.19,2.51,1.99,1280,234,152,4.38,–,–,–,–,–,–,–,–,–,–,–,–,–,–,–,–,–,–,–,196,–,–,–,–,–,–,–,–,–,–,–,–,–,–,–,–,–,–,–,–,–,–,–,–,–,–,–,–,–,1210,–,–,–,–,–,–,–,–,–,–,–,–,–,–,–,–,4.71,–,–,–,–,–,–,4.98,0.967,9  1/2 ,16  7/8 ,2,1,3  3/16,3.81,4  1/2 ,–,–,1,–,–,–,–,–,–,–,–,–,–,–,–,–,–,–,–,–,–
14th,–,WT,WT7X213,–,–,–,–,–,–,62.7,9.34,1.88,–,16.7,3.04,–,–,–,213,2.75,–,–,–,–,287,91.7,41.4,2.14,2.4,1.88,1180,217,141,4.34,–,–,–,–,–,–,–,–,–,–,–,–,–,–,–,–,–,–,–,164,–,–,–,–,–,–,–,–,–,–,–,–,–,–,–,–,–,–,–,–,–,–,–,–,–,–,–,–,–,991,–,–,–,–,–,–,–,–,–,–,–,–,–,–,–,–,4.97,–,–,–,–,–,–,4.92,0.968,9  3/8 ,16  3/4 ,1  7/8 , 15/16,3  1/16,3.63,4  5/16,–,–,1,–,–,–,–,–,–,–,–,–,–,–,–,–,–,–,–,–,–
14th,–,WT,WT7X199,–,–,–,–,–,–,58.4,9.15,1.77,–,16.6,2.85,–,–,–,199,2.92,–,–,–,–,257,82.9,37.6,2.1,2.3,1.76,1090,201,131,4.31,–,–,–,–,–,–,–,–,–,–,–,–,–,–,–,–,–,–,–,135,–,–,–,–,–,–,–,–,–,–,–,–,–,–,–,–,–,–,–,–,–,–,–,–,–,–,–,–,–,801,–,–,–,–,–,–,–,–,–,–,–,–,–,–,–,–,5.17,–,–,–,–,–,–,4.87,0.968,9  1/8 ,16  5/8 ,1  3/4 ,  7/8 ,2  7/8 ,3.44,4  1/8 ,–,–,1,–,–,–,–,–,–,–,–,–,–,–,–,–,–,–,–,–,–
14th,–,WT,WT7X185,–,–,–,–,–,–,54.4,8.96,1.66,–,16.5,2.66,–,–,–,185,3.1,–,–,–,–,229,74.4,33.9,2.05,2.19,1.65,994,185,121,4.27,–,–,–,–,–,–,–,–,–,–,–,–,–,–,–,–,–,–,–,110,–,–,–,–,–,–,–,–,–,–,–,–,–,–,–,–,–,–,–,–,–,–,–,–,–,–,–,–,–,640,–,–,–,–,–,–,–,–,–,–,–,–,–,–,–,–,5.4,–,–,–,–,–,–,4.82,0.968,9,16  1/2 ,1 11/16, 13/16,2 11/16,3.26,3 15/16,–,–,1,–,–,–,–,–,–,–,–,–,–,–,–,–,–,–,–,–,–
14th,–,WT,WT7X171,–,–,–,–,–,–,50.3,8.77,1.54,–,16.4,2.47,–,–,–,171,3.31,–,–,–,–,203,66.2,30.4,2.01,2.09,1.54,903,169,110,4.24,–,–,–,–,–,–,–,–,–,–,–,–,–,–,–,–,–,–,–,88.3,–,–,–,–,–,–,–,–,–,–,–,–,–,–,–,–,–,–,–,–,–,–,–,–,–,–,–,–,–,502,–,–,–,–,–,–,–,–,–,–,–,–,–,–,–,–,5.69,–,–,–,–,–,–,4.77,0.968,8  3/4 ,16  3/8 ,1  9/16, 13/16,2  1/2 ,3.07,3  3/4 ,–,–,1,–,–,–,–,–,–,–,–,–,–,–,–,–,–,–,–,–,–
14th,–,WT,WT7X155.5,–,–,–,–,–,–,45.7,8.56,1.41,–,16.2,2.26,–,–,–,155.5,3.59,–,–,–,–,176,57.7,26.7,1.96,1.97,1.41,807,152,99.4,4.2,–,–,–,–,–,–,–,–,–,–,–,–,–,–,–,–,–,–,–,67.5,–,–,–,–,–,–,–,–,–,–,–,–,–,–,–,–,–,–,–,–,–,–,–,–,–,–,–,–,–,375,–,–,–,–,–,–,–,–,–,–,–,–,–,–,–,–,6.07,–,–,–,–,–,–,4.71,0.969,8  1/2 ,16  1/4 ,1  7/16,  3/4 ,2  1/4 ,2.86,3  9/16,–,–,1,–,–,–,–,–,–,–,–,–,–,–,–,–,–,–,–,–,–
14th,–,WT,WT7X141.5,–,–,–,–,–,–,41.6,8.37,1.29,–,16.1,2.07,–,–,–,141.5,3.89,–,–,–,–,153,50.4,23.5,1.92,1.86,1.29,722,137,89.7,4.17,–,–,–,–,–,–,–,–,–,–,–,–,–,–,–,–,–,–,–,51.8,–,–,–,–,–,–,–,–,–,–,–,–,–,–,–,–,–,–,–,–,–,–,–,–,–,–,–,–,–,281,–,–,–,–,–,–,–,–,–,–,–,–,–,–,–,–,6.49,–,–,–,–,–,–,4.66,0.969,8  3/8 ,16  1/8 ,1  5/16, 11/16,2  1/16,2.67,3  3/8 ,–,–,1,–,–,–,–,–,–,–,–,–,–,–,–,–,–,–,–,–,–
14th,–,WT,WT7X128.5,–,–,–,–,–,–,37.8,8.19,1.18,–,16,1.89,–,–,–,128.5,4.23,–,–,–,–,133,43.9,20.7,1.88,1.75,1.18,645,123,80.7,4.13,–,–,–,–,–,–,–,–,–,–,–,–,–,–,–,–,–,–,–,39.3,–,–,–,–,–,–,–,–,–,–,–,–,–,–,–,–,–,–,–,–,–,–,–,–,–,–,–,–,–,209,–,–,–,–,–,–,–,–,–,–,–,–,–,–,–,–,6.94,–,–,–,–,–,–,4.61,0.969,8  1/4 ,16,1  3/16,  5/8 ,1  7/8 ,2.49,3  3/16,–,–,1,–,–,–,–,–,–,–,–,–,–,–,–,–,–,–,–,–,–
14th,–,WT,WT7X116.5,–,–,–,–,–,–,34.2,8.02,1.07,–,15.9,1.72,–,–,–,116.5,4.62,–,–,–,–,116,38.2,18.2,1.84,1.65,1.08,576,110,72.5,4.1,–,–,–,–,–,–,–,–,–,–,–,–,–,–,–,–,–,–,–,29.6,–,–,–,–,–,–,–,–,–,–,–,–,–,–,–,–,–,–,–,–,–,–,–,–,–,–,–,–,–,154,–,–,–,–,–,–,–,–,–,–,–,–,–,–,–,–,7.5,–,–,–,–,–,–,4.57,0.97,8,15  7/8 ,1  1/16,  9/16,1  3/4 ,2.32,3,–,–,1,–,–,–,–,–,–,–,–,–,–,–,–,–,–,–,–,–,–
14th,–,WT,WT7X105.5,–,–,–,–,–,–,31,7.86,0.98,–,15.8,1.56,–,–,–,105.5,5.06,–,–,–,–,102,33.4,16.2,1.81,1.57,0.98,513,98.9,65,4.07,–,–,–,–,–,–,–,–,–,–,–,–,–,–,–,–,–,–,–,22.2,–,–,–,–,–,–,–,–,–,–,–,–,–,–,–,–,–,–,–,–,–,–,–,–,–,–,–,–,–,113,–,–,–,–,–,–,–,–,–,–,–,–,–,–,–,–,8.02,–,–,–,–,–,–,4.52,0.97,7  7/8 ,15  3/4 ,1,  1/2 ,1  9/16,2.16,2  7/8 ,–,–,1,–,–,–,–,–,–,–,–,–,–,–,–,–,–,–,–,–,–
14th,–,WT,WT7X96.5,–,–,–,–,–,–,28.4,7.74,0.89,–,15.7,1.44,–,–,–,96.5,5.45,–,–,–,–,89.8,29.4,14.4,1.78,1.49,0.903,466,90.1,59.3,4.05,–,–,–,–,–,–,–,–,–,–,–,–,–,–,–,–,–,–,–,17.3,–,–,–,–,–,–,–,–,–,–,–,–,–,–,–,–,–,–,–,–,–,–,–,–,–,–,–,–,–,87.2,–,–,–,–,–,–,–,–,–,–,–,–,–,–,–,–,8.7,–,–,–,–,–,–,4.49,0.971,7  3/4 ,15  3/4 ,  7/8 ,  7/16,1  7/16,2.04,2  3/4 ,–,–,1,–,–,–,–,–,–,–,–,–,–,–,–,–,–,–,–,–,–
14th,–,WT,WT7X88,–,–,–,–,–,–,25.9,7.61,0.83,–,15.7,1.31,–,–,–,88,5.97,–,–,–,–,80.5,26.3,13,1.76,1.43,0.827,419,81.3,53.5,4.02,–,–,–,–,–,–,–,–,–,–,–,–,–,–,–,–,–,–,–,13.2,–,–,–,–,–,–,–,–,–,–,–,–,–,–,–,–,–,–,–,–,–,–,–,–,–,–,–,–,–,65.2,–,–,–,–,–,–,–,–,–,–,–,–,–,–,–,–,9.17,–,–,–,–,–,–,4.46,0.97,7  5/8 ,15  5/8 , 13/16,  7/16,1  5/16,1.91,2  5/8 ,–,–,1,–,–,–,–,–,–,–,–,–,–,–,–,–,–,–,–,–,–
14th,–,WT,WT7X79.5,–,–,–,–,–,–,23.4,7.49,0.745,–,15.6,1.19,–,–,–,79.5,6.54,–,–,–,–,70.2,22.8,11.4,1.73,1.35,0.751,374,73,48.1,4,–,–,–,–,–,–,–,–,–,–,–,–,–,–,–,–,–,–,–,9.84,–,–,–,–,–,–,–,–,–,–,–,–,–,–,–,–,–,–,–,–,–,–,–,–,–,–,–,–,–,47.9,–,–,–,–,–,–,–,–,–,–,–,–,–,–,–,–,10.1,–,–,–,–,–,–,4.43,0.971,7  1/2 ,15  5/8 ,  3/4 ,  3/8 ,1  3/16,1.79,2  1/2 ,–,–,1,–,–,–,–,–,–,–,–,–,–,–,–,–,–,–,–,–,–
14th,–,WT,WT7X72.5,–,–,–,–,–,–,21.3,7.39,0.68,–,15.5,1.09,–,–,–,72.5,7.11,–,–,–,–,62.5,20.2,10.2,1.71,1.29,0.688,338,66.2,43.7,3.98,–,–,–,–,–,–,–,–,–,–,–,–,–,–,–,–,–,–,–,7.56,–,–,–,–,–,–,–,–,–,–,–,–,–,–,–,–,–,–,–,–,–,–,–,–,–,–,–,–,–,36.3,–,–,–,–,–,–,–,–,–,–,–,–,–,–,–,–,10.9,–,–,–,–,–,–,4.4,0.971,7  3/8 ,15  1/2 , 11/16,  3/8 ,1  1/16,1.69,2  3/8 ,–,–,1,–,–,–,–,–,–,–,–,–,–,–,–,–,–,–,–,–,–
14th,–,WT,WT7X66,–,–,–,–,–,–,19.4,7.33,0.645,–,14.7,1.03,–,–,–,66,7.15,–,–,–,–,57.8,18.6,9.57,1.73,1.29,0.658,274,56.5,37.2,3.76,–,–,–,–,–,–,–,–,–,–,–,–,–,–,–,–,–,–,–,6.13,–,–,–,–,–,–,–,–,–,–,–,–,–,–,–,–,–,–,–,–,–,–,–,–,–,–,–,–,–,26.6,–,–,–,–,–,–,–,–,–,–,–,–,–,–,–,–,11.4,–,–,–,–,–,–,4.21,0.966,7  3/8 ,14  3/4 ,  5/8 ,  5/16,1,1.63,2  5/16,–,–,1,–,–,–,–,–,–,–,–,–,–,–,–,–,–,–,–,–,–
14th,–,WT,WT7X60,–,–,–,–,–,–,17.7,7.24,0.59,–,14.7,0.94,–,–,–,60,7.8,–,–,–,–,51.7,16.5,8.61,1.71,1.24,0.602,247,51.2,33.7,3.74,–,–,–,–,–,–,–,–,–,–,–,–,–,–,–,–,–,–,–,4.67,–,–,–,–,–,–,–,–,–,–,–,–,–,–,–,–,–,–,–,–,–,–,–,–,–,–,–,–,–,20,–,–,–,–,–,–,–,–,–,–,–,–,–,–,–,–,12.3,–,–,–,–,–,–,4.19,0.966,7  1/4 ,14  5/8 ,  9/16,  5/16, 15/16,1.54,2  1/4 ,–,–,1,–,–,–,–,–,–,–,–,–,–,–,–,–,–,–,–,–,–
14th,–,WT,WT7X54.5,–,–,–,–,–,–,16,7.16,0.525,–,14.6,0.86,–,–,–,54.5,8.49,–,–,–,–,45.3,14.4,7.56,1.68,1.17,0.548,223,46.3,30.6,3.73,–,–,–,–,–,–,–,–,–,–,–,–,–,–,–,–,–,–,–,3.55,–,–,–,–,–,–,–,–,–,–,–,–,–,–,–,–,–,–,–,–,–,–,–,–,–,–,–,–,–,15,–,–,–,–,–,–,–,–,–,–,–,–,–,–,–,–,13.6,–,–,–,–,–,–,4.16,0.968,7  1/8 ,14  5/8 ,  1/2 ,  1/4 ,  7/8 ,1.46,2  3/16,–,–,1,–,–,–,–,–,–,–,–,–,–,–,–,–,–,–,–,–,–
14th,–,WT,WT7X49.5,–,–,–,–,–,–,14.6,7.08,0.485,–,14.6,0.78,–,–,–,49.5,9.34,–,–,–,–,40.9,12.9,6.88,1.67,1.14,0.5,201,41.8,27.6,3.71,–,–,–,–,–,–,–,–,–,–,–,–,–,–,–,–,–,–,–,2.68,–,–,–,–,–,–,–,–,–,–,–,–,–,–,–,–,–,–,–,–,–,–,–,–,–,–,–,–,–,11.1,–,–,–,–,–,–,–,–,–,–,–,–,–,–,–,–,14.6,–,–,–,–,–,–,4.14,0.967,7  1/8 ,14  5/8 ,  1/2 ,  1/4 ,  3/4 ,1.38,2  1/16,–,–,1,–,–,–,–,–,–,–,–,–,–,–,–,–,–,–,–,–,–
14th,–,WT,WT7X45,–,–,–,–,–,–,13.2,7.01,0.44,–,14.5,0.71,–,–,–,45,10.2,–,–,–,–,36.5,11.5,6.16,1.66,1.09,0.456,181,37.8,25,3.7,–,–,–,–,–,–,–,–,–,–,–,–,–,–,–,–,–,–,–,2.03,–,–,–,–,–,–,–,–,–,–,–,–,–,–,–,–,–,–,–,–,–,–,–,–,–,–,–,–,–,8.31,–,–,–,–,–,–,–,–,–,–,–,–,–,–,–,–,15.9,–,–,–,–,–,–,4.12,0.968,7,14  1/2 ,  7/16,  1/4 , 11/16,1.31,2,–,–,1,–,–,–,–,–,–,–,–,–,–,–,–,–,–,–,–,–,–
14th,–,WT,WT7X41,–,–,–,–,–,–,12,7.16,0.51,–,10.1,0.855,–,–,–,41,5.92,–,–,–,–,41.2,13.2,7.14,1.85,1.39,0.593,74.1,22.4,14.6,2.48,–,–,–,–,–,–,–,–,–,–,–,–,–,–,–,–,–,–,–,2.53,–,–,–,–,–,–,–,–,–,–,–,–,–,–,–,–,–,–,–,–,–,–,–,–,–,–,–,–,–,5.63,–,–,–,–,–,–,–,–,–,–,–,–,–,–,–,–,14,–,–,–,–,–,–,3.24,0.912,7  1/8 ,10  1/8 ,  1/2 ,  1/4 ,  7/8 ,1.45,1 11/16,–,–,1,–,–,–,–,–,–,–,–,–,–,–,–,–,–,–,–,–,–
14th,–,WT,WT7X37,–,–,–,–,–,–,10.9,7.09,0.45,–,10.1,0.785,–,–,–,37,6.41,–,–,–,–,36,11.5,6.25,1.82,1.32,0.541,66.9,20.2,13.3,2.48,–,–,–,–,–,–,–,–,–,–,–,–,–,–,–,–,–,–,–,1.93,–,–,–,–,–,–,–,–,–,–,–,–,–,–,–,–,–,–,–,–,–,–,–,–,–,–,–,–,–,4.19,–,–,–,–,–,–,–,–,–,–,–,–,–,–,–,–,15.8,–,–,–,–,–,–,3.21,0.916,7  1/8 ,10  1/8 ,  7/16,  1/4 , 13/16,1.38,1  5/8 ,–,–,1,–,–,–,–,–,–,–,–,–,–,–,–,–,–,–,–,–,–
14th,–,WT,WT7X34,–,–,–,–,–,–,10,7.02,0.415,–,10,0.72,–,–,–,34,6.97,–,–,–,–,32.6,10.4,5.69,1.81,1.29,0.498,60.7,18.4,12.1,2.46,–,–,–,–,–,–,–,–,–,–,–,–,–,–,–,–,–,–,–,1.5,–,–,–,–,–,–,–,–,–,–,–,–,–,–,–,–,–,–,–,–,–,–,–,–,–,–,–,–,–,3.21,–,–,–,–,–,–,–,–,–,–,–,–,–,–,–,–,16.9,–,–,–,–,–,–,3.19,0.916,7,10,  7/16,  1/4 ,  3/4 ,1.31,1  9/16,–,–,1,–,–,–,–,–,–,–,–,–,–,–,–,–,–,–,–,–,–
14th,–,WT,WT7X30.5,–,–,–,–,–,–,8.96,6.95,0.375,–,10,0.645,–,–,–,30.5,7.75,–,–,–,–,28.9,9.15,5.07,1.8,1.25,0.448,53.7,16.4,10.7,2.45,–,–,–,–,–,–,–,–,–,–,–,–,–,–,–,–,–,–,–,1.09,–,–,–,–,–,–,–,–,–,–,–,–,–,–,–,–,–,–,–,–,–,–,–,–,–,–,–,–,–,2.29,–,–,–,–,–,–,–,–,–,–,–,–,–,–,–,–,18.5,–,–,–,–,–,–,3.17,0.915,7,10,  3/8 ,  3/16,  5/8 ,1.24,1  1/2 ,–,–,0.971,–,–,–,–,–,–,–,–,–,–,–,–,–,–,–,–,–,–
14th,–,WT,WT7X26.5,–,–,–,–,–,–,7.8,6.96,0.37,–,8.06,0.66,–,–,–,26.5,6.11,–,–,–,–,27.6,8.87,4.94,1.88,1.38,0.484,28.8,11,7.15,1.92,–,–,–,–,–,–,–,–,–,–,–,–,–,–,–,–,–,–,–,0.967,–,–,–,–,–,–,–,–,–,–,–,–,–,–,–,–,–,–,–,–,–,–,–,–,–,–,–,–,–,1.46,–,–,–,–,–,–,–,–,–,–,–,–,–,–,–,–,18.8,–,–,–,–,–,–,2.89,0.868,7,8,  3/8 ,  3/16, 11/16,1.25,1  1/2 ,–,–,0.956,–,–,–,–,–,–,–,–,–,–,–,–,–,–,–,–,–,–
14th,–,WT,WT7X24,–,–,–,–,–,–,7.07,6.9,0.34,–,8.03,0.595,–,–,–,24,6.75,–,–,–,–,24.9,8,4.49,1.88,1.35,0.44,25.7,9.8,6.4,1.91,–,–,–,–,–,–,–,–,–,–,–,–,–,–,–,–,–,–,–,0.723,–,–,–,–,–,–,–,–,–,–,–,–,–,–,–,–,–,–,–,–,–,–,–,–,–,–,–,–,–,1.07,–,–,–,–,–,–,–,–,–,–,–,–,–,–,–,–,20.3,–,–,–,–,–,–,2.87,0.866,6  7/8 ,8,  5/16,  3/16,  5/8 ,1.19,1  7/16,–,–,0.88,–,–,–,–,–,–,–,–,–,–,–,–,–,–,–,–,–,–
14th,–,WT,WT7X21.5,–,–,–,–,–,–,6.31,6.83,0.305,–,8,0.53,–,–,–,21.5,7.54,–,–,–,–,21.9,7.05,3.98,1.86,1.31,0.395,22.6,8.64,5.65,1.89,–,–,–,–,–,–,–,–,–,–,–,–,–,–,–,–,–,–,–,0.522,–,–,–,–,–,–,–,–,–,–,–,–,–,–,–,–,–,–,–,–,–,–,–,–,–,–,–,–,–,0.751,–,–,–,–,–,–,–,–,–,–,–,–,–,–,–,–,22.4,–,–,–,–,–,–,2.86,0.865,6  7/8 ,8,  5/16,  3/16,  1/2 ,1.12,1  3/8 ,–,–,0.773,–,–,–,–,–,–,–,–,–,–,–,–,–,–,–,–,–,–
14th,–,WT,WT7X19,–,–,–,–,–,–,5.58,7.05,0.31,–,6.77,0.515,–,–,–,19,6.57,–,–,–,–,23.3,7.45,4.22,2.04,1.54,0.412,13.3,6.07,3.94,1.55,–,–,–,–,–,–,–,–,–,–,–,–,–,–,–,–,–,–,–,0.398,–,–,–,–,–,–,–,–,–,–,–,–,–,–,–,–,–,–,–,–,–,–,–,–,–,–,–,–,–,0.554,–,–,–,–,–,–,–,–,–,–,–,–,–,–,–,–,22.7,–,–,–,–,–,–,2.86,0.799,7,6  3/4 ,  5/16,  3/16,  1/2 ,0.915,1  1/4 ,–,–,0.758,–,–,–,–,–,–,–,–,–,–,–,–,–,–,–,–,–,–
14th,–,WT,WT7X17,–,–,–,–,–,–,5,6.99,0.285,–,6.75,0.455,–,–,–,17,7.41,–,–,–,–,20.9,6.74,3.83,2.04,1.53,0.371,11.6,5.32,3.45,1.53,–,–,–,–,–,–,–,–,–,–,–,–,–,–,–,–,–,–,–,0.284,–,–,–,–,–,–,–,–,–,–,–,–,–,–,–,–,–,–,–,–,–,–,–,–,–,–,–,–,–,0.4,–,–,–,–,–,–,–,–,–,–,–,–,–,–,–,–,24.5,–,–,–,–,–,–,2.87,0.792,7,6  3/4 ,  5/16,  3/16,  7/16,0.855,1  3/16,–,–,0.667,–,–,–,–,–,–,–,–,–,–,–,–,–,–,–,–,–,–
14th,–,WT,WT7X15,–,–,–,–,–,–,4.42,6.92,0.27,–,6.73,0.385,–,–,–,15,8.74,–,–,–,–,19,6.25,3.55,2.07,1.58,0.329,9.79,4.49,2.91,1.49,–,–,–,–,–,–,–,–,–,–,–,–,–,–,–,–,–,–,–,0.19,–,–,–,–,–,–,–,–,–,–,–,–,–,–,–,–,–,–,–,–,–,–,–,–,–,–,–,–,–,0.287,–,–,–,–,–,–,–,–,–,–,–,–,–,–,–,–,25.6,–,–,–,–,–,–,2.9,0.772,6  7/8 ,6  3/4 ,  1/4 ,  1/8 ,  3/8 ,0.785,1  1/8 ,–,–,0.611,–,–,–,–,–,–,–,–,–,–,–,–,–,–,–,–,–,–
14th,–,WT,WT7X13,–,–,–,–,–,–,3.85,6.96,0.255,–,5.03,0.42,–,–,–,13,5.98,–,–,–,–,17.3,5.89,3.31,2.12,1.72,0.383,4.45,2.76,1.77,1.08,–,–,–,–,–,–,–,–,–,–,–,–,–,–,–,–,–,–,–,0.179,–,–,–,–,–,–,–,–,–,–,–,–,–,–,–,–,–,–,–,–,–,–,–,–,–,–,–,–,–,0.207,–,–,–,–,–,–,–,–,–,–,–,–,–,–,–,–,27.3,–,–,–,–,–,–,2.82,0.712,7,5,  1/4 ,  1/8 ,  7/16,0.82,1  1/8 ,–,–,0.537,–,–,–,–,–,–,–,–,–,–,–,–,–,–,–,–,–,–
14th,–,WT,WT7X11,–,–,–,–,–,–,3.25,6.87,0.23,–,5,0.335,–,–,–,11,7.46,–,–,–,–,14.8,5.2,2.91,2.14,1.76,0.325,3.5,2.19,1.4,1.04,–,–,–,–,–,–,–,–,–,–,–,–,–,–,–,–,–,–,–,0.104,–,–,–,–,–,–,–,–,–,–,–,–,–,–,–,–,–,–,–,–,–,–,–,–,–,–,–,–,–,0.134,–,–,–,–,–,–,–,–,–,–,–,–,–,–,–,–,29.9,–,–,–,–,–,–,2.86,0.689,6  7/8 ,5,  1/4 ,  1/8 ,  5/16,0.735,1  1/16,–,–,0.448,–,–,–,–,–,–,–,–,–,–,–,–,–,–,–,–,–,–
14th,–,WT,WT6X168,–,–,–,–,–,–,49.5,8.41,1.78,–,13.4,2.96,–,–,–,168,2.26,–,–,–,–,190,68.4,31.2,1.96,2.31,1.84,593,137,88.6,3.47,–,–,–,–,–,–,–,–,–,–,–,–,–,–,–,–,–,–,–,120,–,–,–,–,–,–,–,–,–,–,–,–,–,–,–,–,–,–,–,–,–,–,–,–,–,–,–,–,–,481,–,–,–,–,–,–,–,–,–,–,–,–,–,–,–,–,4.72,–,–,–,–,–,–,4.07,0.958,8  3/8 ,13  3/8 ,1  3/4 ,  7/8 ,2 15/16,3.55,3  7/8 ,–,–,1,–,–,–,–,–,–,–,–,–,–,–,–,–,–,–,–,–,–
14th,–,WT,WT6X152.5,–,–,–,–,–,–,44.7,8.16,1.63,–,13.2,2.71,–,–,–,152.5,2.45,–,–,–,–,162,59.1,27,1.9,2.16,1.69,525,122,79.3,3.42,–,–,–,–,–,–,–,–,–,–,–,–,–,–,–,–,–,–,–,92,–,–,–,–,–,–,–,–,–,–,–,–,–,–,–,–,–,–,–,–,–,–,–,–,–,–,–,–,–,356,–,–,–,–,–,–,–,–,–,–,–,–,–,–,–,–,5.01,–,–,–,–,–,–,4,0.959,8  1/8 ,13  1/4 ,1  5/8 , 13/16,2 11/16,3.3,3  5/8 ,–,–,1,–,–,–,–,–,–,–,–,–,–,–,–,–,–,–,–,–,–
14th,–,WT,WT6X139.5,–,–,–,–,–,–,41,7.93,1.53,–,13.1,2.47,–,–,–,139.5,2.66,–,–,–,–,141,51.9,24.1,1.86,2.05,1.56,469,110,71.3,3.38,–,–,–,–,–,–,–,–,–,–,–,–,–,–,–,–,–,–,–,70.9,–,–,–,–,–,–,–,–,–,–,–,–,–,–,–,–,–,–,–,–,–,–,–,–,–,–,–,–,–,267,–,–,–,–,–,–,–,–,–,–,–,–,–,–,–,–,5.18,–,–,–,–,–,–,3.94,0.958,7  7/8 ,13  1/8 ,1  1/2 ,  3/4 ,2  1/2 ,3.07,3  3/8 ,–,–,1,–,–,–,–,–,–,–,–,–,–,–,–,–,–,–,–,–,–
14th,–,WT,WT6X126,–,–,–,–,–,–,37.1,7.71,1.4,–,13,2.25,–,–,–,126,2.89,–,–,–,–,121,44.8,20.9,1.81,1.92,1.42,414,97.9,63.6,3.34,–,–,–,–,–,–,–,–,–,–,–,–,–,–,–,–,–,–,–,53.5,–,–,–,–,–,–,–,–,–,–,–,–,–,–,–,–,–,–,–,–,–,–,–,–,–,–,–,–,–,195,–,–,–,–,–,–,–,–,–,–,–,–,–,–,–,–,5.51,–,–,–,–,–,–,3.88,0.958,7  3/4 ,13,1  3/8 , 11/16,2  1/4 ,2.85,3  1/8 ,–,–,1,–,–,–,–,–,–,–,–,–,–,–,–,–,–,–,–,–,–
14th,–,WT,WT6X115,–,–,–,–,–,–,33.8,7.53,1.29,–,12.9,2.07,–,–,–,115,3.11,–,–,–,–,106,39.4,18.5,1.77,1.82,1.31,371,88.4,57.5,3.31,–,–,–,–,–,–,–,–,–,–,–,–,–,–,–,–,–,–,–,41.6,–,–,–,–,–,–,–,–,–,–,–,–,–,–,–,–,–,–,–,–,–,–,–,–,–,–,–,–,–,148,–,–,–,–,–,–,–,–,–,–,–,–,–,–,–,–,5.84,–,–,–,–,–,–,3.83,0.958,7  1/2 ,12  7/8 ,1  5/16, 11/16,2  1/16,2.67,2 15/16,–,–,1,–,–,–,–,–,–,–,–,–,–,–,–,–,–,–,–,–,–
14th,–,WT,WT6X105,–,–,–,–,–,–,30.9,7.36,1.18,–,12.8,1.9,–,–,–,105,3.37,–,–,–,–,92.1,34.5,16.4,1.73,1.72,1.21,332,79.7,51.9,3.28,–,–,–,–,–,–,–,–,–,–,–,–,–,–,–,–,–,–,–,32.1,–,–,–,–,–,–,–,–,–,–,–,–,–,–,–,–,–,–,–,–,–,–,–,–,–,–,–,–,–,112,–,–,–,–,–,–,–,–,–,–,–,–,–,–,–,–,6.24,–,–,–,–,–,–,3.79,0.958,7  3/8 ,12  3/4 ,1  3/16,  5/8 ,1  7/8 ,2.5,2 13/16,–,–,1,–,–,–,–,–,–,–,–,–,–,–,–,–,–,–,–,–,–
14th,–,WT,WT6X95,–,–,–,–,–,–,28,7.19,1.06,–,12.7,1.74,–,–,–,95,3.65,–,–,–,–,79,29.8,14.2,1.68,1.62,1.1,295,71.2,46.5,3.25,–,–,–,–,–,–,–,–,–,–,–,–,–,–,–,–,–,–,–,24.3,–,–,–,–,–,–,–,–,–,–,–,–,–,–,–,–,–,–,–,–,–,–,–,–,–,–,–,–,–,82.1,–,–,–,–,–,–,–,–,–,–,–,–,–,–,–,–,6.78,–,–,–,–,–,–,3.73,0.96,7  1/4 ,12  5/8 ,1  1/16,  9/16,1  3/4 ,2.33,2  5/8 ,–,–,1,–,–,–,–,–,–,–,–,–,–,–,–,–,–,–,–,–,–
14th,–,WT,WT6X85,–,–,–,–,–,–,25,7.02,0.96,–,12.6,1.56,–,–,–,85,4.03,–,–,–,–,67.8,25.6,12.3,1.65,1.52,0.994,259,62.9,41.2,3.22,–,–,–,–,–,–,–,–,–,–,–,–,–,–,–,–,–,–,–,17.7,–,–,–,–,–,–,–,–,–,–,–,–,–,–,–,–,–,–,–,–,–,–,–,–,–,–,–,–,–,58.3,–,–,–,–,–,–,–,–,–,–,–,–,–,–,–,–,7.31,–,–,–,–,–,–,3.69,0.96,7,12  5/8 , 15/16,  1/2 ,1  9/16,2.16,2  7/16,–,–,1,–,–,–,–,–,–,–,–,–,–,–,–,–,–,–,–,–,–
14th,–,WT,WT6X76,–,–,–,–,–,–,22.4,6.86,0.87,–,12.5,1.4,–,–,–,76,4.46,–,–,–,–,58.5,22,10.8,1.62,1.43,0.896,227,55.6,36.4,3.19,–,–,–,–,–,–,–,–,–,–,–,–,–,–,–,–,–,–,–,12.8,–,–,–,–,–,–,–,–,–,–,–,–,–,–,–,–,–,–,–,–,–,–,–,–,–,–,–,–,–,41.3,–,–,–,–,–,–,–,–,–,–,–,–,–,–,–,–,7.89,–,–,–,–,–,–,3.65,0.96,6  7/8 ,12  1/2 ,  7/8 ,  7/16,1  3/8 ,2,2  5/16,–,–,1,–,–,–,–,–,–,–,–,–,–,–,–,–,–,–,–,–,–
14th,–,WT,WT6X68,–,–,–,–,–,–,20,6.71,0.79,–,12.4,1.25,–,–,–,68,4.96,–,–,–,–,50.6,19,9.46,1.59,1.35,0.805,199,48.9,32.1,3.16,–,–,–,–,–,–,–,–,–,–,–,–,–,–,–,–,–,–,–,9.21,–,–,–,–,–,–,–,–,–,–,–,–,–,–,–,–,–,–,–,–,–,–,–,–,–,–,–,–,–,28.9,–,–,–,–,–,–,–,–,–,–,–,–,–,–,–,–,8.49,–,–,–,–,–,–,3.61,0.959,6  3/4 ,12  3/8 , 13/16,  7/16,1  1/4 ,1.85,2  1/8 ,–,–,1,–,–,–,–,–,–,–,–,–,–,–,–,–,–,–,–,–,–
14th,–,WT,WT6X60,–,–,–,–,–,–,17.6,6.56,0.71,–,12.3,1.11,–,–,–,60,5.57,–,–,–,–,43.4,16.2,8.22,1.57,1.28,0.716,172,42.7,28,3.13,–,–,–,–,–,–,–,–,–,–,–,–,–,–,–,–,–,–,–,6.42,–,–,–,–,–,–,–,–,–,–,–,–,–,–,–,–,–,–,–,–,–,–,–,–,–,–,–,–,–,19.7,–,–,–,–,–,–,–,–,–,–,–,–,–,–,–,–,9.24,–,–,–,–,–,–,3.57,0.959,6  1/2 ,12  3/8 , 11/16,  3/8 ,1  1/8 ,1.7,2,–,–,1,–,–,–,–,–,–,–,–,–,–,–,–,–,–,–,–,–,–
14th,–,WT,WT6X53,–,–,–,–,–,–,15.6,6.45,0.61,–,12.2,0.99,–,–,–,53,6.17,–,–,–,–,36.3,13.6,6.92,1.53,1.19,0.637,151,37.5,24.7,3.11,–,–,–,–,–,–,–,–,–,–,–,–,–,–,–,–,–,–,–,4.55,–,–,–,–,–,–,–,–,–,–,–,–,–,–,–,–,–,–,–,–,–,–,–,–,–,–,–,–,–,13.6,–,–,–,–,–,–,–,–,–,–,–,–,–,–,–,–,10.6,–,–,–,–,–,–,3.53,0.961,6  1/2 ,12  1/4 ,  5/8 ,  5/16,1,1.59,1  7/8 ,–,–,1,–,–,–,–,–,–,–,–,–,–,–,–,–,–,–,–,–,–
14th,–,WT,WT6X48,–,–,–,–,–,–,14.1,6.36,0.55,–,12.2,0.9,–,–,–,48,6.76,–,–,–,–,32,11.9,6.12,1.51,1.13,0.58,135,33.7,22.2,3.09,–,–,–,–,–,–,–,–,–,–,–,–,–,–,–,–,–,–,–,3.42,–,–,–,–,–,–,–,–,–,–,–,–,–,–,–,–,–,–,–,–,–,–,–,–,–,–,–,–,–,10.1,–,–,–,–,–,–,–,–,–,–,–,–,–,–,–,–,11.6,–,–,–,–,–,–,3.51,0.962,6  3/8 ,12  1/8 ,  9/16,  5/16,  7/8 ,1.5,1 13/16,–,–,1,–,–,–,–,–,–,–,–,–,–,–,–,–,–,–,–,–,–
14th,–,WT,WT6X43.5,–,–,–,–,–,–,12.8,6.27,0.515,–,12.1,0.81,–,–,–,43.5,7.48,–,–,–,–,28.9,10.7,5.6,1.5,1.1,0.527,120,30.2,19.9,3.07,–,–,–,–,–,–,–,–,–,–,–,–,–,–,–,–,–,–,–,2.54,–,–,–,–,–,–,–,–,–,–,–,–,–,–,–,–,–,–,–,–,–,–,–,–,–,–,–,–,–,7.34,–,–,–,–,–,–,–,–,–,–,–,–,–,–,–,–,12.2,–,–,–,–,–,–,3.49,0.96,6  1/4 ,12  1/8 ,  1/2 ,  1/4 , 13/16,1.41,1 11/16,–,–,1,–,–,–,–,–,–,–,–,–,–,–,–,–,–,–,–,–,–
14th,–,WT,WT6X39.5,–,–,–,–,–,–,11.6,6.19,0.47,–,12.1,0.735,–,–,–,39.5,8.22,–,–,–,–,25.8,9.49,5.03,1.49,1.06,0.48,108,27.1,17.9,3.05,–,–,–,–,–,–,–,–,–,–,–,–,–,–,–,–,–,–,–,1.91,–,–,–,–,–,–,–,–,–,–,–,–,–,–,–,–,–,–,–,–,–,–,–,–,–,–,–,–,–,5.43,–,–,–,–,–,–,–,–,–,–,–,–,–,–,–,–,13.2,–,–,–,–,–,–,3.47,0.96,6  1/4 ,12  1/8 ,  1/2 ,  1/4 ,  3/4 ,1.33,1  5/8 ,–,–,1,–,–,–,–,–,–,–,–,–,–,–,–,–,–,–,–,–,–
14th,–,WT,WT6X36,–,–,–,–,–,–,10.6,6.13,0.43,–,12,0.67,–,–,–,36,8.99,–,–,–,–,23.2,8.48,4.54,1.48,1.02,0.439,97.5,24.6,16.2,3.04,–,–,–,–,–,–,–,–,–,–,–,–,–,–,–,–,–,–,–,1.46,–,–,–,–,–,–,–,–,–,–,–,–,–,–,–,–,–,–,–,–,–,–,–,–,–,–,–,–,–,4.07,–,–,–,–,–,–,–,–,–,–,–,–,–,–,–,–,14.3,–,–,–,–,–,–,3.45,0.96,6  1/8 ,12,  7/16,  1/4 , 11/16,1.27,1  9/16,–,–,1,–,–,–,–,–,–,–,–,–,–,–,–,–,–,–,–,–,–
14th,–,WT,WT6X32.5,–,–,–,–,–,–,9.54,6.06,0.39,–,12,0.605,–,–,–,32.5,9.92,–,–,–,–,20.6,7.5,4.06,1.47,0.985,0.398,87.2,22,14.5,3.02,–,–,–,–,–,–,–,–,–,–,–,–,–,–,–,–,–,–,–,1.09,–,–,–,–,–,–,–,–,–,–,–,–,–,–,–,–,–,–,–,–,–,–,–,–,–,–,–,–,–,2.97,–,–,–,–,–,–,–,–,–,–,–,–,–,–,–,–,15.5,–,–,–,–,–,–,3.43,0.96,6,12,  3/8 ,  3/16,  5/8 ,1.2,1  1/2 ,–,–,1,–,–,–,–,–,–,–,–,–,–,–,–,–,–,–,–,–,–
14th,–,WT,WT6X29,–,–,–,–,–,–,8.52,6.1,0.36,–,10,0.64,–,–,–,29,7.82,–,–,–,–,19.1,6.97,3.76,1.5,1.03,0.426,53.5,16.2,10.7,2.51,–,–,–,–,–,–,–,–,–,–,–,–,–,–,–,–,–,–,–,1.05,–,–,–,–,–,–,–,–,–,–,–,–,–,–,–,–,–,–,–,–,–,–,–,–,–,–,–,–,–,2.08,–,–,–,–,–,–,–,–,–,–,–,–,–,–,–,–,16.9,–,–,–,–,–,–,3,0.944,6  1/8 ,10,  3/8 ,  3/16,  5/8 ,1.24,1  1/2 ,–,–,1,–,–,–,–,–,–,–,–,–,–,–,–,–,–,–,–,–,–
14th,–,WT,WT6X26.5,–,–,–,–,–,–,7.78,6.03,0.345,–,10,0.575,–,–,–,26.5,8.69,–,–,–,–,17.7,6.46,3.54,1.51,1.02,0.389,47.9,14.5,9.58,2.48,–,–,–,–,–,–,–,–,–,–,–,–,–,–,–,–,–,–,–,0.788,–,–,–,–,–,–,–,–,–,–,–,–,–,–,–,–,–,–,–,–,–,–,–,–,–,–,–,–,–,1.53,–,–,–,–,–,–,–,–,–,–,–,–,–,–,–,–,17.5,–,–,–,–,–,–,3,0.939,6,10,  3/8 ,  3/16,  9/16,1.18,1  3/8 ,–,–,1,–,–,–,–,–,–,–,–,–,–,–,–,–,–,–,–,–,–
14th,–,WT,WT6X25,–,–,–,–,–,–,7.3,6.1,0.37,–,8.08,0.64,–,–,–,25,6.31,–,–,–,–,18.7,6.88,3.79,1.6,1.17,0.452,28.2,10.6,6.97,1.96,–,–,–,–,–,–,–,–,–,–,–,–,–,–,–,–,–,–,–,0.855,–,–,–,–,–,–,–,–,–,–,–,–,–,–,–,–,–,–,–,–,–,–,–,–,–,–,–,–,–,1.23,–,–,–,–,–,–,–,–,–,–,–,–,–,–,–,–,16.5,–,–,–,–,–,–,2.67,0.899,6  1/8 ,8  1/8 ,  3/8 ,  3/16,  5/8 ,1.14,1  1/2 ,–,–,1,–,–,–,–,–,–,–,–,–,–,–,–,–,–,–,–,–,–
14th,–,WT,WT6X22.5,–,–,–,–,–,–,6.56,6.03,0.335,–,8.05,0.575,–,–,–,22.5,7,–,–,–,–,16.6,6.1,3.39,1.59,1.13,0.408,25,9.47,6.21,1.95,–,–,–,–,–,–,–,–,–,–,–,–,–,–,–,–,–,–,–,0.627,–,–,–,–,–,–,–,–,–,–,–,–,–,–,–,–,–,–,–,–,–,–,–,–,–,–,–,–,–,0.885,–,–,–,–,–,–,–,–,–,–,–,–,–,–,–,–,18,–,–,–,–,–,–,2.66,0.898,6,8,  5/16,  3/16,  9/16,1.08,1  3/8 ,–,–,1,–,–,–,–,–,–,–,–,–,–,–,–,–,–,–,–,–,–
14th,–,WT,WT6X20,–,–,–,–,–,–,5.84,5.97,0.295,–,8.01,0.515,–,–,–,20,7.77,–,–,–,–,14.4,5.28,2.95,1.57,1.09,0.365,22,8.38,5.5,1.94,–,–,–,–,–,–,–,–,–,–,–,–,–,–,–,–,–,–,–,0.452,–,–,–,–,–,–,–,–,–,–,–,–,–,–,–,–,–,–,–,–,–,–,–,–,–,–,–,–,–,0.62,–,–,–,–,–,–,–,–,–,–,–,–,–,–,–,–,20.2,–,–,–,–,–,–,2.63,0.901,6,8,  5/16,  3/16,  1/2 ,1.02,1  3/8 ,–,–,0.885,–,–,–,–,–,–,–,–,–,–,–,–,–,–,–,–,–,–
14th,–,WT,WT6X17.5,–,–,–,–,–,–,5.17,6.25,0.3,–,6.56,0.52,–,–,–,17.5,6.31,–,–,–,–,16,5.71,3.23,1.76,1.3,0.394,12.2,5.73,3.73,1.54,–,–,–,–,–,–,–,–,–,–,–,–,–,–,–,–,–,–,–,0.369,–,–,–,–,–,–,–,–,–,–,–,–,–,–,–,–,–,–,–,–,–,–,–,–,–,–,–,–,–,0.437,–,–,–,–,–,–,–,–,–,–,–,–,–,–,–,–,20.8,–,–,–,–,–,–,2.56,0.834,6  1/4 ,6  1/2 ,  5/16,  3/16,  1/2 ,0.82,1  3/16,–,–,0.854,–,–,–,–,–,–,–,–,–,–,–,–,–,–,–,–,–,–
14th,–,WT,WT6X15,–,–,–,–,–,–,4.4,6.17,0.26,–,6.52,0.44,–,–,–,15,7.41,–,–,–,–,13.5,4.83,2.75,1.75,1.27,0.337,10.2,4.78,3.12,1.52,–,–,–,–,–,–,–,–,–,–,–,–,–,–,–,–,–,–,–,0.228,–,–,–,–,–,–,–,–,–,–,–,–,–,–,–,–,–,–,–,–,–,–,–,–,–,–,–,–,–,0.267,–,–,–,–,–,–,–,–,–,–,–,–,–,–,–,–,23.7,–,–,–,–,–,–,2.54,0.83,6  1/8 ,6  1/2 ,  1/4 ,  1/8 ,  7/16,0.74,1  1/8 ,–,–,0.707,–,–,–,–,–,–,–,–,–,–,–,–,–,–,–,–,–,–
14th,–,WT,WT6X13,–,–,–,–,–,–,3.82,6.11,0.23,–,6.49,0.38,–,–,–,13,8.54,–,–,–,–,11.7,4.2,2.4,1.75,1.25,0.295,8.66,4.08,2.67,1.51,–,–,–,–,–,–,–,–,–,–,–,–,–,–,–,–,–,–,–,0.15,–,–,–,–,–,–,–,–,–,–,–,–,–,–,–,–,–,–,–,–,–,–,–,–,–,–,–,–,–,0.174,–,–,–,–,–,–,–,–,–,–,–,–,–,–,–,–,26.6,–,–,–,–,–,–,2.54,0.827,6  1/8 ,6  1/2 ,  1/4 ,  1/8 ,  3/8 ,0.68,1  1/16,–,–,0.566,–,–,–,–,–,–,–,–,–,–,–,–,–,–,–,–,–,–
14th,–,WT,WT6X11,–,–,–,–,–,–,3.24,6.16,0.26,–,4.03,0.425,–,–,–,11,4.74,–,–,–,–,11.7,4.63,2.59,1.9,1.63,0.402,2.33,1.83,1.15,0.847,–,–,–,–,–,–,–,–,–,–,–,–,–,–,–,–,–,–,–,0.146,–,–,–,–,–,–,–,–,–,–,–,–,–,–,–,–,–,–,–,–,–,–,–,–,–,–,–,–,–,0.137,–,–,–,–,–,–,–,–,–,–,–,–,–,–,–,–,23.7,–,–,–,–,–,–,2.52,0.683,6  1/8 ,4,  1/4 ,  1/8 ,  7/16,0.725, 15/16,–,–,0.707,–,–,–,–,–,–,–,–,–,–,–,–,–,–,–,–,–,–
14th,–,WT,WT6X9.5,–,–,–,–,–,–,2.79,6.08,0.235,–,4.01,0.35,–,–,–,9.5,5.72,–,–,–,–,10.1,4.11,2.28,1.9,1.65,0.348,1.88,1.49,0.939,0.821,–,–,–,–,–,–,–,–,–,–,–,–,–,–,–,–,–,–,–,0.0899,–,–,–,–,–,–,–,–,–,–,–,–,–,–,–,–,–,–,–,–,–,–,–,–,–,–,–,–,–,0.0934,–,–,–,–,–,–,–,–,–,–,–,–,–,–,–,–,25.9,–,–,–,–,–,–,2.54,0.665,6  1/8 ,4,  1/4 ,  1/8 ,  3/8 ,0.65,  7/8 ,–,–,0.597,–,–,–,–,–,–,–,–,–,–,–,–,–,–,–,–,–,–
14th,–,WT,WT6X8,–,–,–,–,–,–,2.36,6,0.22,–,3.99,0.265,–,–,–,8,7.53,–,–,–,–,8.7,3.72,2.04,1.92,1.74,0.639,1.41,1.13,0.706,0.773,–,–,–,–,–,–,–,–,–,–,–,–,–,–,–,–,–,–,–,0.0511,–,–,–,–,–,–,–,–,–,–,–,–,–,–,–,–,–,–,–,–,–,–,–,–,–,–,–,–,–,0.0678,–,–,–,–,–,–,–,–,–,–,–,–,–,–,–,–,27.3,–,–,–,–,–,–,2.62,0.624,6,4,  1/4 ,  1/8 ,  1/4 ,0.565, 13/16,–,–,0.537,–,–,–,–,–,–,–,–,–,–,–,–,–,–,–,–,–,–
14th,–,WT,WT6X7,–,–,–,–,–,–,2.08,5.96,0.2,–,3.97,0.225,–,–,–,7,8.82,–,–,–,–,7.67,3.32,1.83,1.92,1.76,0.76,1.18,0.947,0.593,0.753,–,–,–,–,–,–,–,–,–,–,–,–,–,–,–,–,–,–,–,0.035,–,–,–,–,–,–,–,–,–,–,–,–,–,–,–,–,–,–,–,–,–,–,–,–,–,–,–,–,–,0.0493,–,–,–,–,–,–,–,–,–,–,–,–,–,–,–,–,29.8,–,–,–,–,–,–,2.64,0.611,6,4,  3/16,  1/8 ,  1/4 ,0.525,  3/4 ,–,–,0.451,–,–,–,–,–,–,–,–,–,–,–,–,–,–,–,–,–,–
14th,–,WT,WT5X56,–,–,–,–,–,–,16.5,5.68,0.755,–,10.4,1.25,–,–,–,56,4.17,–,–,–,–,28.6,13.4,6.4,1.32,1.21,0.791,118,34.6,22.6,2.67,–,–,–,–,–,–,–,–,–,–,–,–,–,–,–,–,–,–,–,7.5,–,–,–,–,–,–,–,–,–,–,–,–,–,–,–,–,–,–,–,–,–,–,–,–,–,–,–,–,–,16.9,–,–,–,–,–,–,–,–,–,–,–,–,–,–,–,–,7.52,–,–,–,–,–,–,3.04,0.963,5  5/8 ,10  3/8 ,  3/4 ,  3/8 ,1  1/4 ,1.75,1 15/16,–,–,1,–,–,–,–,–,–,–,–,–,–,–,–,–,–,–,–,–,–
14th,–,WT,WT5X50,–,–,–,–,–,–,14.7,5.55,0.68,–,10.3,1.12,–,–,–,50,4.62,–,–,–,–,24.5,11.4,5.56,1.29,1.13,0.711,103,30.5,20,2.65,–,–,–,–,–,–,–,–,–,–,–,–,–,–,–,–,–,–,–,5.41,–,–,–,–,–,–,–,–,–,–,–,–,–,–,–,–,–,–,–,–,–,–,–,–,–,–,–,–,–,11.9,–,–,–,–,–,–,–,–,–,–,–,–,–,–,–,–,8.16,–,–,–,–,–,–,3,0.964,5  1/2 ,10  3/8 , 11/16,  3/8 ,1  1/8 ,1.62,1 13/16,–,–,1,–,–,–,–,–,–,–,–,–,–,–,–,–,–,–,–,–,–
14th,–,WT,WT5X44,–,–,–,–,–,–,13,5.42,0.605,–,10.3,0.99,–,–,–,44,5.18,–,–,–,–,20.8,9.65,4.77,1.27,1.06,0.631,89.3,26.5,17.4,2.63,–,–,–,–,–,–,–,–,–,–,–,–,–,–,–,–,–,–,–,3.75,–,–,–,–,–,–,–,–,–,–,–,–,–,–,–,–,–,–,–,–,–,–,–,–,–,–,–,–,–,8.02,–,–,–,–,–,–,–,–,–,–,–,–,–,–,–,–,8.96,–,–,–,–,–,–,2.97,0.964,5  3/8 ,10  1/4 ,  5/8 ,  5/16,1,1.49,1 11/16,–,–,1,–,–,–,–,–,–,–,–,–,–,–,–,–,–,–,–,–,–
14th,–,WT,WT5X38.5,–,–,–,–,–,–,11.3,5.3,0.53,–,10.2,0.87,–,–,–,38.5,5.86,–,–,–,–,17.4,8.06,4.05,1.24,0.99,0.555,76.8,22.9,15.1,2.6,–,–,–,–,–,–,–,–,–,–,–,–,–,–,–,–,–,–,–,2.55,–,–,–,–,–,–,–,–,–,–,–,–,–,–,–,–,–,–,–,–,–,–,–,–,–,–,–,–,–,5.31,–,–,–,–,–,–,–,–,–,–,–,–,–,–,–,–,10,–,–,–,–,–,–,2.94,0.964,5  1/4 ,10  1/4 ,  1/2 ,  1/4 ,  7/8 ,1.37,1  9/16,–,–,1,–,–,–,–,–,–,–,–,–,–,–,–,–,–,–,–,–,–
14th,–,WT,WT5X34,–,–,–,–,–,–,10,5.2,0.47,–,10.1,0.77,–,–,–,34,6.58,–,–,–,–,14.9,6.85,3.49,1.22,0.932,0.493,66.7,20,13.2,2.58,–,–,–,–,–,–,–,–,–,–,–,–,–,–,–,–,–,–,–,1.78,–,–,–,–,–,–,–,–,–,–,–,–,–,–,–,–,–,–,–,–,–,–,–,–,–,–,–,–,–,3.62,–,–,–,–,–,–,–,–,–,–,–,–,–,–,–,–,11.1,–,–,–,–,–,–,2.91,0.965,5  1/4 ,10  1/8 ,  1/2 ,  1/4 ,  3/4 ,1.27,1  7/16,–,–,1,–,–,–,–,–,–,–,–,–,–,–,–,–,–,–,–,–,–
14th,–,WT,WT5X30,–,–,–,–,–,–,8.84,5.11,0.42,–,10.1,0.68,–,–,–,30,7.41,–,–,–,–,12.9,5.87,3.04,1.21,0.884,0.438,58.1,17.5,11.5,2.57,–,–,–,–,–,–,–,–,–,–,–,–,–,–,–,–,–,–,–,1.23,–,–,–,–,–,–,–,–,–,–,–,–,–,–,–,–,–,–,–,–,–,–,–,–,–,–,–,–,–,2.46,–,–,–,–,–,–,–,–,–,–,–,–,–,–,–,–,12.2,–,–,–,–,–,–,2.89,0.964,5  1/8 ,10  1/8 ,  7/16,  1/4 , 11/16,1.18,1  3/8 ,–,–,1,–,–,–,–,–,–,–,–,–,–,–,–,–,–,–,–,–,–
14th,–,WT,WT5X27,–,–,–,–,–,–,7.9,5.05,0.37,–,10,0.615,–,–,–,27,8.15,–,–,–,–,11.1,5.05,2.64,1.19,0.836,0.395,51.7,15.6,10.3,2.56,–,–,–,–,–,–,–,–,–,–,–,–,–,–,–,–,–,–,–,0.909,–,–,–,–,–,–,–,–,–,–,–,–,–,–,–,–,–,–,–,–,–,–,–,–,–,–,–,–,–,1.78,–,–,–,–,–,–,–,–,–,–,–,–,–,–,–,–,13.6,–,–,–,–,–,–,2.87,0.966,5,10,  3/8 ,  3/16,  5/8 ,1.12,1  5/16,–,–,1,–,–,–,–,–,–,–,–,–,–,–,–,–,–,–,–,–,–
14th,–,WT,WT5X24.5,–,–,–,–,–,–,7.21,4.99,0.34,–,10,0.56,–,–,–,24.5,8.93,–,–,–,–,10,4.52,2.39,1.18,0.807,0.361,46.7,14.1,9.34,2.54,–,–,–,–,–,–,–,–,–,–,–,–,–,–,–,–,–,–,–,0.693,–,–,–,–,–,–,–,–,–,–,–,–,–,–,–,–,–,–,–,–,–,–,–,–,–,–,–,–,–,1.33,–,–,–,–,–,–,–,–,–,–,–,–,–,–,–,–,14.7,–,–,–,–,–,–,2.85,0.966,5,10,  5/16,  3/16,  9/16,1.06,1  1/4 ,–,–,1,–,–,–,–,–,–,–,–,–,–,–,–,–,–,–,–,–,–
14th,–,WT,WT5X22.5,–,–,–,–,–,–,6.63,5.05,0.35,–,8.02,0.62,–,–,–,22.5,6.47,–,–,–,–,10.2,4.65,2.47,1.24,0.907,0.413,26.7,10.1,6.65,2.01,–,–,–,–,–,–,–,–,–,–,–,–,–,–,–,–,–,–,–,0.753,–,–,–,–,–,–,–,–,–,–,–,–,–,–,–,–,–,–,–,–,–,–,–,–,–,–,–,–,–,0.981,–,–,–,–,–,–,–,–,–,–,–,–,–,–,–,–,14.4,–,–,–,–,–,–,2.43,0.94,5,8,  3/8 ,  3/16,  5/8 ,1.12,1  5/16,–,–,1,–,–,–,–,–,–,–,–,–,–,–,–,–,–,–,–,–,–
14th,–,WT,WT5X19.5,–,–,–,–,–,–,5.73,4.96,0.315,–,7.99,0.53,–,–,–,19.5,7.53,–,–,–,–,8.84,3.99,2.16,1.24,0.876,0.359,22.5,8.57,5.64,1.98,–,–,–,–,–,–,–,–,–,–,–,–,–,–,–,–,–,–,–,0.487,–,–,–,–,–,–,–,–,–,–,–,–,–,–,–,–,–,–,–,–,–,–,–,–,–,–,–,–,–,0.616,–,–,–,–,–,–,–,–,–,–,–,–,–,–,–,–,15.7,–,–,–,–,–,–,2.42,0.936,5,8,  5/16,  3/16,  1/2 ,1.03,1  3/16,–,–,1,–,–,–,–,–,–,–,–,–,–,–,–,–,–,–,–,–,–
14th,–,WT,WT5X16.5,–,–,–,–,–,–,4.85,4.87,0.29,–,7.96,0.435,–,–,–,16.5,9.15,–,–,–,–,7.71,3.48,1.93,1.26,0.869,0.305,18.3,7,4.6,1.94,–,–,–,–,–,–,–,–,–,–,–,–,–,–,–,–,–,–,–,0.291,–,–,–,–,–,–,–,–,–,–,–,–,–,–,–,–,–,–,–,–,–,–,–,–,–,–,–,–,–,0.356,–,–,–,–,–,–,–,–,–,–,–,–,–,–,–,–,16.8,–,–,–,–,–,–,2.4,0.927,4  7/8 ,8,  5/16,  3/16,  7/16,0.935,1  1/8 ,–,–,1,–,–,–,–,–,–,–,–,–,–,–,–,–,–,–,–,–,–
14th,–,WT,WT5X15,–,–,–,–,–,–,4.42,5.24,0.3,–,5.81,0.51,–,–,–,15,5.7,–,–,–,–,9.28,4.01,2.24,1.45,1.1,0.38,8.35,4.41,2.87,1.37,–,–,–,–,–,–,–,–,–,–,–,–,–,–,–,–,–,–,–,0.31,–,–,–,–,–,–,–,–,–,–,–,–,–,–,–,–,–,–,–,–,–,–,–,–,–,–,–,–,–,0.273,–,–,–,–,–,–,–,–,–,–,–,–,–,–,–,–,17.5,–,–,–,–,–,–,2.17,0.849,5  1/4 ,5  3/4 ,  5/16,  3/16,  1/2 ,0.81,1  1/8 ,–,–,1,–,–,–,–,–,–,–,–,–,–,–,–,–,–,–,–,–,–
14th,–,WT,WT5X13,–,–,–,–,–,–,3.81,5.17,0.26,–,5.77,0.44,–,–,–,13,6.56,–,–,–,–,7.86,3.39,1.91,1.44,1.06,0.33,7.05,3.75,2.44,1.36,–,–,–,–,–,–,–,–,–,–,–,–,–,–,–,–,–,–,–,0.201,–,–,–,–,–,–,–,–,–,–,–,–,–,–,–,–,–,–,–,–,–,–,–,–,–,–,–,–,–,0.173,–,–,–,–,–,–,–,–,–,–,–,–,–,–,–,–,19.9,–,–,–,–,–,–,2.15,0.848,5  1/8 ,5  3/4 ,  1/4 ,  1/8 ,  7/16,0.74,1  1/16,–,–,0.9,–,–,–,–,–,–,–,–,–,–,–,–,–,–,–,–,–,–
14th,–,WT,WT5X11,–,–,–,–,–,–,3.24,5.09,0.24,–,5.75,0.36,–,–,–,11,7.99,–,–,–,–,6.88,3.02,1.72,1.46,1.07,0.282,5.71,3.05,1.99,1.33,–,–,–,–,–,–,–,–,–,–,–,–,–,–,–,–,–,–,–,0.119,–,–,–,–,–,–,–,–,–,–,–,–,–,–,–,–,–,–,–,–,–,–,–,–,–,–,–,–,–,0.107,–,–,–,–,–,–,–,–,–,–,–,–,–,–,–,–,21.2,–,–,–,–,–,–,2.16,0.83,5  1/8 ,5  3/4 ,  1/4 ,  1/8 ,  3/8 ,0.66, 15/16,–,–,0.834,–,–,–,–,–,–,–,–,–,–,–,–,–,–,–,–,–,–
14th,–,WT,WT5X9.5,–,–,–,–,–,–,2.81,5.12,0.25,–,4.02,0.395,–,–,–,9.5,5.09,–,–,–,–,6.68,3.1,1.74,1.54,1.28,0.349,2.15,1.67,1.07,0.874,–,–,–,–,–,–,–,–,–,–,–,–,–,–,–,–,–,–,–,0.116,–,–,–,–,–,–,–,–,–,–,–,–,–,–,–,–,–,–,–,–,–,–,–,–,–,–,–,–,–,0.0796,–,–,–,–,–,–,–,–,–,–,–,–,–,–,–,–,20.5,–,–,–,–,–,–,2.08,0.729,5  1/8 ,4,  1/4 ,  1/8 ,  3/8 ,0.695, 15/16,–,–,0.87,–,–,–,–,–,–,–,–,–,–,–,–,–,–,–,–,–,–
14th,–,WT,WT5X8.5,–,–,–,–,–,–,2.5,5.06,0.24,–,4.01,0.33,–,–,–,8.5,6.08,–,–,–,–,6.06,2.9,1.62,1.56,1.32,0.311,1.78,1.4,0.887,0.844,–,–,–,–,–,–,–,–,–,–,–,–,–,–,–,–,–,–,–,0.0776,–,–,–,–,–,–,–,–,–,–,–,–,–,–,–,–,–,–,–,–,–,–,–,–,–,–,–,–,–,0.061,–,–,–,–,–,–,–,–,–,–,–,–,–,–,–,–,21.1,–,–,–,–,–,–,2.11,0.703,5,4,  1/4 ,  1/8 ,  5/16,0.63,  7/8 ,–,–,0.839,–,–,–,–,–,–,–,–,–,–,–,–,–,–,–,–,–,–
14th,–,WT,WT5X7.5,–,–,–,–,–,–,2.21,5,0.23,–,4,0.27,–,–,–,7.5,7.41,–,–,–,–,5.45,2.71,1.5,1.57,1.37,0.305,1.45,1.15,0.723,0.81,–,–,–,–,–,–,–,–,–,–,–,–,–,–,–,–,–,–,–,0.0518,–,–,–,–,–,–,–,–,–,–,–,–,–,–,–,–,–,–,–,–,–,–,–,–,–,–,–,–,–,0.0475,–,–,–,–,–,–,–,–,–,–,–,–,–,–,–,–,21.7,–,–,–,–,–,–,2.16,0.672,5,4,  1/4 ,  1/8 ,  1/4 ,0.57, 13/16,–,–,0.809,–,–,–,–,–,–,–,–,–,–,–,–,–,–,–,–,–,–
14th,–,WT,WT5X6,–,–,–,–,–,–,1.77,4.94,0.19,–,3.96,0.21,–,–,–,6,9.43,–,–,–,–,4.35,2.2,1.22,1.57,1.36,0.322,1.09,0.869,0.551,0.785,–,–,–,–,–,–,–,–,–,–,–,–,–,–,–,–,–,–,–,0.0272,–,–,–,–,–,–,–,–,–,–,–,–,–,–,–,–,–,–,–,–,–,–,–,–,–,–,–,–,–,0.0255,–,–,–,–,–,–,–,–,–,–,–,–,–,–,–,–,26,–,–,–,–,–,–,2.16,0.661,4  7/8 ,4,  3/16,  1/8 ,  3/16,0.51,  3/4 ,–,–,0.592,–,–,–,–,–,–,–,–,–,–,–,–,–,–,–,–,–,–
14th,–,WT,WT4X33.5,–,–,–,–,–,–,9.84,4.5,0.57,–,8.28,0.935,–,–,–,33.5,4.43,–,–,–,–,10.9,6.29,3.05,1.05,0.936,0.594,44.3,16.3,10.7,2.12,–,–,–,–,–,–,–,–,–,–,–,–,–,–,–,–,–,–,–,2.51,–,–,–,–,–,–,–,–,–,–,–,–,–,–,–,–,–,–,–,–,–,–,–,–,–,–,–,–,–,3.56,–,–,–,–,–,–,–,–,–,–,–,–,–,–,–,–,7.89,–,–,–,–,–,–,2.41,0.962,4  1/2 ,8  1/4 ,  9/16,  5/16, 15/16,1.33,1  5/8 ,–,–,1,–,–,–,–,–,–,–,–,–,–,–,–,–,–,–,–,–,–
14th,–,WT,WT4X29,–,–,–,–,–,–,8.54,4.38,0.51,–,8.22,0.81,–,–,–,29,5.07,–,–,–,–,9.12,5.25,2.61,1.03,0.874,0.52,37.5,13.9,9.13,2.1,–,–,–,–,–,–,–,–,–,–,–,–,–,–,–,–,–,–,–,1.66,–,–,–,–,–,–,–,–,–,–,–,–,–,–,–,–,–,–,–,–,–,–,–,–,–,–,–,–,–,2.28,–,–,–,–,–,–,–,–,–,–,–,–,–,–,–,–,8.59,–,–,–,–,–,–,2.38,0.961,4  3/8 ,8  1/4 ,  1/2 ,  1/4 , 13/16,1.2,1  1/2 ,–,–,1,–,–,–,–,–,–,–,–,–,–,–,–,–,–,–,–,–,–
14th,–,WT,WT4X24,–,–,–,–,–,–,7.05,4.25,0.4,–,8.11,0.685,–,–,–,24,5.92,–,–,–,–,6.85,3.94,1.97,0.986,0.777,0.435,30.5,11.4,7.51,2.08,–,–,–,–,–,–,–,–,–,–,–,–,–,–,–,–,–,–,–,0.977,–,–,–,–,–,–,–,–,–,–,–,–,–,–,–,–,–,–,–,–,–,–,–,–,–,–,–,–,–,1.3,–,–,–,–,–,–,–,–,–,–,–,–,–,–,–,–,10.6,–,–,–,–,–,–,2.34,0.966,4  1/4 ,8  1/8 ,  3/8 ,  3/16, 11/16,1.08,1  3/8 ,–,–,1,–,–,–,–,–,–,–,–,–,–,–,–,–,–,–,–,–,–
14th,–,WT,WT4X20,–,–,–,–,–,–,5.87,4.13,0.36,–,8.07,0.56,–,–,–,20,7.21,–,–,–,–,5.73,3.25,1.69,0.988,0.735,0.364,24.5,9.24,6.08,2.04,–,–,–,–,–,–,–,–,–,–,–,–,–,–,–,–,–,–,–,0.558,–,–,–,–,–,–,–,–,–,–,–,–,–,–,–,–,–,–,–,–,–,–,–,–,–,–,–,–,–,0.715,–,–,–,–,–,–,–,–,–,–,–,–,–,–,–,–,11.5,–,–,–,–,–,–,2.32,0.961,4  1/8 ,8  1/8 ,  3/8 ,  3/16,  9/16,0.954,1  1/4 ,–,–,1,–,–,–,–,–,–,–,–,–,–,–,–,–,–,–,–,–,–
14th,–,WT,WT4X17.5,–,–,–,–,–,–,5.14,4.06,0.31,–,8.02,0.495,–,–,–,17.5,8.1,–,–,–,–,4.82,2.71,1.43,0.968,0.688,0.321,21.3,8.05,5.31,2.03,–,–,–,–,–,–,–,–,–,–,–,–,–,–,–,–,–,–,–,0.384,–,–,–,–,–,–,–,–,–,–,–,–,–,–,–,–,–,–,–,–,–,–,–,–,–,–,–,–,–,0.48,–,–,–,–,–,–,–,–,–,–,–,–,–,–,–,–,13.1,–,–,–,–,–,–,2.3,0.963,4,8,  5/16,  3/16,  1/2 ,0.889,1  3/16,–,–,1,–,–,–,–,–,–,–,–,–,–,–,–,–,–,–,–,–,–
14th,–,WT,WT4X15.5,–,–,–,–,–,–,4.56,4,0.285,–,8,0.435,–,–,–,15.5,9.19,–,–,–,–,4.28,2.39,1.28,0.969,0.668,0.285,18.5,7.03,4.64,2.02,–,–,–,–,–,–,–,–,–,–,–,–,–,–,–,–,–,–,–,0.267,–,–,–,–,–,–,–,–,–,–,–,–,–,–,–,–,–,–,–,–,–,–,–,–,–,–,–,–,–,0.327,–,–,–,–,–,–,–,–,–,–,–,–,–,–,–,–,14,–,–,–,–,–,–,2.28,0.961,4,8,  5/16,  3/16,  7/16,0.829,1  1/8 ,–,–,1,–,–,–,–,–,–,–,–,–,–,–,–,–,–,–,–,–,–
14th,–,WT,WT4X14,–,–,–,–,–,–,4.12,4.03,0.285,–,6.54,0.465,–,–,–,14,7.03,–,–,–,–,4.23,2.38,1.28,1.01,0.734,0.315,10.8,5.04,3.31,1.62,–,–,–,–,–,–,–,–,–,–,–,–,–,–,–,–,–,–,–,0.268,–,–,–,–,–,–,–,–,–,–,–,–,–,–,–,–,–,–,–,–,–,–,–,–,–,–,–,–,–,0.23,–,–,–,–,–,–,–,–,–,–,–,–,–,–,–,–,14.1,–,–,–,–,–,–,1.98,0.935,4,6  1/2 ,  5/16,  3/16,  7/16,0.859, 15/16,–,–,1,–,–,–,–,–,–,–,–,–,–,–,–,–,–,–,–,–,–
14th,–,WT,WT4X12,–,–,–,–,–,–,3.54,3.97,0.245,–,6.5,0.4,–,–,–,12,8.12,–,–,–,–,3.53,1.98,1.08,0.999,0.695,0.272,9.14,4.28,2.81,1.61,–,–,–,–,–,–,–,–,–,–,–,–,–,–,–,–,–,–,–,0.173,–,–,–,–,–,–,–,–,–,–,–,–,–,–,–,–,–,–,–,–,–,–,–,–,–,–,–,–,–,0.144,–,–,–,–,–,–,–,–,–,–,–,–,–,–,–,–,16.2,–,–,–,–,–,–,1.96,0.936,4,6  1/2 ,  1/4 ,  1/8 ,  3/8 ,0.794,  7/8 ,–,–,1,–,–,–,–,–,–,–,–,–,–,–,–,–,–,–,–,–,–
14th,–,WT,WT4X10.5,–,–,–,–,–,–,3.08,4.14,0.25,–,5.27,0.4,–,–,–,10.5,6.59,–,–,–,–,3.9,2.11,1.18,1.12,0.831,0.292,4.88,2.84,1.85,1.26,–,–,–,–,–,–,–,–,–,–,–,–,–,–,–,–,–,–,–,0.141,–,–,–,–,–,–,–,–,–,–,–,–,–,–,–,–,–,–,–,–,–,–,–,–,–,–,–,–,–,0.0916,–,–,–,–,–,–,–,–,–,–,–,–,–,–,–,–,16.6,–,–,–,–,–,–,1.8,0.877,4  1/8 ,5  1/4 ,  1/4 ,  1/8 ,  3/8 ,0.7,  7/8 ,–,–,1,–,–,–,–,–,–,–,–,–,–,–,–,–,–,–,–,–,–
14th,–,WT,WT4X9,–,–,–,–,–,–,2.63,4.07,0.23,–,5.25,0.33,–,–,–,9,7.95,–,–,–,–,3.41,1.86,1.05,1.14,0.834,0.251,3.98,2.33,1.52,1.23,–,–,–,–,–,–,–,–,–,–,–,–,–,–,–,–,–,–,–,0.0855,–,–,–,–,–,–,–,–,–,–,–,–,–,–,–,–,–,–,–,–,–,–,–,–,–,–,–,–,–,0.0562,–,–,–,–,–,–,–,–,–,–,–,–,–,–,–,–,17.7,–,–,–,–,–,–,1.8,0.863,4  1/8 ,5  1/4 ,  1/4 ,  1/8 ,  5/16,0.63, 13/16,–,–,1,–,–,–,–,–,–,–,–,–,–,–,–,–,–,–,–,–,–
14th,–,WT,WT4X7.5,–,–,–,–,–,–,2.22,4.06,0.245,–,4.02,0.315,–,–,–,7.5,6.37,–,–,–,–,3.28,1.91,1.07,1.22,0.998,0.276,1.7,1.33,0.849,0.876,–,–,–,–,–,–,–,–,–,–,–,–,–,–,–,–,–,–,–,0.0679,–,–,–,–,–,–,–,–,–,–,–,–,–,–,–,–,–,–,–,–,–,–,–,–,–,–,–,–,–,0.0382,–,–,–,–,–,–,–,–,–,–,–,–,–,–,–,–,16.6,–,–,–,–,–,–,1.72,0.76,4,4,  1/4 ,  1/8 ,  5/16,0.615, 13/16,–,–,1,–,–,–,–,–,–,–,–,–,–,–,–,–,–,–,–,–,–
14th,–,WT,WT4X6.5,–,–,–,–,–,–,1.92,4,0.23,–,4,0.255,–,–,–,6.5,7.84,–,–,–,–,2.89,1.74,0.974,1.23,1.03,0.24,1.36,1.07,0.682,0.843,–,–,–,–,–,–,–,–,–,–,–,–,–,–,–,–,–,–,–,0.0433,–,–,–,–,–,–,–,–,–,–,–,–,–,–,–,–,–,–,–,–,–,–,–,–,–,–,–,–,–,0.0269,–,–,–,–,–,–,–,–,–,–,–,–,–,–,–,–,17.4,–,–,–,–,–,–,1.74,0.733,4,4,  1/4 ,  1/8 ,  1/4 ,0.555,  3/4 ,–,–,1,–,–,–,–,–,–,–,–,–,–,–,–,–,–,–,–,–,–
14th,–,WT,WT4X5,–,–,–,–,–,–,1.48,3.95,0.17,–,3.94,0.205,–,–,–,5,9.61,–,–,–,–,2.15,1.27,0.717,1.2,0.953,0.188,1.05,0.826,0.531,0.84,–,–,–,–,–,–,–,–,–,–,–,–,–,–,–,–,–,–,–,0.0212,–,–,–,–,–,–,–,–,–,–,–,–,–,–,–,–,–,–,–,–,–,–,–,–,–,–,–,–,–,0.0114,–,–,–,–,–,–,–,–,–,–,–,–,–,–,–,–,23.2,–,–,–,–,–,–,1.7,0.749,4,4,  3/16,  1/8 ,  3/16,0.505, 11/16,–,–,0.733,–,–,–,–,–,–,–,–,–,–,–,–,–,–,–,–,–,–
14th,–,WT,WT3X12.5,–,–,–,–,–,–,3.67,3.19,0.32,–,6.08,0.455,–,–,–,12.5,6.68,–,–,–,–,2.29,1.68,0.886,0.789,0.61,0.302,8.53,4.28,2.81,1.52,–,–,–,–,–,–,–,–,–,–,–,–,–,–,–,–,–,–,–,0.229,–,–,–,–,–,–,–,–,–,–,–,–,–,–,–,–,–,–,–,–,–,–,–,–,–,–,–,–,–,0.171,–,–,–,–,–,–,–,–,–,–,–,–,–,–,–,–,10,–,–,–,–,–,–,1.76,0.953,3  1/4 ,6  1/8 ,  5/16,  3/16,  7/16,0.705, 15/16,–,–,1,–,–,–,–,–,–,–,–,–,–,–,–,–,–,–,–,–,–
14th,–,WT,WT3X10,–,–,–,–,–,–,2.94,3.1,0.26,–,6.02,0.365,–,–,–,10,8.25,–,–,–,–,1.76,1.29,0.693,0.774,0.56,0.244,6.64,3.36,2.21,1.5,–,–,–,–,–,–,–,–,–,–,–,–,–,–,–,–,–,–,–,0.12,–,–,–,–,–,–,–,–,–,–,–,–,–,–,–,–,–,–,–,–,–,–,–,–,–,–,–,–,–,0.0858,–,–,–,–,–,–,–,–,–,–,–,–,–,–,–,–,11.9,–,–,–,–,–,–,1.73,0.953,3  1/8 ,6,  1/4 ,  1/8 ,  3/8 ,0.615,  7/8 ,–,–,1,–,–,–,–,–,–,–,–,–,–,–,–,–,–,–,–,–,–
14th,–,WT,WT3X7.5,–,–,–,–,–,–,2.21,3,0.23,–,5.99,0.26,–,–,–,7.5,11.5,–,–,–,–,1.41,1.03,0.577,0.797,0.558,0.185,4.66,2.37,1.56,1.45,–,–,–,–,–,–,–,–,–,–,–,–,–,–,–,–,–,–,–,0.0504,–,–,–,–,–,–,–,–,–,–,–,–,–,–,–,–,–,–,–,–,–,–,–,–,–,–,–,–,–,0.0342,–,–,–,–,–,–,–,–,–,–,–,–,–,–,–,–,13,–,–,–,–,–,–,1.71,0.937,3,6,  1/4 ,  1/8 ,  1/4 ,0.51,  3/4 ,–,–,1,–,–,–,–,–,–,–,–,–,–,–,–,–,–,–,–,–,–
14th,–,WT,WT3X8,–,–,–,–,–,–,2.37,3.14,0.26,–,4.03,0.405,–,–,–,8,4.98,–,–,–,–,1.69,1.25,0.685,0.844,0.676,0.294,2.21,1.69,1.1,0.966,–,–,–,–,–,–,–,–,–,–,–,–,–,–,–,–,–,–,–,0.111,–,–,–,–,–,–,–,–,–,–,–,–,–,–,–,–,–,–,–,–,–,–,–,–,–,–,–,–,–,0.0426,–,–,–,–,–,–,–,–,–,–,–,–,–,–,–,–,12.1,–,–,–,–,–,–,1.37,0.88,3  1/8 ,4,  1/4 ,  1/8 ,  3/8 ,0.655,  7/8 ,–,–,1,–,–,–,–,–,–,–,–,–,–,–,–,–,–,–,–,–,–
14th,–,WT,WT3X6,–,–,–,–,–,–,1.78,3.02,0.23,–,4,0.28,–,–,–,6,7.14,–,–,–,–,1.32,1.01,0.564,0.862,0.677,0.222,1.5,1.16,0.748,0.918,–,–,–,–,–,–,–,–,–,–,–,–,–,–,–,–,–,–,–,0.0449,–,–,–,–,–,–,–,–,–,–,–,–,–,–,–,–,–,–,–,–,–,–,–,–,–,–,–,–,–,0.0178,–,–,–,–,–,–,–,–,–,–,–,–,–,–,–,–,13.1,–,–,–,–,–,–,1.37,0.846,3,4,  1/4 ,  1/8 ,  1/4 ,0.53,  3/4 ,–,–,1,–,–,–,–,–,–,–,–,–,–,–,–,–,–,–,–,–,–
14th,–,WT,WT3X4.5,–,–,–,–,–,–,1.34,2.95,0.17,–,3.94,0.215,–,–,–,4.5,9.16,–,–,–,–,0.95,0.72,0.408,0.842,0.623,0.17,1.1,0.856,0.557,0.905,–,–,–,–,–,–,–,–,–,–,–,–,–,–,–,–,–,–,–,0.0202,–,–,–,–,–,–,–,–,–,–,–,–,–,–,–,–,–,–,–,–,–,–,–,–,–,–,–,–,–,0.00736,–,–,–,–,–,–,–,–,–,–,–,–,–,–,–,–,17.4,–,–,–,–,–,–,1.34,0.852,3,4,  3/16,  1/8 ,  3/16,0.465, 11/16,–,–,1,–,–,–,–,–,–,–,–,–,–,–,–,–,–,–,–,–,–
14th,–,WT,WT3X4.25,–,–,–,–,–,–,1.26,2.92,0.17,–,3.94,0.195,–,–,–,4.25,10.1,–,–,–,–,0.905,0.7,0.397,0.848,0.637,0.16,0.995,0.778,0.505,0.89,–,–,–,–,–,–,–,–,–,–,–,–,–,–,–,–,–,–,–,0.0166,–,–,–,–,–,–,–,–,–,–,–,–,–,–,–,–,–,–,–,–,–,–,–,–,–,–,–,–,–,0.0062,–,–,–,–,–,–,–,–,–,–,–,–,–,–,–,–,17.2,–,–,–,–,–,–,1.34,0.839,2  7/8 ,4,  3/16,  1/8 ,  3/16,0.445, 11/16,–,–,1,–,–,–,–,–,–,–,–,–,–,–,–,–,–,–,–,–,–
14th,–,WT,WT2.5X9.5,–,–,–,–,–,–,2.78,2.58,0.27,–,5.03,0.43,–,–,–,9.5,5.85,–,–,–,–,1.01,0.97,0.485,0.604,0.487,0.276,4.56,2.76,1.81,1.28,–,–,–,–,–,–,–,–,–,–,–,–,–,–,–,–,–,–,–,0.157,–,–,–,–,–,–,–,–,–,–,–,–,–,–,–,–,–,–,–,–,–,–,–,–,–,–,–,–,–,0.0775,–,–,–,–,–,–,–,–,–,–,–,–,–,–,–,–,9.56,–,–,–,–,–,–,1.44,0.964,2  5/8 ,5,  1/4 ,  1/8 ,  7/16,0.73, 13/16,–,–,1,–,–,–,–,–,–,–,–,–,–,–,–,–,–,–,–,–,–
14th,–,WT,WT2.5X8,–,–,–,–,–,–,2.35,2.51,0.24,–,5,0.36,–,–,–,8,6.94,–,–,–,–,0.845,0.801,0.413,0.599,0.458,0.235,3.75,2.28,1.5,1.26,–,–,–,–,–,–,–,–,–,–,–,–,–,–,–,–,–,–,–,0.0958,–,–,–,–,–,–,–,–,–,–,–,–,–,–,–,–,–,–,–,–,–,–,–,–,–,–,–,–,–,0.0453,–,–,–,–,–,–,–,–,–,–,–,–,–,–,–,–,10.5,–,–,–,–,–,–,1.43,0.962,2  1/2 ,5,  1/4 ,  1/8 ,  3/8 ,0.66,  3/4 ,–,–,1,–,–,–,–,–,–,–,–,–,–,–,–,–,–,–,–,–,–
14th,–,WT,WT2X6.5,–,–,–,–,–,–,1.91,2.08,0.28,–,4.06,0.345,–,–,–,6.5,5.88,–,–,–,–,0.526,0.616,0.321,0.524,0.44,0.236,1.93,1.46,0.95,1,–,–,–,–,–,–,–,–,–,–,–,–,–,–,–,–,–,–,–,0.075,–,–,–,–,–,–,–,–,–,–,–,–,–,–,–,–,–,–,–,–,–,–,–,–,–,–,–,–,–,0.0233,–,–,–,–,–,–,–,–,–,–,–,–,–,–,–,–,7.43,–,–,–,–,–,–,1.16,0.947,2  1/8 ,4,  1/4 ,  1/8 ,  3/8 ,0.595,  3/4 ,–,–,1,–,–,–,–,–,–,–,–,–,–,–,–,–,–,–,–,–,–
14th,–,MT,MT6.25X6.2,–,–,–,–,–,–,1.82,6.27,0.155,–,3.75,0.228,–,–,–,6.2,8.22,–,–,–,–,7.29,2.92,1.61,2.01,1.74,0.372,1,0.839,0.536,0.746,–,–,–,–,–,–,–,–,–,–,–,–,–,–,–,–,–,–,–,0.0246,–,–,–,–,–,–,–,–,–,–,–,–,–,–,–,–,–,–,–,–,–,–,–,–,–,–,–,–,–,0.0284,–,–,–,–,–,–,–,–,–,–,–,–,–,–,–,–,40.4,–,–,–,–,–,–,2.69,0.634,6  1/4 ,3  3/4 ,  1/8 ,  1/16,  1/4 ,0.563,  9/16,–,–,0.341,–,–,–,–,–,–,–,–,–,–,–,–,–,–,–,–,–,–
14th,–,MT,MT6.25X5.8,–,–,–,–,–,–,1.7,6.25,0.155,–,3.5,0.211,–,–,–,5.8,8.29,–,–,–,–,6.94,2.86,1.57,2.03,1.84,0.808,0.756,0.684,0.432,0.669,–,–,–,–,–,–,–,–,–,–,–,–,–,–,–,–,–,–,–,0.0206,–,–,–,–,–,–,–,–,–,–,–,–,–,–,–,–,–,–,–,–,–,–,–,–,–,–,–,–,–,0.0268,–,–,–,–,–,–,–,–,–,–,–,–,–,–,–,–,40.3,–,–,–,–,–,–,2.75,0.602,6  1/4 ,3  1/2 ,  1/8 ,  1/16,  3/16,0.563,  9/16,–,–,0.342,–,–,–,–,–,–,–,–,–,–,–,–,–,–,–,–,–,–
14th,–,MT,MT6X5.9,–,–,–,–,–,–,1.74,6,0.177,–,3.07,0.225,–,–,–,5.9,6.82,–,–,–,–,6.61,2.89,1.61,1.96,1.89,1.13,0.543,0.575,0.354,0.561,–,–,–,–,–,–,–,–,–,–,–,–,–,–,–,–,–,–,–,0.0249,–,–,–,–,–,–,–,–,–,–,–,–,–,–,–,–,–,–,–,–,–,–,–,–,–,–,–,–,–,0.0337,–,–,–,–,–,–,–,–,–,–,–,–,–,–,–,–,33.9,–,–,–,–,–,–,2.71,0.567,6,3  1/8 ,  3/16,  1/8 ,  1/4 ,0.563,  9/16,–,–,0.484,–,–,–,–,–,–,–,–,–,–,–,–,–,–,–,–,–,–
14th,–,MT,MT6X5.4,–,–,–,–,–,–,1.59,5.99,0.16,–,3.07,0.21,–,–,–,5.4,7.31,–,–,–,–,6.03,2.63,1.46,1.95,1.86,1.05,0.506,0.532,0.33,0.566,–,–,–,–,–,–,–,–,–,–,–,–,–,–,–,–,–,–,–,0.0196,–,–,–,–,–,–,–,–,–,–,–,–,–,–,–,–,–,–,–,–,–,–,–,–,–,–,–,–,–,0.025,–,–,–,–,–,–,–,–,–,–,–,–,–,–,–,–,37.4,–,–,–,–,–,–,2.69,0.574,6,3  1/8 ,  3/16,  1/8 ,  3/16,0.563,  9/16,–,–,0.397,–,–,–,–,–,–,–,–,–,–,–,–,–,–,–,–,–,–
14th,–,MT,MT6X5,–,–,–,–,–,–,1.48,5.99,0.149,–,3.25,0.18,–,–,–,5,9.03,–,–,–,–,5.62,2.45,1.36,1.96,1.86,1.08,0.517,0.509,0.318,0.594,–,–,–,–,–,–,–,–,–,–,–,–,–,–,–,–,–,–,–,0.0145,–,–,–,–,–,–,–,–,–,–,–,–,–,–,–,–,–,–,–,–,–,–,–,–,–,–,–,–,–,0.0202,–,–,–,–,–,–,–,–,–,–,–,–,–,–,–,–,40.2,–,–,–,–,–,–,2.71,0.572,6,3  1/4 ,  1/8 ,  1/16,  3/16,0.5,  1/2 ,–,–,0.344,–,–,–,–,–,–,–,–,–,–,–,–,–,–,–,–,–,–
14th,–,MT,MT5X4.5,–,–,–,–,–,–,1.33,5,0.157,–,2.69,0.206,–,–,–,4.5,6.53,–,–,–,–,3.47,1.81,1,1.62,1.54,0.808,0.336,0.403,0.25,0.505,–,–,–,–,–,–,–,–,–,–,–,–,–,–,–,–,–,–,–,0.0156,–,–,–,–,–,–,–,–,–,–,–,–,–,–,–,–,–,–,–,–,–,–,–,–,–,–,–,–,–,0.0138,–,–,–,–,–,–,–,–,–,–,–,–,–,–,–,–,31.8,–,–,–,–,–,–,2.22,0.585,5,2  3/4 ,  3/16,  1/8 ,  3/16,0.563,  9/16,–,–,0.55,–,–,–,–,–,–,–,–,–,–,–,–,–,–,–,–,–,–
14th,–,MT,MT5X4,–,–,–,–,–,–,1.19,4.98,0.141,–,2.69,0.182,–,–,–,4,7.39,–,–,–,–,3.08,1.61,0.894,1.62,1.52,0.809,0.296,0.354,0.22,0.502,–,–,–,–,–,–,–,–,–,–,–,–,–,–,–,–,–,–,–,0.0112,–,–,–,–,–,–,–,–,–,–,–,–,–,–,–,–,–,–,–,–,–,–,–,–,–,–,–,–,–,0.00989,–,–,–,–,–,–,–,–,–,–,–,–,–,–,–,–,35.3,–,–,–,–,–,–,2.22,0.583,5,2  3/4 ,  1/8 ,  1/16,  3/16,0.563,  9/16,–,–,0.446,–,–,–,–,–,–,–,–,–,–,–,–,–,–,–,–,–,–
14th,–,MT,MT5X3.75,–,–,–,–,–,–,1.11,5,0.13,–,2.69,0.173,–,–,–,3.75,7.77,–,–,–,–,2.91,1.51,0.836,1.63,1.51,0.759,0.281,0.334,0.209,0.505,–,–,–,–,–,–,–,–,–,–,–,–,–,–,–,–,–,–,–,0.00932,–,–,–,–,–,–,–,–,–,–,–,–,–,–,–,–,–,–,–,–,–,–,–,–,–,–,–,–,–,0.00792,–,–,–,–,–,–,–,–,–,–,–,–,–,–,–,–,38.4,–,–,–,–,–,–,2.22,0.588,5,2  3/4 ,  1/8 ,  1/16,  3/16,0.438,  7/16,–,–,0.377,–,–,–,–,–,–,–,–,–,–,–,–,–,–,–,–,–,–
14th,–,MT,MT4X3.25,–,–,–,–,–,–,0.959,4,0.135,–,2.28,0.189,–,–,–,3.25,6.03,–,–,–,–,1.57,1.01,0.558,1.29,1.18,0.472,0.188,0.264,0.165,0.444,–,–,–,–,–,–,–,–,–,–,–,–,–,–,–,–,–,–,–,0.00917,–,–,–,–,–,–,–,–,–,–,–,–,–,–,–,–,–,–,–,–,–,–,–,–,–,–,–,–,–,0.00463,–,–,–,–,–,–,–,–,–,–,–,–,–,–,–,–,29.6,–,–,–,–,–,–,1.74,0.612,4,2  1/4 ,  1/8 ,  1/16,  3/16,0.563,  9/16,–,–,0.634,–,–,–,–,–,–,–,–,–,–,–,–,–,–,–,–,–,–
14th,–,MT,MT4X3.1,–,–,–,–,–,–,0.911,4,0.129,–,2.28,0.177,–,–,–,3.1,6.44,–,–,–,–,1.5,0.967,0.533,1.29,1.18,0.497,0.176,0.247,0.154,0.441,–,–,–,–,–,–,–,–,–,–,–,–,–,–,–,–,–,–,–,0.00778,–,–,–,–,–,–,–,–,–,–,–,–,–,–,–,–,–,–,–,–,–,–,–,–,–,–,–,–,–,0.00403,–,–,–,–,–,–,–,–,–,–,–,–,–,–,–,–,31,–,–,–,–,–,–,1.75,0.608,4,2  1/4 ,  1/8 ,  1/16,  3/16,0.438,  7/16,–,–,0.578,–,–,–,–,–,–,–,–,–,–,–,–,–,–,–,–,–,–
14th,–,MT,MT3X2.2,–,–,–,–,–,–,0.647,3,0.114,–,1.84,0.171,–,–,–,2.2,5.38,–,–,–,–,0.579,0.483,0.268,0.949,0.841,0.19,0.0897,0.155,0.0973,0.374,–,–,–,–,–,–,–,–,–,–,–,–,–,–,–,–,–,–,–,0.00494,–,–,–,–,–,–,–,–,–,–,–,–,–,–,–,–,–,–,–,–,–,–,–,–,–,–,–,–,–,0.00124,–,–,–,–,–,–,–,–,–,–,–,–,–,–,–,–,26.3,–,–,–,–,–,–,1.27,0.646,3,1  7/8 ,  1/8 ,  1/16,  3/16,0.375,  3/8 ,–,–,0.778,–,–,–,–,–,–,–,–,–,–,–,–,–,–,–,–,–,–
14th,–,MT,MT3X1.85,–,–,–,–,–,–,0.545,2.96,0.098,–,2,0.129,–,–,–,1.85,7.75,–,–,–,–,0.483,0.409,0.226,0.945,0.827,0.174,0.0863,0.136,0.0863,0.4,–,–,–,–,–,–,–,–,–,–,–,–,–,–,–,–,–,–,–,0.00265,–,–,–,–,–,–,–,–,–,–,–,–,–,–,–,–,–,–,–,–,–,–,–,–,–,–,–,–,–,0.000754,–,–,–,–,–,–,–,–,–,–,–,–,–,–,–,–,30.2,–,–,–,–,–,–,1.28,0.644,3,2,  1/8 ,  1/16,  1/8 ,0.313,  5/16,–,–,0.609,–,–,–,–,–,–,–,–,–,–,–,–,–,–,–,–,–,–
14th,–,MT,MT2.5X9.45,–,–,–,–,–,–,2.78,2.5,0.316,–,5,0.416,–,–,–,9.45,6.01,–,–,–,–,1.05,1.03,0.528,0.617,0.512,0.276,4.35,2.66,1.74,1.26,–,–,–,–,–,–,–,–,–,–,–,–,–,–,–,–,–,–,–,0.156,–,–,–,–,–,–,–,–,–,–,–,–,–,–,–,–,–,–,–,–,–,–,–,–,–,–,–,–,–,0.0732,–,–,–,–,–,–,–,–,–,–,–,–,–,–,–,–,7.91,–,–,–,–,–,–,1.43,0.955,2  1/2 ,5,  5/16,  3/16,  7/16,0.813, 13/16,–,–,1,–,–,–,–,–,–,–,–,–,–,–,–,–,–,–,–,–,–
14th,–,MT,MT2X3,–,–,–,–,–,–,0.875,1.9,0.13,–,3.8,0.16,–,–,–,3,11.9,–,–,–,–,0.208,0.241,0.133,0.493,0.341,0.112,0.732,0.588,0.385,0.926,–,–,–,–,–,–,–,–,–,–,–,–,–,–,–,–,–,–,–,0.00919,–,–,–,–,–,–,–,–,–,–,–,–,–,–,–,–,–,–,–,–,–,–,–,–,–,–,–,–,–,0.00193,–,–,–,–,–,–,–,–,–,–,–,–,–,–,–,–,14.6,–,–,–,–,–,–,1.08,0.942,1  7/8 ,3  3/4 ,  1/8 ,  1/16,  3/16,0.5,  1/2 ,–,–,1,–,–,–,–,–,–,–,–,–,–,–,–,–,–,–,–,–,–
14th,–,ST,ST12X60.5,–,–,–,–,–,–,17.8,12.3,0.8,–,8.05,1.09,–,–,–,60.5,3.69,–,–,–,–,259,54.5,30.1,3.82,3.63,1.26,41.5,18.1,10.3,1.53,–,–,–,–,–,–,–,–,–,–,–,–,–,–,–,–,–,–,–,6.38,–,–,–,–,–,–,–,–,–,–,–,–,–,–,–,–,–,–,–,–,–,–,–,–,–,–,–,–,–,27.5,–,–,–,–,–,–,–,–,–,–,–,–,–,–,–,–,15.4,–,–,–,–,–,–,5.14,0.64,12  1/4 ,8, 13/16,  7/16,1  1/16,2,2,–,–,1,–,–,–,–,–,–,–,–,–,–,–,–,–,–,–,–,–,–
14th,–,ST,ST12X53,–,–,–,–,–,–,15.6,12.3,0.62,–,7.87,1.09,–,–,–,53,3.61,–,–,–,–,216,43.3,24.1,3.72,3.28,1.02,38.4,16.7,9.76,1.57,–,–,–,–,–,–,–,–,–,–,–,–,–,–,–,–,–,–,–,5.05,–,–,–,–,–,–,–,–,–,–,–,–,–,–,–,–,–,–,–,–,–,–,–,–,–,–,–,–,–,15,–,–,–,–,–,–,–,–,–,–,–,–,–,–,–,–,19.8,–,–,–,–,–,–,4.88,0.686,12  1/4 ,7  7/8 ,  5/8 ,  5/16,1  1/16,2,2,–,–,1,–,–,–,–,–,–,–,–,–,–,–,–,–,–,–,–,–,–
14th,–,ST,ST12X50,–,–,–,–,–,–,14.7,12,0.745,–,7.25,0.87,–,–,–,50,4.17,–,–,–,–,215,47.5,26.3,3.83,3.84,2.16,23.7,12,6.55,1.27,–,–,–,–,–,–,–,–,–,–,–,–,–,–,–,–,–,–,–,3.76,–,–,–,–,–,–,–,–,–,–,–,–,–,–,–,–,–,–,–,–,–,–,–,–,–,–,–,–,–,19.5,–,–,–,–,–,–,–,–,–,–,–,–,–,–,–,–,16.1,–,–,–,–,–,–,5.28,0.584,12,7  1/4 ,  3/4 ,  3/8 ,  7/8 ,1.75,1  3/4 ,–,–,1,–,–,–,–,–,–,–,–,–,–,–,–,–,–,–,–,–,–
14th,–,ST,ST12X45,–,–,–,–,–,–,13.2,12,0.625,–,7.13,0.87,–,–,–,45,4.1,–,–,–,–,190,41.1,22.6,3.79,3.6,1.42,22.3,11.2,6.27,1.3,–,–,–,–,–,–,–,–,–,–,–,–,–,–,–,–,–,–,–,3.01,–,–,–,–,–,–,–,–,–,–,–,–,–,–,–,–,–,–,–,–,–,–,–,–,–,–,–,–,–,12.1,–,–,–,–,–,–,–,–,–,–,–,–,–,–,–,–,19.2,–,–,–,–,–,–,5.11,0.615,12,7  1/8 ,  5/8 ,  5/16,  7/8 ,1.75,1  3/4 ,–,–,1,–,–,–,–,–,–,–,–,–,–,–,–,–,–,–,–,–,–
14th,–,ST,ST12X40,–,–,–,–,–,–,11.7,12,0.5,–,7,0.87,–,–,–,40,4.02,–,–,–,–,162,33.6,18.6,3.72,3.3,0.909,21,10.4,6,1.34,–,–,–,–,–,–,–,–,–,–,–,–,–,–,–,–,–,–,–,2.44,–,–,–,–,–,–,–,–,–,–,–,–,–,–,–,–,–,–,–,–,–,–,–,–,–,–,–,–,–,6.94,–,–,–,–,–,–,–,–,–,–,–,–,–,–,–,–,24,–,–,–,–,–,–,4.88,0.656,12,7,  1/2 ,  1/4 ,  7/8 ,1.75,1  3/4 ,–,–,0.876,–,–,–,–,–,–,–,–,–,–,–,–,–,–,–,–,–,–
14th,–,ST,ST10X48,–,–,–,–,–,–,14.1,10.2,0.8,–,7.2,0.92,–,–,–,48,3.91,–,–,–,–,143,36.9,20.3,3.18,3.13,1.35,25,12.5,6.93,1.33,–,–,–,–,–,–,–,–,–,–,–,–,–,–,–,–,–,–,–,4.16,–,–,–,–,–,–,–,–,–,–,–,–,–,–,–,–,–,–,–,–,–,–,–,–,–,–,–,–,–,15,–,–,–,–,–,–,–,–,–,–,–,–,–,–,–,–,12.7,–,–,–,–,–,–,4.36,0.625,10  1/8 ,7  1/4 , 13/16,  7/16, 15/16,1.75,1  3/4 ,–,–,1,–,–,–,–,–,–,–,–,–,–,–,–,–,–,–,–,–,–
14th,–,ST,ST10X43,–,–,–,–,–,–,12.7,10.2,0.66,–,7.06,0.92,–,–,–,43,3.84,–,–,–,–,124,31.1,17.2,3.13,2.91,0.972,23.3,11.6,6.59,1.36,–,–,–,–,–,–,–,–,–,–,–,–,–,–,–,–,–,–,–,3.3,–,–,–,–,–,–,–,–,–,–,–,–,–,–,–,–,–,–,–,–,–,–,–,–,–,–,–,–,–,9.17,–,–,–,–,–,–,–,–,–,–,–,–,–,–,–,–,15.4,–,–,–,–,–,–,4.21,0.659,10  1/8 ,7, 11/16,  3/8 , 15/16,1.75,1  3/4 ,–,–,1,–,–,–,–,–,–,–,–,–,–,–,–,–,–,–,–,–,–
14th,–,ST,ST10X37.5,–,–,–,–,–,–,11,10,0.635,–,6.39,0.795,–,–,–,37.5,4.02,–,–,–,–,109,28.6,15.8,3.15,3.07,1.34,14.8,8.36,4.62,1.16,–,–,–,–,–,–,–,–,–,–,–,–,–,–,–,–,–,–,–,2.28,–,–,–,–,–,–,–,–,–,–,–,–,–,–,–,–,–,–,–,–,–,–,–,–,–,–,–,–,–,7.21,–,–,–,–,–,–,–,–,–,–,–,–,–,–,–,–,15.7,–,–,–,–,–,–,4.29,0.613,10,6  3/8 ,  5/8 ,  5/16, 13/16,1.63,1  5/8 ,–,–,1,–,–,–,–,–,–,–,–,–,–,–,–,–,–,–,–,–,–
14th,–,ST,ST10X33,–,–,–,–,–,–,9.7,10,0.505,–,6.26,0.795,–,–,–,33,3.94,–,–,–,–,92.9,23.4,12.9,3.1,2.81,0.841,13.7,7.7,4.39,1.19,–,–,–,–,–,–,–,–,–,–,–,–,–,–,–,–,–,–,–,1.78,–,–,–,–,–,–,–,–,–,–,–,–,–,–,–,–,–,–,–,–,–,–,–,–,–,–,–,–,–,4.02,–,–,–,–,–,–,–,–,–,–,–,–,–,–,–,–,19.8,–,–,–,–,–,–,4.1,0.654,10,6  1/4 ,  1/2 ,  1/4 , 13/16,1.63,1  5/8 ,–,–,1,–,–,–,–,–,–,–,–,–,–,–,–,–,–,–,–,–,–
14th,–,ST,ST9X35,–,–,–,–,–,–,10.3,9,0.711,–,6.25,0.691,–,–,–,35,4.52,–,–,–,–,84.5,25.1,14,2.87,2.94,1.78,12,7.17,3.84,1.08,–,–,–,–,–,–,–,–,–,–,–,–,–,–,–,–,–,–,–,2.02,–,–,–,–,–,–,–,–,–,–,–,–,–,–,–,–,–,–,–,–,–,–,–,–,–,–,–,–,–,7.03,–,–,–,–,–,–,–,–,–,–,–,–,–,–,–,–,12.7,–,–,–,–,–,–,4.02,0.582,9,6  1/4 , 11/16,  3/8 , 11/16,1.5,1  1/2 ,–,–,1,–,–,–,–,–,–,–,–,–,–,–,–,–,–,–,–,–,–
14th,–,ST,ST9X27.35,–,–,–,–,–,–,8.02,9,0.461,–,6,0.691,–,–,–,27.35,4.34,–,–,–,–,62.3,17.3,9.6,2.79,2.51,0.737,10.4,6.06,3.45,1.14,–,–,–,–,–,–,–,–,–,–,–,–,–,–,–,–,–,–,–,1.16,–,–,–,–,–,–,–,–,–,–,–,–,–,–,–,–,–,–,–,–,–,–,–,–,–,–,–,–,–,2.26,–,–,–,–,–,–,–,–,–,–,–,–,–,–,–,–,19.5,–,–,–,–,–,–,3.71,0.66,9,6,  7/16,  1/4 , 11/16,1.5,1  1/2 ,–,–,1,–,–,–,–,–,–,–,–,–,–,–,–,–,–,–,–,–,–
14th,–,ST,ST7.5X25,–,–,–,–,–,–,7.34,7.5,0.55,–,5.64,0.622,–,–,–,25,4.53,–,–,–,–,40.5,14,7.72,2.35,2.25,0.826,7.79,4.99,2.76,1.03,–,–,–,–,–,–,–,–,–,–,–,–,–,–,–,–,–,–,–,1.05,–,–,–,–,–,–,–,–,–,–,–,–,–,–,–,–,–,–,–,–,–,–,–,–,–,–,–,–,–,2.02,–,–,–,–,–,–,–,–,–,–,–,–,–,–,–,–,13.6,–,–,–,–,–,–,3.22,0.635,7  1/2 ,5  5/8 ,  9/16,  5/16,  5/8 ,1.38,1  3/8 ,–,–,1,–,–,–,–,–,–,–,–,–,–,–,–,–,–,–,–,–,–
14th,–,ST,ST7.5X21.45,–,–,–,–,–,–,6.3,7.5,0.411,–,5.5,0.622,–,–,–,21.45,4.42,–,–,–,–,32.9,10.8,5.99,2.29,2.01,0.605,7.13,4.54,2.59,1.06,–,–,–,–,–,–,–,–,–,–,–,–,–,–,–,–,–,–,–,0.765,–,–,–,–,–,–,–,–,–,–,–,–,–,–,–,–,–,–,–,–,–,–,–,–,–,–,–,–,–,0.995,–,–,–,–,–,–,–,–,–,–,–,–,–,–,–,–,18.2,–,–,–,–,–,–,3.04,0.689,7  1/2 ,5  1/2 ,  7/16,  1/4 ,  5/8 ,1.38,1  3/8 ,–,–,1,–,–,–,–,–,–,–,–,–,–,–,–,–,–,–,–,–,–
14th,–,ST,ST6X25,–,–,–,–,–,–,7.33,6,0.687,–,5.48,0.659,–,–,–,25,4.17,–,–,–,–,25.1,11,6.04,1.85,1.84,0.758,7.79,5.16,2.84,1.03,–,–,–,–,–,–,–,–,–,–,–,–,–,–,–,–,–,–,–,1.36,–,–,–,–,–,–,–,–,–,–,–,–,–,–,–,–,–,–,–,–,–,–,–,–,–,–,–,–,–,1.97,–,–,–,–,–,–,–,–,–,–,–,–,–,–,–,–,8.73,–,–,–,–,–,–,2.6,0.662,6,5  1/2 , 11/16,  3/8 , 11/16,1.44,1  7/16,–,–,1,–,–,–,–,–,–,–,–,–,–,–,–,–,–,–,–,–,–
14th,–,ST,ST6X20.4,–,–,–,–,–,–,5.96,6,0.462,–,5.25,0.659,–,–,–,20.4,3.98,–,–,–,–,18.9,7.71,4.27,1.78,1.58,0.577,6.74,4.43,2.57,1.06,–,–,–,–,–,–,–,–,–,–,–,–,–,–,–,–,–,–,–,0.842,–,–,–,–,–,–,–,–,–,–,–,–,–,–,–,–,–,–,–,–,–,–,–,–,–,–,–,–,–,0.787,–,–,–,–,–,–,–,–,–,–,–,–,–,–,–,–,13,–,–,–,–,–,–,2.42,0.732,6,5  1/4 ,  7/16,  1/4 , 11/16,1.44,1  7/16,–,–,1,–,–,–,–,–,–,–,–,–,–,–,–,–,–,–,–,–,–
14th,–,ST,ST6X17.5,–,–,–,–,–,–,5.12,6,0.428,–,5.08,0.544,–,–,–,17.5,4.67,–,–,–,–,17.2,7.12,3.95,1.83,1.65,0.543,4.92,3.4,1.94,0.98,–,–,–,–,–,–,–,–,–,–,–,–,–,–,–,–,–,–,–,0.524,–,–,–,–,–,–,–,–,–,–,–,–,–,–,–,–,–,–,–,–,–,–,–,–,–,–,–,–,–,0.556,–,–,–,–,–,–,–,–,–,–,–,–,–,–,–,–,14,–,–,–,–,–,–,2.49,0.695,6,5  1/8 ,  7/16,  1/4 ,  9/16,1.19,1  3/16,–,–,1,–,–,–,–,–,–,–,–,–,–,–,–,–,–,–,–,–,–
14th,–,ST,ST6X15.9,–,–,–,–,–,–,4.65,6,0.35,–,5,0.544,–,–,–,15.9,4.6,–,–,–,–,14.8,5.94,3.3,1.78,1.51,0.48,4.66,3.22,1.87,1,–,–,–,–,–,–,–,–,–,–,–,–,–,–,–,–,–,–,–,0.438,–,–,–,–,–,–,–,–,–,–,–,–,–,–,–,–,–,–,–,–,–,–,–,–,–,–,–,–,–,0.364,–,–,–,–,–,–,–,–,–,–,–,–,–,–,–,–,17.1,–,–,–,–,–,–,2.39,0.731,6,5,  3/8 ,  3/16,  9/16,1.19,1  3/16,–,–,1,–,–,–,–,–,–,–,–,–,–,–,–,–,–,–,–,–,–
14th,–,ST,ST5X17.5,–,–,–,–,–,–,5.14,5,0.594,–,4.94,0.491,–,–,–,17.5,5.03,–,–,–,–,12.5,6.58,3.62,1.56,1.56,0.673,4.15,3.1,1.68,0.899,–,–,–,–,–,–,–,–,–,–,–,–,–,–,–,–,–,–,–,0.633,–,–,–,–,–,–,–,–,–,–,–,–,–,–,–,–,–,–,–,–,–,–,–,–,–,–,–,–,–,0.725,–,–,–,–,–,–,–,–,–,–,–,–,–,–,–,–,8.42,–,–,–,–,–,–,2.23,0.653,5,5,  5/8 ,  5/16,  1/2 ,1.13,1  1/8 ,–,–,1,–,–,–,–,–,–,–,–,–,–,–,–,–,–,–,–,–,–
14th,–,ST,ST5X12.7,–,–,–,–,–,–,3.72,5,0.311,–,4.66,0.491,–,–,–,12.7,4.75,–,–,–,–,7.79,3.7,2.05,1.45,1.2,0.403,3.36,2.49,1.44,0.95,–,–,–,–,–,–,–,–,–,–,–,–,–,–,–,–,–,–,–,0.3,–,–,–,–,–,–,–,–,–,–,–,–,–,–,–,–,–,–,–,–,–,–,–,–,–,–,–,–,–,0.173,–,–,–,–,–,–,–,–,–,–,–,–,–,–,–,–,16.1,–,–,–,–,–,–,1.98,0.767,5,4  5/8 ,  5/16,  3/16,  1/2 ,1.13,1  1/8 ,–,–,1,–,–,–,–,–,–,–,–,–,–,–,–,–,–,–,–,–,–
14th,–,ST,ST4X11.5,–,–,–,–,–,–,3.38,4,0.441,–,4.17,0.425,–,–,–,11.5,4.91,–,–,–,–,5,3.19,1.76,1.22,1.15,0.439,2.13,1.84,1.02,0.795,–,–,–,–,–,–,–,–,–,–,–,–,–,–,–,–,–,–,–,0.271,–,–,–,–,–,–,–,–,–,–,–,–,–,–,–,–,–,–,–,–,–,–,–,–,–,–,–,–,–,0.168,–,–,–,–,–,–,–,–,–,–,–,–,–,–,–,–,9.07,–,–,–,–,–,–,1.73,0.704,4,4  1/8 ,  7/16,  1/4 ,  7/16,1,1,–,–,1,–,–,–,–,–,–,–,–,–,–,–,–,–,–,–,–,–,–
14th,–,ST,ST4X9.2,–,–,–,–,–,–,2.7,4,0.271,–,4,0.425,–,–,–,9.2,4.71,–,–,–,–,3.49,2.07,1.14,1.14,0.942,0.336,1.84,1.59,0.922,0.827,–,–,–,–,–,–,–,–,–,–,–,–,–,–,–,–,–,–,–,0.167,–,–,–,–,–,–,–,–,–,–,–,–,–,–,–,–,–,–,–,–,–,–,–,–,–,–,–,–,–,0.0642,–,–,–,–,–,–,–,–,–,–,–,–,–,–,–,–,14.8,–,–,–,–,–,–,1.58,0.788,4,4,  1/4 ,  1/8 ,  7/16,1,1,–,–,1,–,–,–,–,–,–,–,–,–,–,–,–,–,–,–,–,–,–
14th,–,ST,ST3X8.6,–,–,–,–,–,–,2.53,3,0.465,–,3.57,0.359,–,–,–,8.6,4.97,–,–,–,–,2.12,1.85,1.02,0.915,0.915,0.394,1.14,1.17,0.642,0.673,–,–,–,–,–,–,–,–,–,–,–,–,–,–,–,–,–,–,–,0.181,–,–,–,–,–,–,–,–,–,–,–,–,–,–,–,–,–,–,–,–,–,–,–,–,–,–,–,–,–,0.0772,–,–,–,–,–,–,–,–,–,–,–,–,–,–,–,–,6.45,–,–,–,–,–,–,1.35,0.705,3,3  5/8 ,  7/16,  1/4 ,  3/8 ,0.813, 13/16,–,–,1,–,–,–,–,–,–,–,–,–,–,–,–,–,–,–,–,–,–
14th,–,ST,ST3X6.25,–,–,–,–,–,–,1.83,3,0.232,–,3.33,0.359,–,–,–,6.25,4.64,–,–,–,–,1.26,1.01,0.547,0.831,0.692,0.271,0.901,0.93,0.541,0.702,–,–,–,–,–,–,–,–,–,–,–,–,–,–,–,–,–,–,–,0.083,–,–,–,–,–,–,–,–,–,–,–,–,–,–,–,–,–,–,–,–,–,–,–,–,–,–,–,–,–,0.0197,–,–,–,–,–,–,–,–,–,–,–,–,–,–,–,–,12.9,–,–,–,–,–,–,1.2,0.819,3,3  3/8 ,  1/4 ,  1/8 ,  3/8 ,0.813, 13/16,–,–,1,–,–,–,–,–,–,–,–,–,–,–,–,–,–,–,–,–,–
14th,–,ST,ST2.5X5,–,–,–,–,–,–,1.46,2.5,0.214,–,3,0.326,–,–,–,5,4.6,–,–,–,–,0.671,0.65,0.348,0.677,0.57,0.239,0.597,0.686,0.398,0.638,–,–,–,–,–,–,–,–,–,–,–,–,–,–,–,–,–,–,–,0.0568,–,–,–,–,–,–,–,–,–,–,–,–,–,–,–,–,–,–,–,–,–,–,–,–,–,–,–,–,–,0.01,–,–,–,–,–,–,–,–,–,–,–,–,–,–,–,–,11.7,–,–,–,–,–,–,1.02,0.839,2  1/2 ,3,  3/16,  1/8 ,  5/16,0.75,  3/4 ,–,–,1,–,–,–,–,–,–,–,–,–,–,–,–,–,–,–,–,–,–
14th,–,ST,ST2X4.75,–,–,–,–,–,–,1.4,2,0.326,–,2.8,0.293,–,–,–,4.75,4.78,–,–,–,–,0.462,0.592,0.319,0.575,0.553,0.25,0.444,0.565,0.317,0.564,–,–,–,–,–,–,–,–,–,–,–,–,–,–,–,–,–,–,–,0.059,–,–,–,–,–,–,–,–,–,–,–,–,–,–,–,–,–,–,–,–,–,–,–,–,–,–,–,–,–,0.00995,–,–,–,–,–,–,–,–,–,–,–,–,–,–,–,–,6.13,–,–,–,–,–,–,0.903,0.797,2,2  3/4 ,  5/16,  3/16,  5/16,0.75,  3/4 ,–,–,1,–,–,–,–,–,–,–,–,–,–,–,–,–,–,–,–,–,–
14th,–,ST,ST2X3.85,–,–,–,–,–,–,1.13,2,0.193,–,2.66,0.293,–,–,–,3.85,4.54,–,–,–,–,0.307,0.381,0.198,0.522,0.448,0.204,0.374,0.485,0.281,0.576,–,–,–,–,–,–,–,–,–,–,–,–,–,–,–,–,–,–,–,0.0364,–,–,–,–,–,–,–,–,–,–,–,–,–,–,–,–,–,–,–,–,–,–,–,–,–,–,–,–,–,0.00457,–,–,–,–,–,–,–,–,–,–,–,–,–,–,–,–,10.4,–,–,–,–,–,–,0.834,0.869,2,2  5/8 ,  3/16,  1/8 ,  5/16,0.75,  3/4 ,–,–,1,–,–,–,–,–,–,–,–,–,–,–,–,–,–,–,–,–,–
14th,–,ST,ST1.5X3.75,–,–,–,–,–,–,1.1,1.5,0.349,–,2.51,0.26,–,–,–,3.75,4.83,–,–,–,–,0.2,0.351,0.187,0.426,0.432,0.219,0.289,0.411,0.23,0.513,–,–,–,–,–,–,–,–,–,–,–,–,–,–,–,–,–,–,–,0.0432,–,–,–,–,–,–,–,–,–,–,–,–,–,–,–,–,–,–,–,–,–,–,–,–,–,–,–,–,–,0.00496,–,–,–,–,–,–,–,–,–,–,–,–,–,–,–,–,4.3,–,–,–,–,–,–,0.732,0.83,1  1/2 ,2  1/2 ,  3/8 ,  3/16,  1/4 ,0.625,  5/8 ,–,–,1,–,–,–,–,–,–,–,–,–,–,–,–,–,–,–,–,–,–
14th,–,ST,ST1.5X2.85,–,–,–,–,–,–,0.83,1.5,0.17,–,2.33,0.26,–,–,–,2.85,4.48,–,–,–,–,0.114,0.196,0.097,0.37,0.329,0.171,0.223,0.328,0.192,0.518,–,–,–,–,–,–,–,–,–,–,–,–,–,–,–,–,–,–,–,0.0216,–,–,–,–,–,–,–,–,–,–,–,–,–,–,–,–,–,–,–,–,–,–,–,–,–,–,–,–,–,0.00189,–,–,–,–,–,–,–,–,–,–,–,–,–,–,–,–,8.82,–,–,–,–,–,–,0.667,0.911,1  1/2 ,2  3/8 ,  3/16,  1/8 ,  1/4 ,0.625,  5/8 ,–,–,1,–,–,–,–,–,–,–,–,–,–,–,–,–,–,–,–,–,–
14th,–,2L,2L8X8X1-1/8,–,–,–,–,–,–,33.6,8,–,–,–,–,–,–,–,114,–,–,–,–,–,196,63.2,35,2.41,2.4,1.05,391,80.6,48.9,3.41,–,–,–,–,–,–,–,–,–,–,–,–,–,–,–,–,–,–,–,–,1.13,–,–,–,–,–,–,–,–,–,–,–,–,–,–,–,–,–,–,–,–,–,–,–,–,–,–,–,–,–,–,–,–,–,–,–,–,–,–,–,–,–,8,–,–,–,–,–,–,–,–,7.08,–,4.56,0.837,–,–,–,–,–,–,–,–,–,1,–,–,–,–,–,–,–,–,–,–,–,–,–,–,–,–,–,–
14th,–,2L,2L8X8X1-1/8X3/8,–,–,–,–,–,–,33.6,8,–,–,–,–,–,–,–,114,–,–,–,–,–,196,63.2,35,2.41,2.4,1.05,421,86.9,51.4,3.54,–,–,–,–,–,–,–,–,–,–,–,–,–,–,–,–,–,–,–,–,1.13,–,–,–,–,–,–,–,–,–,–,–,–,–,–,–,–,–,–,–,–,–,–,–,–,–,–,–,–,–,–,–,–,–,–,–,–,–,–,–,–,–,8,–,–,–,–,–,–,–,–,7.08,–,4.66,0.844,–,–,–,–,–,–,–,–,–,1,–,–,–,–,–,–,–,–,–,–,–,–,–,–,–,–,–,–
14th,–,2L,2L8X8X1-1/8X3/4,–,–,–,–,–,–,33.6,8,–,–,–,–,–,–,–,114,–,–,–,–,–,196,63.2,35,2.41,2.4,1.05,455,93.2,54.3,3.68,–,–,–,–,–,–,–,–,–,–,–,–,–,–,–,–,–,–,–,–,1.13,–,–,–,–,–,–,–,–,–,–,–,–,–,–,–,–,–,–,–,–,–,–,–,–,–,–,–,–,–,–,–,–,–,–,–,–,–,–,–,–,–,8,–,–,–,–,–,–,–,–,7.08,–,4.77,0.851,–,–,–,–,–,–,–,–,–,1,–,–,–,–,–,–,–,–,–,–,–,–,–,–,–,–,–,–
14th,–,2L,2L8X8X1,–,–,–,–,–,–,30.2,8,–,–,–,–,–,–,–,102,–,–,–,–,–,178,57,31.6,2.43,2.36,0.944,347,71.3,43.4,3.39,–,–,–,–,–,–,–,–,–,–,–,–,–,–,–,–,–,–,–,–,1,–,–,–,–,–,–,–,–,–,–,–,–,–,–,–,–,–,–,–,–,–,–,–,–,–,–,–,–,–,–,–,–,–,–,–,–,–,–,–,–,–,8,–,–,–,–,–,–,–,–,8,–,4.56,0.834,–,–,–,–,–,–,–,–,–,1,–,–,–,–,–,–,–,–,–,–,–,–,–,–,–,–,–,–
14th,–,2L,2L8X8X1X3/8,–,–,–,–,–,–,30.2,8,–,–,–,–,–,–,–,102,–,–,–,–,–,178,57,31.6,2.43,2.36,0.944,374,76.9,45.7,3.52,–,–,–,–,–,–,–,–,–,–,–,–,–,–,–,–,–,–,–,–,1,–,–,–,–,–,–,–,–,–,–,–,–,–,–,–,–,–,–,–,–,–,–,–,–,–,–,–,–,–,–,–,–,–,–,–,–,–,–,–,–,–,8,–,–,–,–,–,–,–,–,8,–,4.66,0.841,–,–,–,–,–,–,–,–,–,1,–,–,–,–,–,–,–,–,–,–,–,–,–,–,–,–,–,–
14th,–,2L,2L8X8X1X3/4,–,–,–,–,–,–,30.2,8,–,–,–,–,–,–,–,102,–,–,–,–,–,178,57,31.6,2.43,2.36,0.944,405,82.6,48.4,3.66,–,–,–,–,–,–,–,–,–,–,–,–,–,–,–,–,–,–,–,–,1,–,–,–,–,–,–,–,–,–,–,–,–,–,–,–,–,–,–,–,–,–,–,–,–,–,–,–,–,–,–,–,–,–,–,–,–,–,–,–,–,–,8,–,–,–,–,–,–,–,–,8,–,4.77,0.848,–,–,–,–,–,–,–,–,–,1,–,–,–,–,–,–,–,–,–,–,–,–,–,–,–,–,–,–
14th,–,2L,2L8X8X7/8,–,–,–,–,–,–,26.6,8,–,–,–,–,–,–,–,90,–,–,–,–,–,159,50.6,28,2.45,2.31,0.831,300,61.4,37.5,3.36,–,–,–,–,–,–,–,–,–,–,–,–,–,–,–,–,–,–,–,–,0.875,–,–,–,–,–,–,–,–,–,–,–,–,–,–,–,–,–,–,–,–,–,–,–,–,–,–,–,–,–,–,–,–,–,–,–,–,–,–,–,–,–,8,–,–,–,–,–,–,–,–,9.14,–,4.56,0.831,–,–,–,–,–,–,–,–,–,1,–,–,–,–,–,–,–,–,–,–,–,–,–,–,–,–,–,–
14th,–,2L,2L8X8X7/8X3/8,–,–,–,–,–,–,26.6,8,–,–,–,–,–,–,–,90,–,–,–,–,–,159,50.6,28,2.45,2.31,0.831,326,66.4,39.8,3.5,–,–,–,–,–,–,–,–,–,–,–,–,–,–,–,–,–,–,–,–,0.875,–,–,–,–,–,–,–,–,–,–,–,–,–,–,–,–,–,–,–,–,–,–,–,–,–,–,–,–,–,–,–,–,–,–,–,–,–,–,–,–,–,8,–,–,–,–,–,–,–,–,9.14,–,4.66,0.838,–,–,–,–,–,–,–,–,–,1,–,–,–,–,–,–,–,–,–,–,–,–,–,–,–,–,–,–
14th,–,2L,2L8X8X7/8X3/4,–,–,–,–,–,–,26.6,8,–,–,–,–,–,–,–,90,–,–,–,–,–,159,50.6,28,2.45,2.31,0.831,351,71.4,41.9,3.63,–,–,–,–,–,–,–,–,–,–,–,–,–,–,–,–,–,–,–,–,0.875,–,–,–,–,–,–,–,–,–,–,–,–,–,–,–,–,–,–,–,–,–,–,–,–,–,–,–,–,–,–,–,–,–,–,–,–,–,–,–,–,–,8,–,–,–,–,–,–,–,–,9.14,–,4.76,0.845,–,–,–,–,–,–,–,–,–,1,–,–,–,–,–,–,–,–,–,–,–,–,–,–,–,–,–,–
14th,–,2L,2L8X8X3/4,–,–,–,–,–,–,23,8,–,–,–,–,–,–,–,77.8,–,–,–,–,–,140,44,24.4,2.46,2.26,0.719,257,52,32.1,3.34,–,–,–,–,–,–,–,–,–,–,–,–,–,–,–,–,–,–,–,–,0.75,–,–,–,–,–,–,–,–,–,–,–,–,–,–,–,–,–,–,–,–,–,–,–,–,–,–,–,–,–,–,–,–,–,–,–,–,–,–,–,–,–,8,–,–,–,–,–,–,–,–,10.7,–,4.56,0.829,–,–,–,–,–,–,–,–,–,1,–,–,–,–,–,–,–,–,–,–,–,–,–,–,–,–,–,–
14th,–,2L,2L8X8X3/4X3/8,–,–,–,–,–,–,23,8,–,–,–,–,–,–,–,77.8,–,–,–,–,–,140,44,24.4,2.46,2.26,0.719,277,56.3,33.8,3.47,–,–,–,–,–,–,–,–,–,–,–,–,–,–,–,–,–,–,–,–,0.75,–,–,–,–,–,–,–,–,–,–,–,–,–,–,–,–,–,–,–,–,–,–,–,–,–,–,–,–,–,–,–,–,–,–,–,–,–,–,–,–,–,8,–,–,–,–,–,–,–,–,10.7,–,4.66,0.836,–,–,–,–,–,–,–,–,–,1,–,–,–,–,–,–,–,–,–,–,–,–,–,–,–,–,–,–
14th,–,2L,2L8X8X3/4X3/4,–,–,–,–,–,–,23,8,–,–,–,–,–,–,–,77.8,–,–,–,–,–,140,44,24.4,2.46,2.26,0.719,300,60.6,35.8,3.61,–,–,–,–,–,–,–,–,–,–,–,–,–,–,–,–,–,–,–,–,0.75,–,–,–,–,–,–,–,–,–,–,–,–,–,–,–,–,–,–,–,–,–,–,–,–,–,–,–,–,–,–,–,–,–,–,–,–,–,–,–,–,–,8,–,–,–,–,–,–,–,–,10.7,–,4.76,0.843,–,–,–,–,–,–,–,–,–,1,–,–,–,–,–,–,–,–,–,–,–,–,–,–,–,–,–,–
14th,–,2L,2L8X8X5/8,–,–,–,–,–,–,19.4,8,–,–,–,–,–,–,–,65.4,–,–,–,–,–,119,37.2,20.6,2.48,2.21,0.606,214,42.8,26.8,3.32,–,–,–,–,–,–,–,–,–,–,–,–,–,–,–,–,–,–,–,–,0.625,–,–,–,–,–,–,–,–,–,–,–,–,–,–,–,–,–,–,–,–,–,–,–,–,–,–,–,–,–,–,–,–,–,–,–,–,–,–,–,–,–,8,–,–,–,–,–,–,–,–,12.8,–,4.56,0.826,–,–,–,–,–,–,–,–,–,1,–,–,–,–,–,–,–,–,–,–,–,–,–,–,–,–,–,–
14th,–,2L,2L8X8X5/8X3/8,–,–,–,–,–,–,19.4,8,–,–,–,–,–,–,–,65.4,–,–,–,–,–,119,37.2,20.6,2.48,2.21,0.606,231,46.5,28.2,3.45,–,–,–,–,–,–,–,–,–,–,–,–,–,–,–,–,–,–,–,–,0.625,–,–,–,–,–,–,–,–,–,–,–,–,–,–,–,–,–,–,–,–,–,–,–,–,–,–,–,–,–,–,–,–,–,–,–,–,–,–,–,–,–,8,–,–,–,–,–,–,–,–,12.8,–,4.66,0.833,–,–,–,–,–,–,–,–,–,0.997,–,–,–,–,–,–,–,–,–,–,–,–,–,–,–,–,–,–
14th,–,2L,2L8X8X5/8X3/4,–,–,–,–,–,–,19.4,8,–,–,–,–,–,–,–,65.4,–,–,–,–,–,119,37.2,20.6,2.48,2.21,0.606,249,50.1,29.7,3.58,–,–,–,–,–,–,–,–,–,–,–,–,–,–,–,–,–,–,–,–,0.625,–,–,–,–,–,–,–,–,–,–,–,–,–,–,–,–,–,–,–,–,–,–,–,–,–,–,–,–,–,–,–,–,–,–,–,–,–,–,–,–,–,8,–,–,–,–,–,–,–,–,12.8,–,4.76,0.84,–,–,–,–,–,–,–,–,–,0.997,–,–,–,–,–,–,–,–,–,–,–,–,–,–,–,–,–,–
14th,–,2L,2L8X8X9/16,–,–,–,–,–,–,17.5,8,–,–,–,–,–,–,–,59.2,–,–,–,–,–,108,33.6,18.7,2.49,2.19,0.548,192,38.4,24,3.31,–,–,–,–,–,–,–,–,–,–,–,–,–,–,–,–,–,–,–,–,0.563,–,–,–,–,–,–,–,–,–,–,–,–,–,–,–,–,–,–,–,–,–,–,–,–,–,–,–,–,–,–,–,–,–,–,–,–,–,–,–,–,–,8,–,–,–,–,–,–,–,–,14.2,–,4.56,0.825,–,–,–,–,–,–,–,–,–,1,–,–,–,–,–,–,–,–,–,–,–,–,–,–,–,–,–,–
14th,–,2L,2L8X8X9/16X3/8,–,–,–,–,–,–,17.5,8,–,–,–,–,–,–,–,59.2,–,–,–,–,–,108,33.6,18.7,2.49,2.19,0.548,207,41.7,25.3,3.44,–,–,–,–,–,–,–,–,–,–,–,–,–,–,–,–,–,–,–,–,0.563,–,–,–,–,–,–,–,–,–,–,–,–,–,–,–,–,–,–,–,–,–,–,–,–,–,–,–,–,–,–,–,–,–,–,–,–,–,–,–,–,–,8,–,–,–,–,–,–,–,–,14.2,–,4.65,0.832,–,–,–,–,–,–,–,–,–,0.959,–,–,–,–,–,–,–,–,–,–,–,–,–,–,–,–,–,–
14th,–,2L,2L8X8X9/16X3/4,–,–,–,–,–,–,17.5,8,–,–,–,–,–,–,–,59.2,–,–,–,–,–,108,33.6,18.7,2.49,2.19,0.548,223,45,26.6,3.57,–,–,–,–,–,–,–,–,–,–,–,–,–,–,–,–,–,–,–,–,0.563,–,–,–,–,–,–,–,–,–,–,–,–,–,–,–,–,–,–,–,–,–,–,–,–,–,–,–,–,–,–,–,–,–,–,–,–,–,–,–,–,–,8,–,–,–,–,–,–,–,–,14.2,–,4.75,0.839,–,–,–,–,–,–,–,–,–,0.959,–,–,–,–,–,–,–,–,–,–,–,–,–,–,–,–,–,–
14th,–,2L,2L8X8X1/2,–,–,–,–,–,–,15.7,8,–,–,–,–,–,–,–,52.8,–,–,–,–,–,97.6,30.2,16.7,2.49,2.17,0.49,171,34,21.4,3.3,–,–,–,–,–,–,–,–,–,–,–,–,–,–,–,–,–,–,–,–,0.5,–,–,–,–,–,–,–,–,–,–,–,–,–,–,–,–,–,–,–,–,–,–,–,–,–,–,–,–,–,–,–,–,–,–,–,–,–,–,–,–,–,8,–,–,–,–,–,–,–,–,16,–,4.56,0.824,–,–,–,–,–,–,–,–,–,0.998,–,–,–,–,–,–,–,–,–,–,–,–,–,–,–,–,–,–
14th,–,2L,2L8X8X1/2X3/8,–,–,–,–,–,–,15.7,8,–,–,–,–,–,–,–,52.8,–,–,–,–,–,97.6,30.2,16.7,2.49,2.17,0.49,185,37,22.6,3.43,–,–,–,–,–,–,–,–,–,–,–,–,–,–,–,–,–,–,–,–,0.5,–,–,–,–,–,–,–,–,–,–,–,–,–,–,–,–,–,–,–,–,–,–,–,–,–,–,–,–,–,–,–,–,–,–,–,–,–,–,–,–,–,8,–,–,–,–,–,–,–,–,16,–,4.65,0.831,–,–,–,–,–,–,–,–,–,0.912,–,–,–,–,–,–,–,–,–,–,–,–,–,–,–,–,–,–
14th,–,2L,2L8X8X1/2X3/4,–,–,–,–,–,–,15.7,8,–,–,–,–,–,–,–,52.8,–,–,–,–,–,97.6,30.2,16.7,2.49,2.17,0.49,199,39.9,23.8,3.56,–,–,–,–,–,–,–,–,–,–,–,–,–,–,–,–,–,–,–,–,0.5,–,–,–,–,–,–,–,–,–,–,–,–,–,–,–,–,–,–,–,–,–,–,–,–,–,–,–,–,–,–,–,–,–,–,–,–,–,–,–,–,–,8,–,–,–,–,–,–,–,–,16,–,4.75,0.837,–,–,–,–,–,–,–,–,–,0.912,–,–,–,–,–,–,–,–,–,–,–,–,–,–,–,–,–,–
14th,–,2L,2L6X6X1,–,–,–,–,–,–,22,6,–,–,–,–,–,–,–,74.8,–,–,–,–,–,70.8,30.8,17.1,1.79,1.86,0.917,146,40.9,24.3,2.58,–,–,–,–,–,–,–,–,–,–,–,–,–,–,–,–,–,–,–,–,1,–,–,–,–,–,–,–,–,–,–,–,–,–,–,–,–,–,–,–,–,–,–,–,–,–,–,–,–,–,–,–,–,–,–,–,–,–,–,–,–,–,6,–,–,–,–,–,–,–,–,6,–,3.42,0.843,–,–,–,–,–,–,–,–,–,1,–,–,–,–,–,–,–,–,–,–,–,–,–,–,–,–,–,–
14th,–,2L,2L6X6X1X3/8,–,–,–,–,–,–,22,6,–,–,–,–,–,–,–,74.8,–,–,–,–,–,70.8,30.8,17.1,1.79,1.86,0.917,163,45,26.3,2.72,–,–,–,–,–,–,–,–,–,–,–,–,–,–,–,–,–,–,–,–,1,–,–,–,–,–,–,–,–,–,–,–,–,–,–,–,–,–,–,–,–,–,–,–,–,–,–,–,–,–,–,–,–,–,–,–,–,–,–,–,–,–,6,–,–,–,–,–,–,–,–,6,–,3.53,0.852,–,–,–,–,–,–,–,–,–,1,–,–,–,–,–,–,–,–,–,–,–,–,–,–,–,–,–,–
14th,–,2L,2L6X6X1X3/4,–,–,–,–,–,–,22,6,–,–,–,–,–,–,–,74.8,–,–,–,–,–,70.8,30.8,17.1,1.79,1.86,0.917,180,49.2,28.2,2.86,–,–,–,–,–,–,–,–,–,–,–,–,–,–,–,–,–,–,–,–,1,–,–,–,–,–,–,–,–,–,–,–,–,–,–,–,–,–,–,–,–,–,–,–,–,–,–,–,–,–,–,–,–,–,–,–,–,–,–,–,–,–,6,–,–,–,–,–,–,–,–,6,–,3.64,0.861,–,–,–,–,–,–,–,–,–,1,–,–,–,–,–,–,–,–,–,–,–,–,–,–,–,–,–,–
14th,–,2L,2L6X6X7/8,–,–,–,–,–,–,19.5,6,–,–,–,–,–,–,–,66.2,–,–,–,–,–,63.8,27.4,15.2,1.81,1.81,0.813,128,35.3,21.3,2.56,–,–,–,–,–,–,–,–,–,–,–,–,–,–,–,–,–,–,–,–,0.875,–,–,–,–,–,–,–,–,–,–,–,–,–,–,–,–,–,–,–,–,–,–,–,–,–,–,–,–,–,–,–,–,–,–,–,–,–,–,–,–,–,6,–,–,–,–,–,–,–,–,6.86,–,3.42,0.839,–,–,–,–,–,–,–,–,–,1,–,–,–,–,–,–,–,–,–,–,–,–,–,–,–,–,–,–
14th,–,2L,2L6X6X7/8X3/8,–,–,–,–,–,–,19.5,6,–,–,–,–,–,–,–,66.2,–,–,–,–,–,63.8,27.4,15.2,1.81,1.81,0.813,142,39,22.9,2.7,–,–,–,–,–,–,–,–,–,–,–,–,–,–,–,–,–,–,–,–,0.875,–,–,–,–,–,–,–,–,–,–,–,–,–,–,–,–,–,–,–,–,–,–,–,–,–,–,–,–,–,–,–,–,–,–,–,–,–,–,–,–,–,6,–,–,–,–,–,–,–,–,6.86,–,3.53,0.848,–,–,–,–,–,–,–,–,–,1,–,–,–,–,–,–,–,–,–,–,–,–,–,–,–,–,–,–
14th,–,2L,2L6X6X7/8X3/4,–,–,–,–,–,–,19.5,6,–,–,–,–,–,–,–,66.2,–,–,–,–,–,63.8,27.4,15.2,1.81,1.81,0.813,157,42.6,24.6,2.84,–,–,–,–,–,–,–,–,–,–,–,–,–,–,–,–,–,–,–,–,0.875,–,–,–,–,–,–,–,–,–,–,–,–,–,–,–,–,–,–,–,–,–,–,–,–,–,–,–,–,–,–,–,–,–,–,–,–,–,–,–,–,–,6,–,–,–,–,–,–,–,–,6.86,–,3.63,0.857,–,–,–,–,–,–,–,–,–,1,–,–,–,–,–,–,–,–,–,–,–,–,–,–,–,–,–,–
14th,–,2L,2L6X6X3/4,–,–,–,–,–,–,16.9,6,–,–,–,–,–,–,–,57.4,–,–,–,–,–,56.2,23.8,13.3,1.82,1.77,0.705,109,29.9,18.2,2.54,–,–,–,–,–,–,–,–,–,–,–,–,–,–,–,–,–,–,–,–,0.75,–,–,–,–,–,–,–,–,–,–,–,–,–,–,–,–,–,–,–,–,–,–,–,–,–,–,–,–,–,–,–,–,–,–,–,–,–,–,–,–,–,6,–,–,–,–,–,–,–,–,8,–,3.42,0.835,–,–,–,–,–,–,–,–,–,1,–,–,–,–,–,–,–,–,–,–,–,–,–,–,–,–,–,–
14th,–,2L,2L6X6X3/4X3/8,–,–,–,–,–,–,16.9,6,–,–,–,–,–,–,–,57.4,–,–,–,–,–,56.2,23.8,13.3,1.82,1.77,0.705,120,33.1,19.4,2.67,–,–,–,–,–,–,–,–,–,–,–,–,–,–,–,–,–,–,–,–,0.75,–,–,–,–,–,–,–,–,–,–,–,–,–,–,–,–,–,–,–,–,–,–,–,–,–,–,–,–,–,–,–,–,–,–,–,–,–,–,–,–,–,6,–,–,–,–,–,–,–,–,8,–,3.52,0.844,–,–,–,–,–,–,–,–,–,1,–,–,–,–,–,–,–,–,–,–,–,–,–,–,–,–,–,–
14th,–,2L,2L6X6X3/4X3/4,–,–,–,–,–,–,16.9,6,–,–,–,–,–,–,–,57.4,–,–,–,–,–,56.2,23.8,13.3,1.82,1.77,0.705,133,36.3,20.9,2.81,–,–,–,–,–,–,–,–,–,–,–,–,–,–,–,–,–,–,–,–,0.75,–,–,–,–,–,–,–,–,–,–,–,–,–,–,–,–,–,–,–,–,–,–,–,–,–,–,–,–,–,–,–,–,–,–,–,–,–,–,–,–,–,6,–,–,–,–,–,–,–,–,8,–,3.63,0.853,–,–,–,–,–,–,–,–,–,1,–,–,–,–,–,–,–,–,–,–,–,–,–,–,–,–,–,–
14th,–,2L,2L6X6X5/8,–,–,–,–,–,–,14.3,6,–,–,–,–,–,–,–,48.4,–,–,–,–,–,48.2,20.2,11.3,1.84,1.72,0.594,90.8,24.5,15.1,2.52,–,–,–,–,–,–,–,–,–,–,–,–,–,–,–,–,–,–,–,–,0.625,–,–,–,–,–,–,–,–,–,–,–,–,–,–,–,–,–,–,–,–,–,–,–,–,–,–,–,–,–,–,–,–,–,–,–,–,–,–,–,–,–,6,–,–,–,–,–,–,–,–,9.6,–,3.42,0.831,–,–,–,–,–,–,–,–,–,1,–,–,–,–,–,–,–,–,–,–,–,–,–,–,–,–,–,–
14th,–,2L,2L6X6X5/8X3/8,–,–,–,–,–,–,14.3,6,–,–,–,–,–,–,–,48.4,–,–,–,–,–,48.2,20.2,11.3,1.84,1.72,0.594,100,27.2,16.2,2.65,–,–,–,–,–,–,–,–,–,–,–,–,–,–,–,–,–,–,–,–,0.625,–,–,–,–,–,–,–,–,–,–,–,–,–,–,–,–,–,–,–,–,–,–,–,–,–,–,–,–,–,–,–,–,–,–,–,–,–,–,–,–,–,6,–,–,–,–,–,–,–,–,9.6,–,3.52,0.84,–,–,–,–,–,–,–,–,–,1,–,–,–,–,–,–,–,–,–,–,–,–,–,–,–,–,–,–
14th,–,2L,2L6X6X5/8X3/4,–,–,–,–,–,–,14.3,6,–,–,–,–,–,–,–,48.4,–,–,–,–,–,48.2,20.2,11.3,1.84,1.72,0.594,111,29.9,17.4,2.79,–,–,–,–,–,–,–,–,–,–,–,–,–,–,–,–,–,–,–,–,0.625,–,–,–,–,–,–,–,–,–,–,–,–,–,–,–,–,–,–,–,–,–,–,–,–,–,–,–,–,–,–,–,–,–,–,–,–,–,–,–,–,–,6,–,–,–,–,–,–,–,–,9.6,–,3.62,0.849,–,–,–,–,–,–,–,–,–,1,–,–,–,–,–,–,–,–,–,–,–,–,–,–,–,–,–,–
14th,–,2L,2L6X6X9/16,–,–,–,–,–,–,12.9,6,–,–,–,–,–,–,–,43.8,–,–,–,–,–,44,18.4,10.2,1.85,1.7,0.538,81.3,21.9,13.6,2.51,–,–,–,–,–,–,–,–,–,–,–,–,–,–,–,–,–,–,–,–,0.563,–,–,–,–,–,–,–,–,–,–,–,–,–,–,–,–,–,–,–,–,–,–,–,–,–,–,–,–,–,–,–,–,–,–,–,–,–,–,–,–,–,6,–,–,–,–,–,–,–,–,10.7,–,3.42,0.829,–,–,–,–,–,–,–,–,–,1,–,–,–,–,–,–,–,–,–,–,–,–,–,–,–,–,–,–
14th,–,2L,2L6X6X9/16X3/8,–,–,–,–,–,–,12.9,6,–,–,–,–,–,–,–,43.8,–,–,–,–,–,44,18.4,10.2,1.85,1.7,0.538,89.9,24.3,14.5,2.64,–,–,–,–,–,–,–,–,–,–,–,–,–,–,–,–,–,–,–,–,0.563,–,–,–,–,–,–,–,–,–,–,–,–,–,–,–,–,–,–,–,–,–,–,–,–,–,–,–,–,–,–,–,–,–,–,–,–,–,–,–,–,–,6,–,–,–,–,–,–,–,–,10.7,–,3.52,0.838,–,–,–,–,–,–,–,–,–,1,–,–,–,–,–,–,–,–,–,–,–,–,–,–,–,–,–,–
14th,–,2L,2L6X6X9/16X3/4,–,–,–,–,–,–,12.9,6,–,–,–,–,–,–,–,43.8,–,–,–,–,–,44,18.4,10.2,1.85,1.7,0.538,99.7,26.8,15.6,2.78,–,–,–,–,–,–,–,–,–,–,–,–,–,–,–,–,–,–,–,–,0.563,–,–,–,–,–,–,–,–,–,–,–,–,–,–,–,–,–,–,–,–,–,–,–,–,–,–,–,–,–,–,–,–,–,–,–,–,–,–,–,–,–,6,–,–,–,–,–,–,–,–,10.7,–,3.62,0.847,–,–,–,–,–,–,–,–,–,1,–,–,–,–,–,–,–,–,–,–,–,–,–,–,–,–,–,–
14th,–,2L,2L6X6X1/2,–,–,–,–,–,–,11.5,6,–,–,–,–,–,–,–,39.2,–,–,–,–,–,39.8,16.4,9.18,1.86,1.67,0.481,71.9,19.3,12,2.5,–,–,–,–,–,–,–,–,–,–,–,–,–,–,–,–,–,–,–,–,0.5,–,–,–,–,–,–,–,–,–,–,–,–,–,–,–,–,–,–,–,–,–,–,–,–,–,–,–,–,–,–,–,–,–,–,–,–,–,–,–,–,–,6,–,–,–,–,–,–,–,–,12,–,3.42,0.827,–,–,–,–,–,–,–,–,–,1,–,–,–,–,–,–,–,–,–,–,–,–,–,–,–,–,–,–
14th,–,2L,2L6X6X1/2X3/8,–,–,–,–,–,–,11.5,6,–,–,–,–,–,–,–,39.2,–,–,–,–,–,39.8,16.4,9.18,1.86,1.67,0.481,79.5,21.4,12.8,2.63,–,–,–,–,–,–,–,–,–,–,–,–,–,–,–,–,–,–,–,–,0.5,–,–,–,–,–,–,–,–,–,–,–,–,–,–,–,–,–,–,–,–,–,–,–,–,–,–,–,–,–,–,–,–,–,–,–,–,–,–,–,–,–,6,–,–,–,–,–,–,–,–,12,–,3.52,0.836,–,–,–,–,–,–,–,–,–,1,–,–,–,–,–,–,–,–,–,–,–,–,–,–,–,–,–,–
14th,–,2L,2L6X6X1/2X3/4,–,–,–,–,–,–,11.5,6,–,–,–,–,–,–,–,39.2,–,–,–,–,–,39.8,16.4,9.18,1.86,1.67,0.481,87.6,23.6,13.7,2.76,–,–,–,–,–,–,–,–,–,–,–,–,–,–,–,–,–,–,–,–,0.5,–,–,–,–,–,–,–,–,–,–,–,–,–,–,–,–,–,–,–,–,–,–,–,–,–,–,–,–,–,–,–,–,–,–,–,–,–,–,–,–,–,6,–,–,–,–,–,–,–,–,12,–,3.62,0.846,–,–,–,–,–,–,–,–,–,1,–,–,–,–,–,–,–,–,–,–,–,–,–,–,–,–,–,–
14th,–,2L,2L6X6X7/16,–,–,–,–,–,–,10.2,6,–,–,–,–,–,–,–,34.4,–,–,–,–,–,35.2,14.5,8.12,1.86,1.65,0.423,63.2,16.8,10.5,2.49,–,–,–,–,–,–,–,–,–,–,–,–,–,–,–,–,–,–,–,–,0.438,–,–,–,–,–,–,–,–,–,–,–,–,–,–,–,–,–,–,–,–,–,–,–,–,–,–,–,–,–,–,–,–,–,–,–,–,–,–,–,–,–,6,–,–,–,–,–,–,–,–,13.7,–,3.42,0.826,–,–,–,–,–,–,–,–,–,1,–,–,–,–,–,–,–,–,–,–,–,–,–,–,–,–,–,–
14th,–,2L,2L6X6X7/16X3/8,–,–,–,–,–,–,10.2,6,–,–,–,–,–,–,–,34.4,–,–,–,–,–,35.2,14.5,8.12,1.86,1.65,0.423,70,18.7,11.3,2.62,–,–,–,–,–,–,–,–,–,–,–,–,–,–,–,–,–,–,–,–,0.438,–,–,–,–,–,–,–,–,–,–,–,–,–,–,–,–,–,–,–,–,–,–,–,–,–,–,–,–,–,–,–,–,–,–,–,–,–,–,–,–,–,6,–,–,–,–,–,–,–,–,13.7,–,3.52,0.835,–,–,–,–,–,–,–,–,–,0.973,–,–,–,–,–,–,–,–,–,–,–,–,–,–,–,–,–,–
14th,–,2L,2L6X6X7/16X3/4,–,–,–,–,–,–,10.2,6,–,–,–,–,–,–,–,34.4,–,–,–,–,–,35.2,14.5,8.12,1.86,1.65,0.423,77.1,20.6,12.1,2.75,–,–,–,–,–,–,–,–,–,–,–,–,–,–,–,–,–,–,–,–,0.438,–,–,–,–,–,–,–,–,–,–,–,–,–,–,–,–,–,–,–,–,–,–,–,–,–,–,–,–,–,–,–,–,–,–,–,–,–,–,–,–,–,6,–,–,–,–,–,–,–,–,13.7,–,3.62,0.844,–,–,–,–,–,–,–,–,–,0.973,–,–,–,–,–,–,–,–,–,–,–,–,–,–,–,–,–,–
14th,–,2L,2L6X6X3/8,–,–,–,–,–,–,8.76,6,–,–,–,–,–,–,–,29.8,–,–,–,–,–,30.8,12.5,7.02,1.87,1.62,0.365,53.9,14.2,8.98,2.48,–,–,–,–,–,–,–,–,–,–,–,–,–,–,–,–,–,–,–,–,0.375,–,–,–,–,–,–,–,–,–,–,–,–,–,–,–,–,–,–,–,–,–,–,–,–,–,–,–,–,–,–,–,–,–,–,–,–,–,–,–,–,–,6,–,–,–,–,–,–,–,–,16,–,3.42,0.824,–,–,–,–,–,–,–,–,–,0.998,–,–,–,–,–,–,–,–,–,–,–,–,–,–,–,–,–,–
14th,–,2L,2L6X6X3/8X3/8,–,–,–,–,–,–,8.76,6,–,–,–,–,–,–,–,29.8,–,–,–,–,–,30.8,12.5,7.02,1.87,1.62,0.365,59.2,15.8,9.57,2.6,–,–,–,–,–,–,–,–,–,–,–,–,–,–,–,–,–,–,–,–,0.375,–,–,–,–,–,–,–,–,–,–,–,–,–,–,–,–,–,–,–,–,–,–,–,–,–,–,–,–,–,–,–,–,–,–,–,–,–,–,–,–,–,6,–,–,–,–,–,–,–,–,16,–,3.51,0.833,–,–,–,–,–,–,–,–,–,0.912,–,–,–,–,–,–,–,–,–,–,–,–,–,–,–,–,–,–
14th,–,2L,2L6X6X3/8X3/4,–,–,–,–,–,–,8.76,6,–,–,–,–,–,–,–,29.8,–,–,–,–,–,30.8,12.5,7.02,1.87,1.62,0.365,65.8,17.5,10.3,2.74,–,–,–,–,–,–,–,–,–,–,–,–,–,–,–,–,–,–,–,–,0.375,–,–,–,–,–,–,–,–,–,–,–,–,–,–,–,–,–,–,–,–,–,–,–,–,–,–,–,–,–,–,–,–,–,–,–,–,–,–,–,–,–,6,–,–,–,–,–,–,–,–,16,–,3.61,0.842,–,–,–,–,–,–,–,–,–,0.912,–,–,–,–,–,–,–,–,–,–,–,–,–,–,–,–,–,–
14th,–,2L,2L6X6X5/16,–,–,–,–,–,–,7.34,6,–,–,–,–,–,–,–,24.8,–,–,–,–,–,26,10.5,5.9,1.88,1.6,0.306,44.8,11.7,7.47,2.47,–,–,–,–,–,–,–,–,–,–,–,–,–,–,–,–,–,–,–,–,0.313,–,–,–,–,–,–,–,–,–,–,–,–,–,–,–,–,–,–,–,–,–,–,–,–,–,–,–,–,–,–,–,–,–,–,–,–,–,–,–,–,–,6,–,–,–,–,–,–,–,–,19.2,–,3.42,0.823,–,–,–,–,–,–,–,–,–,0.914,–,–,–,–,–,–,–,–,–,–,–,–,–,–,–,–,–,–
14th,–,2L,2L6X6X5/16X3/8,–,–,–,–,–,–,7.34,6,–,–,–,–,–,–,–,24.8,–,–,–,–,–,26,10.5,5.9,1.88,1.6,0.306,49.2,13.1,7.95,2.59,–,–,–,–,–,–,–,–,–,–,–,–,–,–,–,–,–,–,–,–,0.313,–,–,–,–,–,–,–,–,–,–,–,–,–,–,–,–,–,–,–,–,–,–,–,–,–,–,–,–,–,–,–,–,–,–,–,–,–,–,–,–,–,6,–,–,–,–,–,–,–,–,19.2,–,3.51,0.832,–,–,–,–,–,–,–,–,–,0.826,–,–,–,–,–,–,–,–,–,–,–,–,–,–,–,–,–,–
14th,–,2L,2L6X6X5/16X3/4,–,–,–,–,–,–,7.34,6,–,–,–,–,–,–,–,24.8,–,–,–,–,–,26,10.5,5.9,1.88,1.6,0.306,54.3,14.5,8.52,2.72,–,–,–,–,–,–,–,–,–,–,–,–,–,–,–,–,–,–,–,–,0.313,–,–,–,–,–,–,–,–,–,–,–,–,–,–,–,–,–,–,–,–,–,–,–,–,–,–,–,–,–,–,–,–,–,–,–,–,–,–,–,–,–,6,–,–,–,–,–,–,–,–,19.2,–,3.61,0.841,–,–,–,–,–,–,–,–,–,0.826,–,–,–,–,–,–,–,–,–,–,–,–,–,–,–,–,–,–
14th,–,2L,2L5X5X7/8,–,–,–,–,–,–,16,5,–,–,–,–,–,–,–,54.4,–,–,–,–,–,35.6,18.6,10.3,1.49,1.56,0.8,74.6,25,14.9,2.16,–,–,–,–,–,–,–,–,–,–,–,–,–,–,–,–,–,–,–,–,0.875,–,–,–,–,–,–,–,–,–,–,–,–,–,–,–,–,–,–,–,–,–,–,–,–,–,–,–,–,–,–,–,–,–,–,–,–,–,–,–,–,–,5,–,–,–,–,–,–,–,–,5.71,–,2.85,0.845,–,–,–,–,–,–,–,–,–,1,–,–,–,–,–,–,–,–,–,–,–,–,–,–,–,–,–,–
14th,–,2L,2L5X5X7/8X3/8,–,–,–,–,–,–,16,5,–,–,–,–,–,–,–,54.4,–,–,–,–,–,35.6,18.6,10.3,1.49,1.56,0.8,84.6,28,16.3,2.3,–,–,–,–,–,–,–,–,–,–,–,–,–,–,–,–,–,–,–,–,0.875,–,–,–,–,–,–,–,–,–,–,–,–,–,–,–,–,–,–,–,–,–,–,–,–,–,–,–,–,–,–,–,–,–,–,–,–,–,–,–,–,–,5,–,–,–,–,–,–,–,–,5.71,–,2.96,0.856,–,–,–,–,–,–,–,–,–,1,–,–,–,–,–,–,–,–,–,–,–,–,–,–,–,–,–,–
14th,–,2L,2L5X5X7/8X3/4,–,–,–,–,–,–,16,5,–,–,–,–,–,–,–,54.4,–,–,–,–,–,35.6,18.6,10.3,1.49,1.56,0.8,95.3,31,17.7,2.44,–,–,–,–,–,–,–,–,–,–,–,–,–,–,–,–,–,–,–,–,0.875,–,–,–,–,–,–,–,–,–,–,–,–,–,–,–,–,–,–,–,–,–,–,–,–,–,–,–,–,–,–,–,–,–,–,–,–,–,–,–,–,–,5,–,–,–,–,–,–,–,–,5.71,–,3.07,0.866,–,–,–,–,–,–,–,–,–,1,–,–,–,–,–,–,–,–,–,–,–,–,–,–,–,–,–,–
14th,–,2L,2L5X5X3/4,–,–,–,–,–,–,14,5,–,–,–,–,–,–,–,47.2,–,–,–,–,–,31.4,16.3,9.04,1.5,1.52,0.698,63.5,21.2,12.7,2.13,–,–,–,–,–,–,–,–,–,–,–,–,–,–,–,–,–,–,–,–,0.75,–,–,–,–,–,–,–,–,–,–,–,–,–,–,–,–,–,–,–,–,–,–,–,–,–,–,–,–,–,–,–,–,–,–,–,–,–,–,–,–,–,5,–,–,–,–,–,–,–,–,6.67,–,2.85,0.84,–,–,–,–,–,–,–,–,–,1,–,–,–,–,–,–,–,–,–,–,–,–,–,–,–,–,–,–
14th,–,2L,2L5X5X3/4X3/8,–,–,–,–,–,–,14,5,–,–,–,–,–,–,–,47.2,–,–,–,–,–,31.4,16.3,9.04,1.5,1.52,0.698,72.1,23.8,13.9,2.27,–,–,–,–,–,–,–,–,–,–,–,–,–,–,–,–,–,–,–,–,0.75,–,–,–,–,–,–,–,–,–,–,–,–,–,–,–,–,–,–,–,–,–,–,–,–,–,–,–,–,–,–,–,–,–,–,–,–,–,–,–,–,–,5,–,–,–,–,–,–,–,–,6.67,–,2.95,0.851,–,–,–,–,–,–,–,–,–,1,–,–,–,–,–,–,–,–,–,–,–,–,–,–,–,–,–,–
14th,–,2L,2L5X5X3/4X3/4,–,–,–,–,–,–,14,5,–,–,–,–,–,–,–,47.2,–,–,–,–,–,31.4,16.3,9.04,1.5,1.52,0.698,81.3,26.5,15.1,2.41,–,–,–,–,–,–,–,–,–,–,–,–,–,–,–,–,–,–,–,–,0.75,–,–,–,–,–,–,–,–,–,–,–,–,–,–,–,–,–,–,–,–,–,–,–,–,–,–,–,–,–,–,–,–,–,–,–,–,–,–,–,–,–,5,–,–,–,–,–,–,–,–,6.67,–,3.06,0.861,–,–,–,–,–,–,–,–,–,1,–,–,–,–,–,–,–,–,–,–,–,–,–,–,–,–,–,–
14th,–,2L,2L5X5X5/8,–,–,–,–,–,–,11.8,5,–,–,–,–,–,–,–,40,–,–,–,–,–,27.2,13.9,7.7,1.52,1.47,0.59,52.5,17.3,10.5,2.11,–,–,–,–,–,–,–,–,–,–,–,–,–,–,–,–,–,–,–,–,0.625,–,–,–,–,–,–,–,–,–,–,–,–,–,–,–,–,–,–,–,–,–,–,–,–,–,–,–,–,–,–,–,–,–,–,–,–,–,–,–,–,–,5,–,–,–,–,–,–,–,–,8,–,2.85,0.835,–,–,–,–,–,–,–,–,–,1,–,–,–,–,–,–,–,–,–,–,–,–,–,–,–,–,–,–
14th,–,2L,2L5X5X5/8X3/8,–,–,–,–,–,–,11.8,5,–,–,–,–,–,–,–,40,–,–,–,–,–,27.2,13.9,7.7,1.52,1.47,0.59,59.7,19.6,11.5,2.25,–,–,–,–,–,–,–,–,–,–,–,–,–,–,–,–,–,–,–,–,0.625,–,–,–,–,–,–,–,–,–,–,–,–,–,–,–,–,–,–,–,–,–,–,–,–,–,–,–,–,–,–,–,–,–,–,–,–,–,–,–,–,–,5,–,–,–,–,–,–,–,–,8,–,2.95,0.846,–,–,–,–,–,–,–,–,–,1,–,–,–,–,–,–,–,–,–,–,–,–,–,–,–,–,–,–
14th,–,2L,2L5X5X5/8X3/4,–,–,–,–,–,–,11.8,5,–,–,–,–,–,–,–,40,–,–,–,–,–,27.2,13.9,7.7,1.52,1.47,0.59,67.4,21.8,12.5,2.39,–,–,–,–,–,–,–,–,–,–,–,–,–,–,–,–,–,–,–,–,0.625,–,–,–,–,–,–,–,–,–,–,–,–,–,–,–,–,–,–,–,–,–,–,–,–,–,–,–,–,–,–,–,–,–,–,–,–,–,–,–,–,–,5,–,–,–,–,–,–,–,–,8,–,3.06,0.857,–,–,–,–,–,–,–,–,–,1,–,–,–,–,–,–,–,–,–,–,–,–,–,–,–,–,–,–
14th,–,2L,2L5X5X1/2,–,–,–,–,–,–,9.58,5,–,–,–,–,–,–,–,32.4,–,–,–,–,–,22.6,11.3,6.3,1.53,1.42,0.479,41.8,13.6,8.36,2.09,–,–,–,–,–,–,–,–,–,–,–,–,–,–,–,–,–,–,–,–,0.5,–,–,–,–,–,–,–,–,–,–,–,–,–,–,–,–,–,–,–,–,–,–,–,–,–,–,–,–,–,–,–,–,–,–,–,–,–,–,–,–,–,5,–,–,–,–,–,–,–,–,10,–,2.85,0.83,–,–,–,–,–,–,–,–,–,1,–,–,–,–,–,–,–,–,–,–,–,–,–,–,–,–,–,–
14th,–,2L,2L5X5X1/2X3/8,–,–,–,–,–,–,9.58,5,–,–,–,–,–,–,–,32.4,–,–,–,–,–,22.6,11.3,6.3,1.53,1.42,0.479,47.2,15.4,9.1,2.22,–,–,–,–,–,–,–,–,–,–,–,–,–,–,–,–,–,–,–,–,0.5,–,–,–,–,–,–,–,–,–,–,–,–,–,–,–,–,–,–,–,–,–,–,–,–,–,–,–,–,–,–,–,–,–,–,–,–,–,–,–,–,–,5,–,–,–,–,–,–,–,–,10,–,2.94,0.842,–,–,–,–,–,–,–,–,–,1,–,–,–,–,–,–,–,–,–,–,–,–,–,–,–,–,–,–
14th,–,2L,2L5X5X1/2X3/4,–,–,–,–,–,–,9.58,5,–,–,–,–,–,–,–,32.4,–,–,–,–,–,22.6,11.3,6.3,1.53,1.42,0.479,53.4,17.2,9.93,2.36,–,–,–,–,–,–,–,–,–,–,–,–,–,–,–,–,–,–,–,–,0.5,–,–,–,–,–,–,–,–,–,–,–,–,–,–,–,–,–,–,–,–,–,–,–,–,–,–,–,–,–,–,–,–,–,–,–,–,–,–,–,–,–,5,–,–,–,–,–,–,–,–,10,–,3.05,0.852,–,–,–,–,–,–,–,–,–,1,–,–,–,–,–,–,–,–,–,–,–,–,–,–,–,–,–,–
14th,–,2L,2L5X5X7/16,–,–,–,–,–,–,8.44,5,–,–,–,–,–,–,–,28.6,–,–,–,–,–,20,10,5.56,1.54,1.4,0.422,36.5,11.8,7.3,2.08,–,–,–,–,–,–,–,–,–,–,–,–,–,–,–,–,–,–,–,–,0.438,–,–,–,–,–,–,–,–,–,–,–,–,–,–,–,–,–,–,–,–,–,–,–,–,–,–,–,–,–,–,–,–,–,–,–,–,–,–,–,–,–,5,–,–,–,–,–,–,–,–,11.4,–,2.85,0.828,–,–,–,–,–,–,–,–,–,1,–,–,–,–,–,–,–,–,–,–,–,–,–,–,–,–,–,–
14th,–,2L,2L5X5X7/16X3/8,–,–,–,–,–,–,8.44,5,–,–,–,–,–,–,–,28.6,–,–,–,–,–,20,10,5.56,1.54,1.4,0.422,41.2,13.4,7.94,2.21,–,–,–,–,–,–,–,–,–,–,–,–,–,–,–,–,–,–,–,–,0.438,–,–,–,–,–,–,–,–,–,–,–,–,–,–,–,–,–,–,–,–,–,–,–,–,–,–,–,–,–,–,–,–,–,–,–,–,–,–,–,–,–,5,–,–,–,–,–,–,–,–,11.4,–,2.94,0.839,–,–,–,–,–,–,–,–,–,1,–,–,–,–,–,–,–,–,–,–,–,–,–,–,–,–,–,–
14th,–,2L,2L5X5X7/16X3/4,–,–,–,–,–,–,8.44,5,–,–,–,–,–,–,–,28.6,–,–,–,–,–,20,10,5.56,1.54,1.4,0.422,46.6,15,8.67,2.35,–,–,–,–,–,–,–,–,–,–,–,–,–,–,–,–,–,–,–,–,0.438,–,–,–,–,–,–,–,–,–,–,–,–,–,–,–,–,–,–,–,–,–,–,–,–,–,–,–,–,–,–,–,–,–,–,–,–,–,–,–,–,–,5,–,–,–,–,–,–,–,–,11.4,–,3.05,0.85,–,–,–,–,–,–,–,–,–,1,–,–,–,–,–,–,–,–,–,–,–,–,–,–,–,–,–,–
14th,–,2L,2L5X5X3/8,–,–,–,–,–,–,7.3,5,–,–,–,–,–,–,–,24.6,–,–,–,–,–,17.5,8.66,4.82,1.55,1.37,0.365,31.3,10,6.26,2.07,–,–,–,–,–,–,–,–,–,–,–,–,–,–,–,–,–,–,–,–,0.375,–,–,–,–,–,–,–,–,–,–,–,–,–,–,–,–,–,–,–,–,–,–,–,–,–,–,–,–,–,–,–,–,–,–,–,–,–,–,–,–,–,5,–,–,–,–,–,–,–,–,13.3,–,2.84,0.826,–,–,–,–,–,–,–,–,–,1,–,–,–,–,–,–,–,–,–,–,–,–,–,–,–,–,–,–
14th,–,2L,2L5X5X3/8X3/8,–,–,–,–,–,–,7.3,5,–,–,–,–,–,–,–,24.6,–,–,–,–,–,17.5,8.66,4.82,1.55,1.37,0.365,35.3,11.4,6.8,2.2,–,–,–,–,–,–,–,–,–,–,–,–,–,–,–,–,–,–,–,–,0.375,–,–,–,–,–,–,–,–,–,–,–,–,–,–,–,–,–,–,–,–,–,–,–,–,–,–,–,–,–,–,–,–,–,–,–,–,–,–,–,–,–,5,–,–,–,–,–,–,–,–,13.3,–,2.94,0.838,–,–,–,–,–,–,–,–,–,0.983,–,–,–,–,–,–,–,–,–,–,–,–,–,–,–,–,–,–
14th,–,2L,2L5X5X3/8X3/4,–,–,–,–,–,–,7.3,5,–,–,–,–,–,–,–,24.6,–,–,–,–,–,17.5,8.66,4.82,1.55,1.37,0.365,40,12.7,7.44,2.34,–,–,–,–,–,–,–,–,–,–,–,–,–,–,–,–,–,–,–,–,0.375,–,–,–,–,–,–,–,–,–,–,–,–,–,–,–,–,–,–,–,–,–,–,–,–,–,–,–,–,–,–,–,–,–,–,–,–,–,–,–,–,–,5,–,–,–,–,–,–,–,–,13.3,–,3.04,0.848,–,–,–,–,–,–,–,–,–,0.983,–,–,–,–,–,–,–,–,–,–,–,–,–,–,–,–,–,–
14th,–,2L,2L5X5X5/16,–,–,–,–,–,–,6.14,5,–,–,–,–,–,–,–,20.6,–,–,–,–,–,14.9,7.3,4.08,1.56,1.35,0.307,26.1,8.29,5.22,2.06,–,–,–,–,–,–,–,–,–,–,–,–,–,–,–,–,–,–,–,–,0.313,–,–,–,–,–,–,–,–,–,–,–,–,–,–,–,–,–,–,–,–,–,–,–,–,–,–,–,–,–,–,–,–,–,–,–,–,–,–,–,–,–,5,–,–,–,–,–,–,–,–,16,–,2.84,0.825,–,–,–,–,–,–,–,–,–,0.998,–,–,–,–,–,–,–,–,–,–,–,–,–,–,–,–,–,–
14th,–,2L,2L5X5X5/16X3/8,–,–,–,–,–,–,6.14,5,–,–,–,–,–,–,–,20.6,–,–,–,–,–,14.9,7.3,4.08,1.56,1.35,0.307,29.4,9.44,5.67,2.19,–,–,–,–,–,–,–,–,–,–,–,–,–,–,–,–,–,–,–,–,0.313,–,–,–,–,–,–,–,–,–,–,–,–,–,–,–,–,–,–,–,–,–,–,–,–,–,–,–,–,–,–,–,–,–,–,–,–,–,–,–,–,–,5,–,–,–,–,–,–,–,–,16,–,2.94,0.836,–,–,–,–,–,–,–,–,–,0.912,–,–,–,–,–,–,–,–,–,–,–,–,–,–,–,–,–,–
14th,–,2L,2L5X5X5/16X3/4,–,–,–,–,–,–,6.14,5,–,–,–,–,–,–,–,20.6,–,–,–,–,–,14.9,7.3,4.08,1.56,1.35,0.307,33,10.6,6.14,2.32,–,–,–,–,–,–,–,–,–,–,–,–,–,–,–,–,–,–,–,–,0.313,–,–,–,–,–,–,–,–,–,–,–,–,–,–,–,–,–,–,–,–,–,–,–,–,–,–,–,–,–,–,–,–,–,–,–,–,–,–,–,–,–,5,–,–,–,–,–,–,–,–,16,–,3.04,0.847,–,–,–,–,–,–,–,–,–,0.912,–,–,–,–,–,–,–,–,–,–,–,–,–,–,–,–,–,–
14th,–,2L,2L4X4X3/4,–,–,–,–,–,–,10.9,4,–,–,–,–,–,–,–,37,–,–,–,–,–,15.2,10,5.58,1.18,1.27,0.68,32.6,13.8,8.15,1.73,–,–,–,–,–,–,–,–,–,–,–,–,–,–,–,–,–,–,–,–,0.75,–,–,–,–,–,–,–,–,–,–,–,–,–,–,–,–,–,–,–,–,–,–,–,–,–,–,–,–,–,–,–,–,–,–,–,–,–,–,–,–,–,4,–,–,–,–,–,–,–,–,5.33,–,2.28,0.847,–,–,–,–,–,–,–,–,–,1,–,–,–,–,–,–,–,–,–,–,–,–,–,–,–,–,–,–
14th,–,2L,2L4X4X3/4X3/8,–,–,–,–,–,–,10.9,4,–,–,–,–,–,–,–,37,–,–,–,–,–,15.2,10,5.58,1.18,1.27,0.68,38.5,15.9,9.19,1.88,–,–,–,–,–,–,–,–,–,–,–,–,–,–,–,–,–,–,–,–,0.75,–,–,–,–,–,–,–,–,–,–,–,–,–,–,–,–,–,–,–,–,–,–,–,–,–,–,–,–,–,–,–,–,–,–,–,–,–,–,–,–,–,4,–,–,–,–,–,–,–,–,5.33,–,2.39,0.861,–,–,–,–,–,–,–,–,–,1,–,–,–,–,–,–,–,–,–,–,–,–,–,–,–,–,–,–
14th,–,2L,2L4X4X3/4X3/4,–,–,–,–,–,–,10.9,4,–,–,–,–,–,–,–,37,–,–,–,–,–,15.2,10,5.58,1.18,1.27,0.68,44.9,17.9,10.3,2.03,–,–,–,–,–,–,–,–,–,–,–,–,–,–,–,–,–,–,–,–,0.75,–,–,–,–,–,–,–,–,–,–,–,–,–,–,–,–,–,–,–,–,–,–,–,–,–,–,–,–,–,–,–,–,–,–,–,–,–,–,–,–,–,4,–,–,–,–,–,–,–,–,5.33,–,2.51,0.874,–,–,–,–,–,–,–,–,–,1,–,–,–,–,–,–,–,–,–,–,–,–,–,–,–,–,–,–
14th,–,2L,2L4X4X5/8,–,–,–,–,–,–,9.22,4,–,–,–,–,–,–,–,31.4,–,–,–,–,–,13.2,8.56,4.76,1.2,1.22,0.576,27,11.2,6.75,1.71,–,–,–,–,–,–,–,–,–,–,–,–,–,–,–,–,–,–,–,–,0.625,–,–,–,–,–,–,–,–,–,–,–,–,–,–,–,–,–,–,–,–,–,–,–,–,–,–,–,–,–,–,–,–,–,–,–,–,–,–,–,–,–,4,–,–,–,–,–,–,–,–,6.4,–,2.28,0.841,–,–,–,–,–,–,–,–,–,1,–,–,–,–,–,–,–,–,–,–,–,–,–,–,–,–,–,–
14th,–,2L,2L4X4X5/8X3/8,–,–,–,–,–,–,9.22,4,–,–,–,–,–,–,–,31.4,–,–,–,–,–,13.2,8.56,4.76,1.2,1.22,0.576,31.6,13,7.55,1.85,–,–,–,–,–,–,–,–,–,–,–,–,–,–,–,–,–,–,–,–,0.625,–,–,–,–,–,–,–,–,–,–,–,–,–,–,–,–,–,–,–,–,–,–,–,–,–,–,–,–,–,–,–,–,–,–,–,–,–,–,–,–,–,4,–,–,–,–,–,–,–,–,6.4,–,2.39,0.854,–,–,–,–,–,–,–,–,–,1,–,–,–,–,–,–,–,–,–,–,–,–,–,–,–,–,–,–
14th,–,2L,2L4X4X5/8X3/4,–,–,–,–,–,–,9.22,4,–,–,–,–,–,–,–,31.4,–,–,–,–,–,13.2,8.56,4.76,1.2,1.22,0.576,36.9,14.7,8.43,2,–,–,–,–,–,–,–,–,–,–,–,–,–,–,–,–,–,–,–,–,0.625,–,–,–,–,–,–,–,–,–,–,–,–,–,–,–,–,–,–,–,–,–,–,–,–,–,–,–,–,–,–,–,–,–,–,–,–,–,–,–,–,–,4,–,–,–,–,–,–,–,–,6.4,–,2.5,0.868,–,–,–,–,–,–,–,–,–,1,–,–,–,–,–,–,–,–,–,–,–,–,–,–,–,–,–,–
14th,–,2L,2L4X4X1/2,–,–,–,–,–,–,7.5,4,–,–,–,–,–,–,–,25.6,–,–,–,–,–,11,7,3.92,1.21,1.18,0.469,21.4,8.85,5.35,1.69,–,–,–,–,–,–,–,–,–,–,–,–,–,–,–,–,–,–,–,–,0.5,–,–,–,–,–,–,–,–,–,–,–,–,–,–,–,–,–,–,–,–,–,–,–,–,–,–,–,–,–,–,–,–,–,–,–,–,–,–,–,–,–,4,–,–,–,–,–,–,–,–,8,–,2.28,0.834,–,–,–,–,–,–,–,–,–,1,–,–,–,–,–,–,–,–,–,–,–,–,–,–,–,–,–,–
14th,–,2L,2L4X4X1/2X3/8,–,–,–,–,–,–,7.5,4,–,–,–,–,–,–,–,25.6,–,–,–,–,–,11,7,3.92,1.21,1.18,0.469,25.1,10.3,5.99,1.83,–,–,–,–,–,–,–,–,–,–,–,–,–,–,–,–,–,–,–,–,0.5,–,–,–,–,–,–,–,–,–,–,–,–,–,–,–,–,–,–,–,–,–,–,–,–,–,–,–,–,–,–,–,–,–,–,–,–,–,–,–,–,–,4,–,–,–,–,–,–,–,–,8,–,2.38,0.848,–,–,–,–,–,–,–,–,–,1,–,–,–,–,–,–,–,–,–,–,–,–,–,–,–,–,–,–
14th,–,2L,2L4X4X1/2X3/4,–,–,–,–,–,–,7.5,4,–,–,–,–,–,–,–,25.6,–,–,–,–,–,11,7,3.92,1.21,1.18,0.469,29.1,11.7,6.65,1.97,–,–,–,–,–,–,–,–,–,–,–,–,–,–,–,–,–,–,–,–,0.5,–,–,–,–,–,–,–,–,–,–,–,–,–,–,–,–,–,–,–,–,–,–,–,–,–,–,–,–,–,–,–,–,–,–,–,–,–,–,–,–,–,4,–,–,–,–,–,–,–,–,8,–,2.49,0.862,–,–,–,–,–,–,–,–,–,1,–,–,–,–,–,–,–,–,–,–,–,–,–,–,–,–,–,–
14th,–,2L,2L4X4X7/16,–,–,–,–,–,–,6.6,4,–,–,–,–,–,–,–,22.6,–,–,–,–,–,9.86,6.2,3.46,1.22,1.15,0.413,18.6,7.59,4.65,1.68,–,–,–,–,–,–,–,–,–,–,–,–,–,–,–,–,–,–,–,–,0.438,–,–,–,–,–,–,–,–,–,–,–,–,–,–,–,–,–,–,–,–,–,–,–,–,–,–,–,–,–,–,–,–,–,–,–,–,–,–,–,–,–,4,–,–,–,–,–,–,–,–,9.13,–,2.28,0.832,–,–,–,–,–,–,–,–,–,1,–,–,–,–,–,–,–,–,–,–,–,–,–,–,–,–,–,–
14th,–,2L,2L4X4X7/16X3/8,–,–,–,–,–,–,6.6,4,–,–,–,–,–,–,–,22.6,–,–,–,–,–,9.86,6.2,3.46,1.22,1.15,0.413,21.6,8.83,5.16,1.81,–,–,–,–,–,–,–,–,–,–,–,–,–,–,–,–,–,–,–,–,0.438,–,–,–,–,–,–,–,–,–,–,–,–,–,–,–,–,–,–,–,–,–,–,–,–,–,–,–,–,–,–,–,–,–,–,–,–,–,–,–,–,–,4,–,–,–,–,–,–,–,–,9.13,–,2.38,0.846,–,–,–,–,–,–,–,–,–,1,–,–,–,–,–,–,–,–,–,–,–,–,–,–,–,–,–,–
14th,–,2L,2L4X4X7/16X3/4,–,–,–,–,–,–,6.6,4,–,–,–,–,–,–,–,22.6,–,–,–,–,–,9.86,6.2,3.46,1.22,1.15,0.413,25.4,10.1,5.81,1.96,–,–,–,–,–,–,–,–,–,–,–,–,–,–,–,–,–,–,–,–,0.438,–,–,–,–,–,–,–,–,–,–,–,–,–,–,–,–,–,–,–,–,–,–,–,–,–,–,–,–,–,–,–,–,–,–,–,–,–,–,–,–,–,4,–,–,–,–,–,–,–,–,9.13,–,2.49,0.859,–,–,–,–,–,–,–,–,–,1,–,–,–,–,–,–,–,–,–,–,–,–,–,–,–,–,–,–
14th,–,2L,2L4X4X3/8,–,–,–,–,–,–,5.72,4,–,–,–,–,–,–,–,19.6,–,–,–,–,–,8.64,5.38,3,1.23,1.13,0.358,16,6.46,4,1.67,–,–,–,–,–,–,–,–,–,–,–,–,–,–,–,–,–,–,–,–,0.375,–,–,–,–,–,–,–,–,–,–,–,–,–,–,–,–,–,–,–,–,–,–,–,–,–,–,–,–,–,–,–,–,–,–,–,–,–,–,–,–,–,4,–,–,–,–,–,–,–,–,10.7,–,2.28,0.829,–,–,–,–,–,–,–,–,–,1,–,–,–,–,–,–,–,–,–,–,–,–,–,–,–,–,–,–
14th,–,2L,2L4X4X3/8X3/8,–,–,–,–,–,–,5.72,4,–,–,–,–,–,–,–,19.6,–,–,–,–,–,8.64,5.38,3,1.23,1.13,0.358,18.5,7.54,4.42,1.8,–,–,–,–,–,–,–,–,–,–,–,–,–,–,–,–,–,–,–,–,0.375,–,–,–,–,–,–,–,–,–,–,–,–,–,–,–,–,–,–,–,–,–,–,–,–,–,–,–,–,–,–,–,–,–,–,–,–,–,–,–,–,–,4,–,–,–,–,–,–,–,–,10.7,–,2.38,0.843,–,–,–,–,–,–,–,–,–,1,–,–,–,–,–,–,–,–,–,–,–,–,–,–,–,–,–,–
14th,–,2L,2L4X4X3/8X3/4,–,–,–,–,–,–,5.72,4,–,–,–,–,–,–,–,19.6,–,–,–,–,–,8.64,5.38,3,1.23,1.13,0.358,21.5,8.61,4.91,1.94,–,–,–,–,–,–,–,–,–,–,–,–,–,–,–,–,–,–,–,–,0.375,–,–,–,–,–,–,–,–,–,–,–,–,–,–,–,–,–,–,–,–,–,–,–,–,–,–,–,–,–,–,–,–,–,–,–,–,–,–,–,–,–,4,–,–,–,–,–,–,–,–,10.7,–,2.49,0.856,–,–,–,–,–,–,–,–,–,1,–,–,–,–,–,–,–,–,–,–,–,–,–,–,–,–,–,–
14th,–,2L,2L4X4X5/16,–,–,–,–,–,–,4.8,4,–,–,–,–,–,–,–,16.4,–,–,–,–,–,7.34,4.52,2.54,1.24,1.11,0.3,13.2,5.33,3.3,1.66,–,–,–,–,–,–,–,–,–,–,–,–,–,–,–,–,–,–,–,–,0.313,–,–,–,–,–,–,–,–,–,–,–,–,–,–,–,–,–,–,–,–,–,–,–,–,–,–,–,–,–,–,–,–,–,–,–,–,–,–,–,–,–,4,–,–,–,–,–,–,–,–,12.8,–,2.28,0.826,–,–,–,–,–,–,–,–,–,1,–,–,–,–,–,–,–,–,–,–,–,–,–,–,–,–,–,–
14th,–,2L,2L4X4X5/16X3/8,–,–,–,–,–,–,4.8,4,–,–,–,–,–,–,–,16.4,–,–,–,–,–,7.34,4.52,2.54,1.24,1.11,0.3,15.4,6.23,3.68,1.79,–,–,–,–,–,–,–,–,–,–,–,–,–,–,–,–,–,–,–,–,0.313,–,–,–,–,–,–,–,–,–,–,–,–,–,–,–,–,–,–,–,–,–,–,–,–,–,–,–,–,–,–,–,–,–,–,–,–,–,–,–,–,–,4,–,–,–,–,–,–,–,–,12.8,–,2.37,0.84,–,–,–,–,–,–,–,–,–,0.997,–,–,–,–,–,–,–,–,–,–,–,–,–,–,–,–,–,–
14th,–,2L,2L4X4X5/16X3/4,–,–,–,–,–,–,4.8,4,–,–,–,–,–,–,–,16.4,–,–,–,–,–,7.34,4.52,2.54,1.24,1.11,0.3,17.9,7.13,4.09,1.93,–,–,–,–,–,–,–,–,–,–,–,–,–,–,–,–,–,–,–,–,0.313,–,–,–,–,–,–,–,–,–,–,–,–,–,–,–,–,–,–,–,–,–,–,–,–,–,–,–,–,–,–,–,–,–,–,–,–,–,–,–,–,–,4,–,–,–,–,–,–,–,–,12.8,–,2.48,0.854,–,–,–,–,–,–,–,–,–,0.997,–,–,–,–,–,–,–,–,–,–,–,–,–,–,–,–,–,–
14th,–,2L,2L4X4X1/4,–,–,–,–,–,–,3.86,4,–,–,–,–,–,–,–,13.2,–,–,–,–,–,6,3.64,2.06,1.25,1.08,0.241,10.5,4.17,2.62,1.65,–,–,–,–,–,–,–,–,–,–,–,–,–,–,–,–,–,–,–,–,0.25,–,–,–,–,–,–,–,–,–,–,–,–,–,–,–,–,–,–,–,–,–,–,–,–,–,–,–,–,–,–,–,–,–,–,–,–,–,–,–,–,–,4,–,–,–,–,–,–,–,–,16,–,2.28,0.824,–,–,–,–,–,–,–,–,–,0.998,–,–,–,–,–,–,–,–,–,–,–,–,–,–,–,–,–,–
14th,–,2L,2L4X4X1/4X3/8,–,–,–,–,–,–,3.86,4,–,–,–,–,–,–,–,13.2,–,–,–,–,–,6,3.64,2.06,1.25,1.08,0.241,12.2,4.89,2.91,1.78,–,–,–,–,–,–,–,–,–,–,–,–,–,–,–,–,–,–,–,–,0.25,–,–,–,–,–,–,–,–,–,–,–,–,–,–,–,–,–,–,–,–,–,–,–,–,–,–,–,–,–,–,–,–,–,–,–,–,–,–,–,–,–,4,–,–,–,–,–,–,–,–,16,–,2.37,0.838,–,–,–,–,–,–,–,–,–,0.912,–,–,–,–,–,–,–,–,–,–,–,–,–,–,–,–,–,–
14th,–,2L,2L4X4X1/4X3/4,–,–,–,–,–,–,3.86,4,–,–,–,–,–,–,–,13.2,–,–,–,–,–,6,3.64,2.06,1.25,1.08,0.241,14.1,5.62,3.22,1.91,–,–,–,–,–,–,–,–,–,–,–,–,–,–,–,–,–,–,–,–,0.25,–,–,–,–,–,–,–,–,–,–,–,–,–,–,–,–,–,–,–,–,–,–,–,–,–,–,–,–,–,–,–,–,–,–,–,–,–,–,–,–,–,4,–,–,–,–,–,–,–,–,16,–,2.48,0.851,–,–,–,–,–,–,–,–,–,0.912,–,–,–,–,–,–,–,–,–,–,–,–,–,–,–,–,–,–
14th,–,2L,2L3-1/2X3-1/2X1/2,–,–,–,–,–,–,6.5,3.5,–,–,–,–,–,–,–,22.2,–,–,–,–,–,7.26,5.32,2.96,1.05,1.05,0.464,14.4,6.82,4.11,1.49,–,–,–,–,–,–,–,–,–,–,–,–,–,–,–,–,–,–,–,–,0.5,–,–,–,–,–,–,–,–,–,–,–,–,–,–,–,–,–,–,–,–,–,–,–,–,–,–,–,–,–,–,–,–,–,–,–,–,–,–,–,–,–,3.5,–,–,–,–,–,–,–,–,7,–,1.99,0.838,–,–,–,–,–,–,–,–,–,1,–,–,–,–,–,–,–,–,–,–,–,–,–,–,–,–,–,–
14th,–,2L,2L3-1/2X3-1/2X1/2X3/8,–,–,–,–,–,–,6.5,3.5,–,–,–,–,–,–,–,22.2,–,–,–,–,–,7.26,5.32,2.96,1.05,1.05,0.464,17.3,8.04,4.69,1.63,–,–,–,–,–,–,–,–,–,–,–,–,–,–,–,–,–,–,–,–,0.5,–,–,–,–,–,–,–,–,–,–,–,–,–,–,–,–,–,–,–,–,–,–,–,–,–,–,–,–,–,–,–,–,–,–,–,–,–,–,–,–,–,3.5,–,–,–,–,–,–,–,–,7,–,2.1,0.854,–,–,–,–,–,–,–,–,–,1,–,–,–,–,–,–,–,–,–,–,–,–,–,–,–,–,–,–
14th,–,2L,2L3-1/2X3-1/2X1/2X3/4,–,–,–,–,–,–,6.5,3.5,–,–,–,–,–,–,–,22.2,–,–,–,–,–,7.26,5.32,2.96,1.05,1.05,0.464,20.4,9.26,5.26,1.77,–,–,–,–,–,–,–,–,–,–,–,–,–,–,–,–,–,–,–,–,0.5,–,–,–,–,–,–,–,–,–,–,–,–,–,–,–,–,–,–,–,–,–,–,–,–,–,–,–,–,–,–,–,–,–,–,–,–,–,–,–,–,–,3.5,–,–,–,–,–,–,–,–,7,–,2.21,0.869,–,–,–,–,–,–,–,–,–,1,–,–,–,–,–,–,–,–,–,–,–,–,–,–,–,–,–,–
14th,–,2L,2L3-1/2X3-1/2X7/16,–,–,–,–,–,–,5.78,3.5,–,–,–,–,–,–,–,19.6,–,–,–,–,–,6.5,4.72,2.64,1.06,1.03,0.413,12.7,5.95,3.63,1.48,–,–,–,–,–,–,–,–,–,–,–,–,–,–,–,–,–,–,–,–,0.438,–,–,–,–,–,–,–,–,–,–,–,–,–,–,–,–,–,–,–,–,–,–,–,–,–,–,–,–,–,–,–,–,–,–,–,–,–,–,–,–,–,3.5,–,–,–,–,–,–,–,–,7.99,–,1.99,0.835,–,–,–,–,–,–,–,–,–,1,–,–,–,–,–,–,–,–,–,–,–,–,–,–,–,–,–,–
14th,–,2L,2L3-1/2X3-1/2X7/16X3/8,–,–,–,–,–,–,5.78,3.5,–,–,–,–,–,–,–,19.6,–,–,–,–,–,6.5,4.72,2.64,1.06,1.03,0.413,15,7.04,4.07,1.61,–,–,–,–,–,–,–,–,–,–,–,–,–,–,–,–,–,–,–,–,0.438,–,–,–,–,–,–,–,–,–,–,–,–,–,–,–,–,–,–,–,–,–,–,–,–,–,–,–,–,–,–,–,–,–,–,–,–,–,–,–,–,–,3.5,–,–,–,–,–,–,–,–,7.99,–,2.09,0.851,–,–,–,–,–,–,–,–,–,1,–,–,–,–,–,–,–,–,–,–,–,–,–,–,–,–,–,–
14th,–,2L,2L3-1/2X3-1/2X7/16X3/4,–,–,–,–,–,–,5.78,3.5,–,–,–,–,–,–,–,19.6,–,–,–,–,–,6.5,4.72,2.64,1.06,1.03,0.413,17.9,8.12,4.62,1.76,–,–,–,–,–,–,–,–,–,–,–,–,–,–,–,–,–,–,–,–,0.438,–,–,–,–,–,–,–,–,–,–,–,–,–,–,–,–,–,–,–,–,–,–,–,–,–,–,–,–,–,–,–,–,–,–,–,–,–,–,–,–,–,3.5,–,–,–,–,–,–,–,–,7.99,–,2.21,0.866,–,–,–,–,–,–,–,–,–,1,–,–,–,–,–,–,–,–,–,–,–,–,–,–,–,–,–,–
14th,–,2L,2L3-1/2X3-1/2X3/8,–,–,–,–,–,–,5,3.5,–,–,–,–,–,–,–,17,–,–,–,–,–,5.72,4.12,2.3,1.07,1,0.357,10.8,5,3.09,1.47,–,–,–,–,–,–,–,–,–,–,–,–,–,–,–,–,–,–,–,–,0.375,–,–,–,–,–,–,–,–,–,–,–,–,–,–,–,–,–,–,–,–,–,–,–,–,–,–,–,–,–,–,–,–,–,–,–,–,–,–,–,–,–,3.5,–,–,–,–,–,–,–,–,9.33,–,1.99,0.832,–,–,–,–,–,–,–,–,–,1,–,–,–,–,–,–,–,–,–,–,–,–,–,–,–,–,–,–
14th,–,2L,2L3-1/2X3-1/2X3/8X3/8,–,–,–,–,–,–,5,3.5,–,–,–,–,–,–,–,17,–,–,–,–,–,5.72,4.12,2.3,1.07,1,0.357,12.8,5.94,3.47,1.6,–,–,–,–,–,–,–,–,–,–,–,–,–,–,–,–,–,–,–,–,0.375,–,–,–,–,–,–,–,–,–,–,–,–,–,–,–,–,–,–,–,–,–,–,–,–,–,–,–,–,–,–,–,–,–,–,–,–,–,–,–,–,–,3.5,–,–,–,–,–,–,–,–,9.33,–,2.09,0.848,–,–,–,–,–,–,–,–,–,1,–,–,–,–,–,–,–,–,–,–,–,–,–,–,–,–,–,–
14th,–,2L,2L3-1/2X3-1/2X3/8X3/4,–,–,–,–,–,–,5,3.5,–,–,–,–,–,–,–,17,–,–,–,–,–,5.72,4.12,2.3,1.07,1,0.357,15.1,6.88,3.9,1.74,–,–,–,–,–,–,–,–,–,–,–,–,–,–,–,–,–,–,–,–,0.375,–,–,–,–,–,–,–,–,–,–,–,–,–,–,–,–,–,–,–,–,–,–,–,–,–,–,–,–,–,–,–,–,–,–,–,–,–,–,–,–,–,3.5,–,–,–,–,–,–,–,–,9.33,–,2.2,0.863,–,–,–,–,–,–,–,–,–,1,–,–,–,–,–,–,–,–,–,–,–,–,–,–,–,–,–,–
14th,–,2L,2L3-1/2X3-1/2X5/16,–,–,–,–,–,–,4.2,3.5,–,–,–,–,–,–,–,14.4,–,–,–,–,–,4.88,3.48,1.94,1.08,0.979,0.3,8.95,4.11,2.56,1.46,–,–,–,–,–,–,–,–,–,–,–,–,–,–,–,–,–,–,–,–,0.313,–,–,–,–,–,–,–,–,–,–,–,–,–,–,–,–,–,–,–,–,–,–,–,–,–,–,–,–,–,–,–,–,–,–,–,–,–,–,–,–,–,3.5,–,–,–,–,–,–,–,–,11.2,–,1.99,0.829,–,–,–,–,–,–,–,–,–,1,–,–,–,–,–,–,–,–,–,–,–,–,–,–,–,–,–,–
14th,–,2L,2L3-1/2X3-1/2X5/16X3/8,–,–,–,–,–,–,4.2,3.5,–,–,–,–,–,–,–,14.4,–,–,–,–,–,4.88,3.48,1.94,1.08,0.979,0.3,10.6,4.9,2.87,1.59,–,–,–,–,–,–,–,–,–,–,–,–,–,–,–,–,–,–,–,–,0.313,–,–,–,–,–,–,–,–,–,–,–,–,–,–,–,–,–,–,–,–,–,–,–,–,–,–,–,–,–,–,–,–,–,–,–,–,–,–,–,–,–,3.5,–,–,–,–,–,–,–,–,11.2,–,2.09,0.845,–,–,–,–,–,–,–,–,–,1,–,–,–,–,–,–,–,–,–,–,–,–,–,–,–,–,–,–
14th,–,2L,2L3-1/2X3-1/2X5/16X3/4,–,–,–,–,–,–,4.2,3.5,–,–,–,–,–,–,–,14.4,–,–,–,–,–,4.88,3.48,1.94,1.08,0.979,0.3,12.6,5.69,3.25,1.73,–,–,–,–,–,–,–,–,–,–,–,–,–,–,–,–,–,–,–,–,0.313,–,–,–,–,–,–,–,–,–,–,–,–,–,–,–,–,–,–,–,–,–,–,–,–,–,–,–,–,–,–,–,–,–,–,–,–,–,–,–,–,–,3.5,–,–,–,–,–,–,–,–,11.2,–,2.2,0.86,–,–,–,–,–,–,–,–,–,1,–,–,–,–,–,–,–,–,–,–,–,–,–,–,–,–,–,–
14th,–,2L,2L3-1/2X3-1/2X1/4,–,–,–,–,–,–,3.4,3.5,–,–,–,–,–,–,–,11.6,–,–,–,–,–,4,2.82,1.57,1.09,0.954,0.243,7.05,3.24,2.01,1.44,–,–,–,–,–,–,–,–,–,–,–,–,–,–,–,–,–,–,–,–,0.25,–,–,–,–,–,–,–,–,–,–,–,–,–,–,–,–,–,–,–,–,–,–,–,–,–,–,–,–,–,–,–,–,–,–,–,–,–,–,–,–,–,3.5,–,–,–,–,–,–,–,–,14,–,1.99,0.826,–,–,–,–,–,–,–,–,–,1,–,–,–,–,–,–,–,–,–,–,–,–,–,–,–,–,–,–
14th,–,2L,2L3-1/2X3-1/2X1/4X3/8,–,–,–,–,–,–,3.4,3.5,–,–,–,–,–,–,–,11.6,–,–,–,–,–,4,2.82,1.57,1.09,0.954,0.243,8.38,3.88,2.27,1.57,–,–,–,–,–,–,–,–,–,–,–,–,–,–,–,–,–,–,–,–,0.25,–,–,–,–,–,–,–,–,–,–,–,–,–,–,–,–,–,–,–,–,–,–,–,–,–,–,–,–,–,–,–,–,–,–,–,–,–,–,–,–,–,3.5,–,–,–,–,–,–,–,–,14,–,2.08,0.842,–,–,–,–,–,–,–,–,–,0.965,–,–,–,–,–,–,–,–,–,–,–,–,–,–,–,–,–,–
14th,–,2L,2L3-1/2X3-1/2X1/4X3/4,–,–,–,–,–,–,3.4,3.5,–,–,–,–,–,–,–,11.6,–,–,–,–,–,4,2.82,1.57,1.09,0.954,0.243,10.1,4.52,2.61,1.72,–,–,–,–,–,–,–,–,–,–,–,–,–,–,–,–,–,–,–,–,0.25,–,–,–,–,–,–,–,–,–,–,–,–,–,–,–,–,–,–,–,–,–,–,–,–,–,–,–,–,–,–,–,–,–,–,–,–,–,–,–,–,–,3.5,–,–,–,–,–,–,–,–,14,–,2.19,0.857,–,–,–,–,–,–,–,–,–,0.965,–,–,–,–,–,–,–,–,–,–,–,–,–,–,–,–,–,–
14th,–,2L,2L3X3X1/2,–,–,–,–,–,–,5.52,3,–,–,–,–,–,–,–,18.8,–,–,–,–,–,4.4,3.82,2.12,0.895,0.929,0.46,9.19,5.13,3.06,1.29,–,–,–,–,–,–,–,–,–,–,–,–,–,–,–,–,–,–,–,–,0.5,–,–,–,–,–,–,–,–,–,–,–,–,–,–,–,–,–,–,–,–,–,–,–,–,–,–,–,–,–,–,–,–,–,–,–,–,–,–,–,–,–,3,–,–,–,–,–,–,–,–,6,–,1.71,0.842,–,–,–,–,–,–,–,–,–,1,–,–,–,–,–,–,–,–,–,–,–,–,–,–,–,–,–,–
14th,–,2L,2L3X3X1/2X3/8,–,–,–,–,–,–,5.52,3,–,–,–,–,–,–,–,18.8,–,–,–,–,–,4.4,3.82,2.12,0.895,0.929,0.46,11.3,6.16,3.55,1.43,–,–,–,–,–,–,–,–,–,–,–,–,–,–,–,–,–,–,–,–,0.5,–,–,–,–,–,–,–,–,–,–,–,–,–,–,–,–,–,–,–,–,–,–,–,–,–,–,–,–,–,–,–,–,–,–,–,–,–,–,–,–,–,3,–,–,–,–,–,–,–,–,6,–,1.82,0.861,–,–,–,–,–,–,–,–,–,1,–,–,–,–,–,–,–,–,–,–,–,–,–,–,–,–,–,–
14th,–,2L,2L3X3X1/2X3/4,–,–,–,–,–,–,5.52,3,–,–,–,–,–,–,–,18.8,–,–,–,–,–,4.4,3.82,2.12,0.895,0.929,0.46,13.8,7.2,4.09,1.58,–,–,–,–,–,–,–,–,–,–,–,–,–,–,–,–,–,–,–,–,0.5,–,–,–,–,–,–,–,–,–,–,–,–,–,–,–,–,–,–,–,–,–,–,–,–,–,–,–,–,–,–,–,–,–,–,–,–,–,–,–,–,–,3,–,–,–,–,–,–,–,–,6,–,1.94,0.878,–,–,–,–,–,–,–,–,–,1,–,–,–,–,–,–,–,–,–,–,–,–,–,–,–,–,–,–
14th,–,2L,2L3X3X7/16,–,–,–,–,–,–,4.86,3,–,–,–,–,–,–,–,16.6,–,–,–,–,–,3.96,3.4,1.89,0.903,0.907,0.405,7.96,4.41,2.65,1.28,–,–,–,–,–,–,–,–,–,–,–,–,–,–,–,–,–,–,–,–,0.438,–,–,–,–,–,–,–,–,–,–,–,–,–,–,–,–,–,–,–,–,–,–,–,–,–,–,–,–,–,–,–,–,–,–,–,–,–,–,–,–,–,3,–,–,–,–,–,–,–,–,6.85,–,1.71,0.838,–,–,–,–,–,–,–,–,–,1,–,–,–,–,–,–,–,–,–,–,–,–,–,–,–,–,–,–
14th,–,2L,2L3X3X7/16X3/8,–,–,–,–,–,–,4.86,3,–,–,–,–,–,–,–,16.6,–,–,–,–,–,3.96,3.4,1.89,0.903,0.907,0.405,9.8,5.32,3.07,1.42,–,–,–,–,–,–,–,–,–,–,–,–,–,–,–,–,–,–,–,–,0.438,–,–,–,–,–,–,–,–,–,–,–,–,–,–,–,–,–,–,–,–,–,–,–,–,–,–,–,–,–,–,–,–,–,–,–,–,–,–,–,–,–,3,–,–,–,–,–,–,–,–,6.85,–,1.82,0.857,–,–,–,–,–,–,–,–,–,1,–,–,–,–,–,–,–,–,–,–,–,–,–,–,–,–,–,–
14th,–,2L,2L3X3X7/16X3/4,–,–,–,–,–,–,4.86,3,–,–,–,–,–,–,–,16.6,–,–,–,–,–,3.96,3.4,1.89,0.903,0.907,0.405,12,6.23,3.56,1.57,–,–,–,–,–,–,–,–,–,–,–,–,–,–,–,–,–,–,–,–,0.438,–,–,–,–,–,–,–,–,–,–,–,–,–,–,–,–,–,–,–,–,–,–,–,–,–,–,–,–,–,–,–,–,–,–,–,–,–,–,–,–,–,3,–,–,–,–,–,–,–,–,6.85,–,1.94,0.874,–,–,–,–,–,–,–,–,–,1,–,–,–,–,–,–,–,–,–,–,–,–,–,–,–,–,–,–
14th,–,2L,2L3X3X3/8,–,–,–,–,–,–,4.22,3,–,–,–,–,–,–,–,14.4,–,–,–,–,–,3.5,2.96,1.65,0.91,0.884,0.352,6.81,3.73,2.27,1.27,–,–,–,–,–,–,–,–,–,–,–,–,–,–,–,–,–,–,–,–,0.375,–,–,–,–,–,–,–,–,–,–,–,–,–,–,–,–,–,–,–,–,–,–,–,–,–,–,–,–,–,–,–,–,–,–,–,–,–,–,–,–,–,3,–,–,–,–,–,–,–,–,8,–,1.71,0.834,–,–,–,–,–,–,–,–,–,1,–,–,–,–,–,–,–,–,–,–,–,–,–,–,–,–,–,–
14th,–,2L,2L3X3X3/8X3/8,–,–,–,–,–,–,4.22,3,–,–,–,–,–,–,–,14.4,–,–,–,–,–,3.5,2.96,1.65,0.91,0.884,0.352,8.39,4.52,2.63,1.41,–,–,–,–,–,–,–,–,–,–,–,–,–,–,–,–,–,–,–,–,0.375,–,–,–,–,–,–,–,–,–,–,–,–,–,–,–,–,–,–,–,–,–,–,–,–,–,–,–,–,–,–,–,–,–,–,–,–,–,–,–,–,–,3,–,–,–,–,–,–,–,–,8,–,1.81,0.853,–,–,–,–,–,–,–,–,–,1,–,–,–,–,–,–,–,–,–,–,–,–,–,–,–,–,–,–
14th,–,2L,2L3X3X3/8X3/4,–,–,–,–,–,–,4.22,3,–,–,–,–,–,–,–,14.4,–,–,–,–,–,3.5,2.96,1.65,0.91,0.884,0.352,10.1,5.31,2.99,1.55,–,–,–,–,–,–,–,–,–,–,–,–,–,–,–,–,–,–,–,–,0.375,–,–,–,–,–,–,–,–,–,–,–,–,–,–,–,–,–,–,–,–,–,–,–,–,–,–,–,–,–,–,–,–,–,–,–,–,–,–,–,–,–,3,–,–,–,–,–,–,–,–,8,–,1.93,0.87,–,–,–,–,–,–,–,–,–,1,–,–,–,–,–,–,–,–,–,–,–,–,–,–,–,–,–,–
14th,–,2L,2L3X3X5/16,–,–,–,–,–,–,3.56,3,–,–,–,–,–,–,–,12.2,–,–,–,–,–,3,2.52,1.4,0.918,0.86,0.297,5.65,3.06,1.88,1.26,–,–,–,–,–,–,–,–,–,–,–,–,–,–,–,–,–,–,–,–,0.313,–,–,–,–,–,–,–,–,–,–,–,–,–,–,–,–,–,–,–,–,–,–,–,–,–,–,–,–,–,–,–,–,–,–,–,–,–,–,–,–,–,3,–,–,–,–,–,–,–,–,9.58,–,1.71,0.83,–,–,–,–,–,–,–,–,–,1,–,–,–,–,–,–,–,–,–,–,–,–,–,–,–,–,–,–
14th,–,2L,2L3X3X5/16X3/8,–,–,–,–,–,–,3.56,3,–,–,–,–,–,–,–,12.2,–,–,–,–,–,3,2.52,1.4,0.918,0.86,0.297,6.88,3.73,2.16,1.39,–,–,–,–,–,–,–,–,–,–,–,–,–,–,–,–,–,–,–,–,0.313,–,–,–,–,–,–,–,–,–,–,–,–,–,–,–,–,–,–,–,–,–,–,–,–,–,–,–,–,–,–,–,–,–,–,–,–,–,–,–,–,–,3,–,–,–,–,–,–,–,–,9.58,–,1.81,0.849,–,–,–,–,–,–,–,–,–,1,–,–,–,–,–,–,–,–,–,–,–,–,–,–,–,–,–,–
14th,–,2L,2L3X3X5/16X3/4,–,–,–,–,–,–,3.56,3,–,–,–,–,–,–,–,12.2,–,–,–,–,–,3,2.52,1.4,0.918,0.86,0.297,8.44,4.4,2.5,1.54,–,–,–,–,–,–,–,–,–,–,–,–,–,–,–,–,–,–,–,–,0.313,–,–,–,–,–,–,–,–,–,–,–,–,–,–,–,–,–,–,–,–,–,–,–,–,–,–,–,–,–,–,–,–,–,–,–,–,–,–,–,–,–,3,–,–,–,–,–,–,–,–,9.58,–,1.93,0.866,–,–,–,–,–,–,–,–,–,1,–,–,–,–,–,–,–,–,–,–,–,–,–,–,–,–,–,–
14th,–,2L,2L3X3X1/4,–,–,–,–,–,–,2.88,3,–,–,–,–,–,–,–,9.8,–,–,–,–,–,2.46,2.04,1.14,0.926,0.836,0.24,4.5,2.41,1.5,1.25,–,–,–,–,–,–,–,–,–,–,–,–,–,–,–,–,–,–,–,–,0.25,–,–,–,–,–,–,–,–,–,–,–,–,–,–,–,–,–,–,–,–,–,–,–,–,–,–,–,–,–,–,–,–,–,–,–,–,–,–,–,–,–,3,–,–,–,–,–,–,–,–,12,–,1.71,0.827,–,–,–,–,–,–,–,–,–,1,–,–,–,–,–,–,–,–,–,–,–,–,–,–,–,–,–,–
14th,–,2L,2L3X3X1/4X3/8,–,–,–,–,–,–,2.88,3,–,–,–,–,–,–,–,9.8,–,–,–,–,–,2.46,2.04,1.14,0.926,0.836,0.24,5.48,2.95,1.72,1.38,–,–,–,–,–,–,–,–,–,–,–,–,–,–,–,–,–,–,–,–,0.25,–,–,–,–,–,–,–,–,–,–,–,–,–,–,–,–,–,–,–,–,–,–,–,–,–,–,–,–,–,–,–,–,–,–,–,–,–,–,–,–,–,3,–,–,–,–,–,–,–,–,12,–,1.81,0.845,–,–,–,–,–,–,–,–,–,1,–,–,–,–,–,–,–,–,–,–,–,–,–,–,–,–,–,–
14th,–,2L,2L3X3X1/4X3/4,–,–,–,–,–,–,2.88,3,–,–,–,–,–,–,–,9.8,–,–,–,–,–,2.46,2.04,1.14,0.926,0.836,0.24,6.65,3.49,1.97,1.52,–,–,–,–,–,–,–,–,–,–,–,–,–,–,–,–,–,–,–,–,0.25,–,–,–,–,–,–,–,–,–,–,–,–,–,–,–,–,–,–,–,–,–,–,–,–,–,–,–,–,–,–,–,–,–,–,–,–,–,–,–,–,–,3,–,–,–,–,–,–,–,–,12,–,1.92,0.863,–,–,–,–,–,–,–,–,–,1,–,–,–,–,–,–,–,–,–,–,–,–,–,–,–,–,–,–
14th,–,2L,2L3X3X3/16,–,–,–,–,–,–,2.18,3,–,–,–,–,–,–,–,7.42,–,–,–,–,–,1.9,1.55,0.866,0.933,0.812,0.182,3.35,1.77,1.12,1.24,–,–,–,–,–,–,–,–,–,–,–,–,–,–,–,–,–,–,–,–,0.188,–,–,–,–,–,–,–,–,–,–,–,–,–,–,–,–,–,–,–,–,–,–,–,–,–,–,–,–,–,–,–,–,–,–,–,–,–,–,–,–,–,3,–,–,–,–,–,–,–,–,16,–,1.71,0.823,–,–,–,–,–,–,–,–,–,0.998,–,–,–,–,–,–,–,–,–,–,–,–,–,–,–,–,–,–
14th,–,2L,2L3X3X3/16X3/8,–,–,–,–,–,–,2.18,3,–,–,–,–,–,–,–,7.42,–,–,–,–,–,1.9,1.55,0.866,0.933,0.812,0.182,4.09,2.18,1.28,1.37,–,–,–,–,–,–,–,–,–,–,–,–,–,–,–,–,–,–,–,–,0.188,–,–,–,–,–,–,–,–,–,–,–,–,–,–,–,–,–,–,–,–,–,–,–,–,–,–,–,–,–,–,–,–,–,–,–,–,–,–,–,–,–,3,–,–,–,–,–,–,–,–,16,–,1.8,0.842,–,–,–,–,–,–,–,–,–,0.912,–,–,–,–,–,–,–,–,–,–,–,–,–,–,–,–,–,–
14th,–,2L,2L3X3X3/16X3/4,–,–,–,–,–,–,2.18,3,–,–,–,–,–,–,–,7.42,–,–,–,–,–,1.9,1.55,0.866,0.933,0.812,0.182,4.97,2.59,1.47,1.51,–,–,–,–,–,–,–,–,–,–,–,–,–,–,–,–,–,–,–,–,0.188,–,–,–,–,–,–,–,–,–,–,–,–,–,–,–,–,–,–,–,–,–,–,–,–,–,–,–,–,–,–,–,–,–,–,–,–,–,–,–,–,–,3,–,–,–,–,–,–,–,–,16,–,1.91,0.859,–,–,–,–,–,–,–,–,–,0.912,–,–,–,–,–,–,–,–,–,–,–,–,–,–,–,–,–,–
14th,–,2L,2L2-1/2X2-1/2X1/2,–,–,–,–,–,–,4.52,2.5,–,–,–,–,–,–,–,15.4,–,–,–,–,–,2.44,2.58,1.43,0.735,0.803,0.452,5.37,3.63,2.15,1.09,–,–,–,–,–,–,–,–,–,–,–,–,–,–,–,–,–,–,–,–,0.5,–,–,–,–,–,–,–,–,–,–,–,–,–,–,–,–,–,–,–,–,–,–,–,–,–,–,–,–,–,–,–,–,–,–,–,–,–,–,–,–,–,2.5,–,–,–,–,–,–,–,–,5,–,1.43,0.85,–,–,–,–,–,–,–,–,–,1,–,–,–,–,–,–,–,–,–,–,–,–,–,–,–,–,–,–
14th,–,2L,2L2-1/2X2-1/2X1/2X3/8,–,–,–,–,–,–,4.52,2.5,–,–,–,–,–,–,–,15.4,–,–,–,–,–,2.44,2.58,1.43,0.735,0.803,0.452,6.84,4.48,2.55,1.23,–,–,–,–,–,–,–,–,–,–,–,–,–,–,–,–,–,–,–,–,0.5,–,–,–,–,–,–,–,–,–,–,–,–,–,–,–,–,–,–,–,–,–,–,–,–,–,–,–,–,–,–,–,–,–,–,–,–,–,–,–,–,–,2.5,–,–,–,–,–,–,–,–,5,–,1.54,0.871,–,–,–,–,–,–,–,–,–,1,–,–,–,–,–,–,–,–,–,–,–,–,–,–,–,–,–,–
14th,–,2L,2L2-1/2X2-1/2X1/2X3/4,–,–,–,–,–,–,4.52,2.5,–,–,–,–,–,–,–,15.4,–,–,–,–,–,2.44,2.58,1.43,0.735,0.803,0.452,8.73,5.32,3.04,1.39,–,–,–,–,–,–,–,–,–,–,–,–,–,–,–,–,–,–,–,–,0.5,–,–,–,–,–,–,–,–,–,–,–,–,–,–,–,–,–,–,–,–,–,–,–,–,–,–,–,–,–,–,–,–,–,–,–,–,–,–,–,–,–,2.5,–,–,–,–,–,–,–,–,5,–,1.67,0.89,–,–,–,–,–,–,–,–,–,1,–,–,–,–,–,–,–,–,–,–,–,–,–,–,–,–,–,–
14th,–,2L,2L2-1/2X2-1/2X3/8,–,–,–,–,–,–,3.46,2.5,–,–,–,–,–,–,–,11.8,–,–,–,–,–,1.94,2.02,1.12,0.749,0.758,0.346,3.96,2.62,1.58,1.07,–,–,–,–,–,–,–,–,–,–,–,–,–,–,–,–,–,–,–,–,0.375,–,–,–,–,–,–,–,–,–,–,–,–,–,–,–,–,–,–,–,–,–,–,–,–,–,–,–,–,–,–,–,–,–,–,–,–,–,–,–,–,–,2.5,–,–,–,–,–,–,–,–,6.67,–,1.42,0.839,–,–,–,–,–,–,–,–,–,1,–,–,–,–,–,–,–,–,–,–,–,–,–,–,–,–,–,–
14th,–,2L,2L2-1/2X2-1/2X3/8X3/8,–,–,–,–,–,–,3.46,2.5,–,–,–,–,–,–,–,11.8,–,–,–,–,–,1.94,2.02,1.12,0.749,0.758,0.346,5.07,3.27,1.89,1.21,–,–,–,–,–,–,–,–,–,–,–,–,–,–,–,–,–,–,–,–,0.375,–,–,–,–,–,–,–,–,–,–,–,–,–,–,–,–,–,–,–,–,–,–,–,–,–,–,–,–,–,–,–,–,–,–,–,–,–,–,–,–,–,2.5,–,–,–,–,–,–,–,–,6.67,–,1.53,0.861,–,–,–,–,–,–,–,–,–,1,–,–,–,–,–,–,–,–,–,–,–,–,–,–,–,–,–,–
14th,–,2L,2L2-1/2X2-1/2X3/8X3/4,–,–,–,–,–,–,3.46,2.5,–,–,–,–,–,–,–,11.8,–,–,–,–,–,1.94,2.02,1.12,0.749,0.758,0.346,6.4,3.92,2.23,1.36,–,–,–,–,–,–,–,–,–,–,–,–,–,–,–,–,–,–,–,–,0.375,–,–,–,–,–,–,–,–,–,–,–,–,–,–,–,–,–,–,–,–,–,–,–,–,–,–,–,–,–,–,–,–,–,–,–,–,–,–,–,–,–,2.5,–,–,–,–,–,–,–,–,6.67,–,1.65,0.881,–,–,–,–,–,–,–,–,–,1,–,–,–,–,–,–,–,–,–,–,–,–,–,–,–,–,–,–
14th,–,2L,2L2-1/2X2-1/2X5/16,–,–,–,–,–,–,2.92,2.5,–,–,–,–,–,–,–,10,–,–,–,–,–,1.67,1.71,0.948,0.756,0.735,0.292,3.22,2.15,1.29,1.05,–,–,–,–,–,–,–,–,–,–,–,–,–,–,–,–,–,–,–,–,0.313,–,–,–,–,–,–,–,–,–,–,–,–,–,–,–,–,–,–,–,–,–,–,–,–,–,–,–,–,–,–,–,–,–,–,–,–,–,–,–,–,–,2.5,–,–,–,–,–,–,–,–,7.99,–,1.42,0.834,–,–,–,–,–,–,–,–,–,1,–,–,–,–,–,–,–,–,–,–,–,–,–,–,–,–,–,–
14th,–,2L,2L2-1/2X2-1/2X5/16X3/8,–,–,–,–,–,–,2.92,2.5,–,–,–,–,–,–,–,10,–,–,–,–,–,1.67,1.71,0.948,0.756,0.735,0.292,4.14,2.69,1.54,1.19,–,–,–,–,–,–,–,–,–,–,–,–,–,–,–,–,–,–,–,–,0.313,–,–,–,–,–,–,–,–,–,–,–,–,–,–,–,–,–,–,–,–,–,–,–,–,–,–,–,–,–,–,–,–,–,–,–,–,–,–,–,–,–,2.5,–,–,–,–,–,–,–,–,7.99,–,1.53,0.856,–,–,–,–,–,–,–,–,–,1,–,–,–,–,–,–,–,–,–,–,–,–,–,–,–,–,–,–
14th,–,2L,2L2-1/2X2-1/2X5/16X3/4,–,–,–,–,–,–,2.92,2.5,–,–,–,–,–,–,–,10,–,–,–,–,–,1.67,1.71,0.948,0.756,0.735,0.292,5.24,3.24,1.82,1.34,–,–,–,–,–,–,–,–,–,–,–,–,–,–,–,–,–,–,–,–,0.313,–,–,–,–,–,–,–,–,–,–,–,–,–,–,–,–,–,–,–,–,–,–,–,–,–,–,–,–,–,–,–,–,–,–,–,–,–,–,–,–,–,2.5,–,–,–,–,–,–,–,–,7.99,–,1.65,0.876,–,–,–,–,–,–,–,–,–,1,–,–,–,–,–,–,–,–,–,–,–,–,–,–,–,–,–,–
14th,–,2L,2L2-1/2X2-1/2X1/4,–,–,–,–,–,–,2.38,2.5,–,–,–,–,–,–,–,8.2,–,–,–,–,–,1.38,1.39,0.774,0.764,0.711,0.238,2.57,1.69,1.03,1.04,–,–,–,–,–,–,–,–,–,–,–,–,–,–,–,–,–,–,–,–,0.25,–,–,–,–,–,–,–,–,–,–,–,–,–,–,–,–,–,–,–,–,–,–,–,–,–,–,–,–,–,–,–,–,–,–,–,–,–,–,–,–,–,2.5,–,–,–,–,–,–,–,–,10,–,1.42,0.829,–,–,–,–,–,–,–,–,–,1,–,–,–,–,–,–,–,–,–,–,–,–,–,–,–,–,–,–
14th,–,2L,2L2-1/2X2-1/2X1/4X3/8,–,–,–,–,–,–,2.38,2.5,–,–,–,–,–,–,–,8.2,–,–,–,–,–,1.38,1.39,0.774,0.764,0.711,0.238,3.31,2.14,1.23,1.18,–,–,–,–,–,–,–,–,–,–,–,–,–,–,–,–,–,–,–,–,0.25,–,–,–,–,–,–,–,–,–,–,–,–,–,–,–,–,–,–,–,–,–,–,–,–,–,–,–,–,–,–,–,–,–,–,–,–,–,–,–,–,–,2.5,–,–,–,–,–,–,–,–,10,–,1.52,0.852,–,–,–,–,–,–,–,–,–,1,–,–,–,–,–,–,–,–,–,–,–,–,–,–,–,–,–,–
14th,–,2L,2L2-1/2X2-1/2X1/4X3/4,–,–,–,–,–,–,2.38,2.5,–,–,–,–,–,–,–,8.2,–,–,–,–,–,1.38,1.39,0.774,0.764,0.711,0.238,4.21,2.58,1.46,1.33,–,–,–,–,–,–,–,–,–,–,–,–,–,–,–,–,–,–,–,–,0.25,–,–,–,–,–,–,–,–,–,–,–,–,–,–,–,–,–,–,–,–,–,–,–,–,–,–,–,–,–,–,–,–,–,–,–,–,–,–,–,–,–,2.5,–,–,–,–,–,–,–,–,10,–,1.64,0.872,–,–,–,–,–,–,–,–,–,1,–,–,–,–,–,–,–,–,–,–,–,–,–,–,–,–,–,–
14th,–,2L,2L2-1/2X2-1/2X3/16,–,–,–,–,–,–,1.8,2.5,–,–,–,–,–,–,–,6.14,–,–,–,–,–,1.07,1.06,0.59,0.771,0.687,0.18,1.91,1.24,0.764,1.03,–,–,–,–,–,–,–,–,–,–,–,–,–,–,–,–,–,–,–,–,0.188,–,–,–,–,–,–,–,–,–,–,–,–,–,–,–,–,–,–,–,–,–,–,–,–,–,–,–,–,–,–,–,–,–,–,–,–,–,–,–,–,–,2.5,–,–,–,–,–,–,–,–,13.3,–,1.42,0.825,–,–,–,–,–,–,–,–,–,1,–,–,–,–,–,–,–,–,–,–,–,–,–,–,–,–,–,–
14th,–,2L,2L2-1/2X2-1/2X3/16X3/8,–,–,–,–,–,–,1.8,2.5,–,–,–,–,–,–,–,6.14,–,–,–,–,–,1.07,1.06,0.59,0.771,0.687,0.18,2.46,1.58,0.915,1.17,–,–,–,–,–,–,–,–,–,–,–,–,–,–,–,–,–,–,–,–,0.188,–,–,–,–,–,–,–,–,–,–,–,–,–,–,–,–,–,–,–,–,–,–,–,–,–,–,–,–,–,–,–,–,–,–,–,–,–,–,–,–,–,2.5,–,–,–,–,–,–,–,–,13.3,–,1.52,0.847,–,–,–,–,–,–,–,–,–,0.983,–,–,–,–,–,–,–,–,–,–,–,–,–,–,–,–,–,–
14th,–,2L,2L2-1/2X2-1/2X3/16X3/4,–,–,–,–,–,–,1.8,2.5,–,–,–,–,–,–,–,6.14,–,–,–,–,–,1.07,1.06,0.59,0.771,0.687,0.18,3.09,1.91,1.07,1.31,–,–,–,–,–,–,–,–,–,–,–,–,–,–,–,–,–,–,–,–,0.188,–,–,–,–,–,–,–,–,–,–,–,–,–,–,–,–,–,–,–,–,–,–,–,–,–,–,–,–,–,–,–,–,–,–,–,–,–,–,–,–,–,2.5,–,–,–,–,–,–,–,–,13.3,–,1.63,0.868,–,–,–,–,–,–,–,–,–,0.983,–,–,–,–,–,–,–,–,–,–,–,–,–,–,–,–,–,–
14th,–,2L,2L2X2X3/8,–,–,–,–,–,–,2.74,2,–,–,–,–,–,–,–,9.4,–,–,–,–,–,0.952,1.26,0.696,0.591,0.632,0.343,2.05,1.73,1.02,0.865,–,–,–,–,–,–,–,–,–,–,–,–,–,–,–,–,–,–,–,–,0.375,–,–,–,–,–,–,–,–,–,–,–,–,–,–,–,–,–,–,–,–,–,–,–,–,–,–,–,–,–,–,–,–,–,–,–,–,–,–,–,–,–,2,–,–,–,–,–,–,–,–,5.33,–,1.14,0.847,–,–,–,–,–,–,–,–,–,1,–,–,–,–,–,–,–,–,–,–,–,–,–,–,–,–,–,–
14th,–,2L,2L2X2X3/8X3/8,–,–,–,–,–,–,2.74,2,–,–,–,–,–,–,–,9.4,–,–,–,–,–,0.952,1.26,0.696,0.591,0.632,0.343,2.8,2.25,1.28,1.01,–,–,–,–,–,–,–,–,–,–,–,–,–,–,–,–,–,–,–,–,0.375,–,–,–,–,–,–,–,–,–,–,–,–,–,–,–,–,–,–,–,–,–,–,–,–,–,–,–,–,–,–,–,–,–,–,–,–,–,–,–,–,–,2,–,–,–,–,–,–,–,–,5.33,–,1.25,0.874,–,–,–,–,–,–,–,–,–,1,–,–,–,–,–,–,–,–,–,–,–,–,–,–,–,–,–,–
14th,–,2L,2L2X2X3/8X3/4,–,–,–,–,–,–,2.74,2,–,–,–,–,–,–,–,9.4,–,–,–,–,–,0.952,1.26,0.696,0.591,0.632,0.343,3.75,2.76,1.58,1.17,–,–,–,–,–,–,–,–,–,–,–,–,–,–,–,–,–,–,–,–,0.375,–,–,–,–,–,–,–,–,–,–,–,–,–,–,–,–,–,–,–,–,–,–,–,–,–,–,–,–,–,–,–,–,–,–,–,–,–,–,–,–,–,2,–,–,–,–,–,–,–,–,5.33,–,1.38,0.897,–,–,–,–,–,–,–,–,–,1,–,–,–,–,–,–,–,–,–,–,–,–,–,–,–,–,–,–
14th,–,2L,2L2X2X5/16,–,–,–,–,–,–,2.32,2,–,–,–,–,–,–,–,7.84,–,–,–,–,–,0.828,1.07,0.596,0.598,0.609,0.29,1.69,1.41,0.845,0.853,–,–,–,–,–,–,–,–,–,–,–,–,–,–,–,–,–,–,–,–,0.313,–,–,–,–,–,–,–,–,–,–,–,–,–,–,–,–,–,–,–,–,–,–,–,–,–,–,–,–,–,–,–,–,–,–,–,–,–,–,–,–,–,2,–,–,–,–,–,–,–,–,6.39,–,1.14,0.841,–,–,–,–,–,–,–,–,–,1,–,–,–,–,–,–,–,–,–,–,–,–,–,–,–,–,–,–
14th,–,2L,2L2X2X5/16X3/8,–,–,–,–,–,–,2.32,2,–,–,–,–,–,–,–,7.84,–,–,–,–,–,0.828,1.07,0.596,0.598,0.609,0.29,2.3,1.85,1.05,0.996,–,–,–,–,–,–,–,–,–,–,–,–,–,–,–,–,–,–,–,–,0.313,–,–,–,–,–,–,–,–,–,–,–,–,–,–,–,–,–,–,–,–,–,–,–,–,–,–,–,–,–,–,–,–,–,–,–,–,–,–,–,–,–,2,–,–,–,–,–,–,–,–,6.39,–,1.25,0.868,–,–,–,–,–,–,–,–,–,1,–,–,–,–,–,–,–,–,–,–,–,–,–,–,–,–,–,–
14th,–,2L,2L2X2X5/16X3/4,–,–,–,–,–,–,2.32,2,–,–,–,–,–,–,–,7.84,–,–,–,–,–,0.828,1.07,0.596,0.598,0.609,0.29,3.07,2.28,1.29,1.15,–,–,–,–,–,–,–,–,–,–,–,–,–,–,–,–,–,–,–,–,0.313,–,–,–,–,–,–,–,–,–,–,–,–,–,–,–,–,–,–,–,–,–,–,–,–,–,–,–,–,–,–,–,–,–,–,–,–,–,–,–,–,–,2,–,–,–,–,–,–,–,–,6.39,–,1.37,0.891,–,–,–,–,–,–,–,–,–,1,–,–,–,–,–,–,–,–,–,–,–,–,–,–,–,–,–,–
14th,–,2L,2L2X2X1/4,–,–,–,–,–,–,1.89,2,–,–,–,–,–,–,–,6.38,–,–,–,–,–,0.692,0.88,0.488,0.605,0.586,0.236,1.34,1.11,0.67,0.842,–,–,–,–,–,–,–,–,–,–,–,–,–,–,–,–,–,–,–,–,0.25,–,–,–,–,–,–,–,–,–,–,–,–,–,–,–,–,–,–,–,–,–,–,–,–,–,–,–,–,–,–,–,–,–,–,–,–,–,–,–,–,–,2,–,–,–,–,–,–,–,–,8,–,1.13,0.835,–,–,–,–,–,–,–,–,–,1,–,–,–,–,–,–,–,–,–,–,–,–,–,–,–,–,–,–
14th,–,2L,2L2X2X1/4X3/8,–,–,–,–,–,–,1.89,2,–,–,–,–,–,–,–,6.38,–,–,–,–,–,0.692,0.88,0.488,0.605,0.586,0.236,1.82,1.46,0.832,0.982,–,–,–,–,–,–,–,–,–,–,–,–,–,–,–,–,–,–,–,–,0.25,–,–,–,–,–,–,–,–,–,–,–,–,–,–,–,–,–,–,–,–,–,–,–,–,–,–,–,–,–,–,–,–,–,–,–,–,–,–,–,–,–,2,–,–,–,–,–,–,–,–,8,–,1.24,0.862,–,–,–,–,–,–,–,–,–,1,–,–,–,–,–,–,–,–,–,–,–,–,–,–,–,–,–,–
14th,–,2L,2L2X2X1/4X3/4,–,–,–,–,–,–,1.89,2,–,–,–,–,–,–,–,6.38,–,–,–,–,–,0.692,0.88,0.488,0.605,0.586,0.236,2.46,1.81,1.04,1.14,–,–,–,–,–,–,–,–,–,–,–,–,–,–,–,–,–,–,–,–,0.25,–,–,–,–,–,–,–,–,–,–,–,–,–,–,–,–,–,–,–,–,–,–,–,–,–,–,–,–,–,–,–,–,–,–,–,–,–,–,–,–,–,2,–,–,–,–,–,–,–,–,8,–,1.37,0.886,–,–,–,–,–,–,–,–,–,1,–,–,–,–,–,–,–,–,–,–,–,–,–,–,–,–,–,–
14th,–,2L,2L2X2X3/16,–,–,–,–,–,–,1.44,2,–,–,–,–,–,–,–,4.88,–,–,–,–,–,0.542,0.676,0.376,0.612,0.561,0.181,0.994,0.81,0.497,0.831,–,–,–,–,–,–,–,–,–,–,–,–,–,–,–,–,–,–,–,–,0.188,–,–,–,–,–,–,–,–,–,–,–,–,–,–,–,–,–,–,–,–,–,–,–,–,–,–,–,–,–,–,–,–,–,–,–,–,–,–,–,–,–,2,–,–,–,–,–,–,–,–,10.6,–,1.13,0.83,–,–,–,–,–,–,–,–,–,1,–,–,–,–,–,–,–,–,–,–,–,–,–,–,–,–,–,–
14th,–,2L,2L2X2X3/16X3/8,–,–,–,–,–,–,1.44,2,–,–,–,–,–,–,–,4.88,–,–,–,–,–,0.542,0.676,0.376,0.612,0.561,0.181,1.35,1.08,0.617,0.967,–,–,–,–,–,–,–,–,–,–,–,–,–,–,–,–,–,–,–,–,0.188,–,–,–,–,–,–,–,–,–,–,–,–,–,–,–,–,–,–,–,–,–,–,–,–,–,–,–,–,–,–,–,–,–,–,–,–,–,–,–,–,–,2,–,–,–,–,–,–,–,–,10.6,–,1.24,0.857,–,–,–,–,–,–,–,–,–,1,–,–,–,–,–,–,–,–,–,–,–,–,–,–,–,–,–,–
14th,–,2L,2L2X2X3/16X3/4,–,–,–,–,–,–,1.44,2,–,–,–,–,–,–,–,4.88,–,–,–,–,–,0.542,0.676,0.376,0.612,0.561,0.181,1.81,1.35,0.762,1.12,–,–,–,–,–,–,–,–,–,–,–,–,–,–,–,–,–,–,–,–,0.188,–,–,–,–,–,–,–,–,–,–,–,–,–,–,–,–,–,–,–,–,–,–,–,–,–,–,–,–,–,–,–,–,–,–,–,–,–,–,–,–,–,2,–,–,–,–,–,–,–,–,10.6,–,1.36,0.882,–,–,–,–,–,–,–,–,–,1,–,–,–,–,–,–,–,–,–,–,–,–,–,–,–,–,–,–
14th,–,2L,2L2X2X1/8,–,–,–,–,–,–,0.982,2,–,–,–,–,–,–,–,3.3,–,–,–,–,–,0.378,0.46,0.258,0.62,0.534,0.123,0.657,0.524,0.328,0.818,–,–,–,–,–,–,–,–,–,–,–,–,–,–,–,–,–,–,–,–,0.125,–,–,–,–,–,–,–,–,–,–,–,–,–,–,–,–,–,–,–,–,–,–,–,–,–,–,–,–,–,–,–,–,–,–,–,–,–,–,–,–,–,2,–,–,–,–,–,–,–,–,16,–,1.13,0.826,–,–,–,–,–,–,–,–,–,0.998,–,–,–,–,–,–,–,–,–,–,–,–,–,–,–,–,–,–
14th,–,2L,2L2X2X1/8X3/8,–,–,–,–,–,–,0.982,2,–,–,–,–,–,–,–,3.3,–,–,–,–,–,0.378,0.46,0.258,0.62,0.534,0.123,0.888,0.709,0.406,0.951,–,–,–,–,–,–,–,–,–,–,–,–,–,–,–,–,–,–,–,–,0.125,–,–,–,–,–,–,–,–,–,–,–,–,–,–,–,–,–,–,–,–,–,–,–,–,–,–,–,–,–,–,–,–,–,–,–,–,–,–,–,–,–,2,–,–,–,–,–,–,–,–,16,–,1.23,0.853,–,–,–,–,–,–,–,–,–,0.912,–,–,–,–,–,–,–,–,–,–,–,–,–,–,–,–,–,–
14th,–,2L,2L2X2X1/8X3/4,–,–,–,–,–,–,0.982,2,–,–,–,–,–,–,–,3.3,–,–,–,–,–,0.378,0.46,0.258,0.62,0.534,0.123,1.19,0.893,0.501,1.1,–,–,–,–,–,–,–,–,–,–,–,–,–,–,–,–,–,–,–,–,0.125,–,–,–,–,–,–,–,–,–,–,–,–,–,–,–,–,–,–,–,–,–,–,–,–,–,–,–,–,–,–,–,–,–,–,–,–,–,–,–,–,–,2,–,–,–,–,–,–,–,–,16,–,1.35,0.877,–,–,–,–,–,–,–,–,–,0.912,–,–,–,–,–,–,–,–,–,–,–,–,–,–,–,–,–,–
14th,–,2L,2L8X6X1LLBB,–,–,–,–,–,–,26.2,6,–,–,–,–,–,–,–,88.4,–,–,–,–,–,162,54.6,30.2,2.49,2.65,1.45,150,43.2,25,2.39,–,–,–,–,–,–,–,–,–,–,–,–,–,–,–,–,–,–,–,–,1,–,–,–,–,–,–,–,–,–,–,–,–,–,–,–,–,–,–,–,–,–,–,–,–,–,–,–,–,–,–,–,–,–,–,–,–,–,–,–,–,–,8,–,–,–,–,–,–,–,–,8,–,4.06,0.721,–,–,–,–,–,–,–,–,–,1,–,–,–,–,–,–,–,–,–,–,–,–,–,–,–,–,–,–
14th,–,2L,2L8X6X1X3/8LLBB,–,–,–,–,–,–,26.2,6,–,–,–,–,–,–,–,88.4,–,–,–,–,–,162,54.6,30.2,2.49,2.65,1.45,166,48.1,26.8,2.52,–,–,–,–,–,–,–,–,–,–,–,–,–,–,–,–,–,–,–,–,1,–,–,–,–,–,–,–,–,–,–,–,–,–,–,–,–,–,–,–,–,–,–,–,–,–,–,–,–,–,–,–,–,–,–,–,–,–,–,–,–,–,8,–,–,–,–,–,–,–,–,8,–,4.14,0.732,–,–,–,–,–,–,–,–,–,1,–,–,–,–,–,–,–,–,–,–,–,–,–,–,–,–,–,–
14th,–,2L,2L8X6X1X3/4LLBB,–,–,–,–,–,–,26.2,6,–,–,–,–,–,–,–,88.4,–,–,–,–,–,162,54.6,30.2,2.49,2.65,1.45,185,53.1,29,2.66,–,–,–,–,–,–,–,–,–,–,–,–,–,–,–,–,–,–,–,–,1,–,–,–,–,–,–,–,–,–,–,–,–,–,–,–,–,–,–,–,–,–,–,–,–,–,–,–,–,–,–,–,–,–,–,–,–,–,–,–,–,–,8,–,–,–,–,–,–,–,–,8,–,4.23,0.742,–,–,–,–,–,–,–,–,–,1,–,–,–,–,–,–,–,–,–,–,–,–,–,–,–,–,–,–
14th,–,2L,2L8X6X7/8LLBB,–,–,–,–,–,–,23,6,–,–,–,–,–,–,–,78.2,–,–,–,–,–,145,48.6,26.8,2.5,2.6,1.43,129,36.8,21.5,2.37,–,–,–,–,–,–,–,–,–,–,–,–,–,–,–,–,–,–,–,–,0.875,–,–,–,–,–,–,–,–,–,–,–,–,–,–,–,–,–,–,–,–,–,–,–,–,–,–,–,–,–,–,–,–,–,–,–,–,–,–,–,–,–,8,–,–,–,–,–,–,–,–,9.14,–,4.07,0.718,–,–,–,–,–,–,–,–,–,1,–,–,–,–,–,–,–,–,–,–,–,–,–,–,–,–,–,–
14th,–,2L,2L8X6X7/8X3/8LLBB,–,–,–,–,–,–,23,6,–,–,–,–,–,–,–,78.2,–,–,–,–,–,145,48.6,26.8,2.5,2.6,1.43,144,41.1,23.3,2.5,–,–,–,–,–,–,–,–,–,–,–,–,–,–,–,–,–,–,–,–,0.875,–,–,–,–,–,–,–,–,–,–,–,–,–,–,–,–,–,–,–,–,–,–,–,–,–,–,–,–,–,–,–,–,–,–,–,–,–,–,–,–,–,8,–,–,–,–,–,–,–,–,9.14,–,4.14,0.728,–,–,–,–,–,–,–,–,–,1,–,–,–,–,–,–,–,–,–,–,–,–,–,–,–,–,–,–
14th,–,2L,2L8X6X7/8X3/4LLBB,–,–,–,–,–,–,23,6,–,–,–,–,–,–,–,78.2,–,–,–,–,–,145,48.6,26.8,2.5,2.6,1.43,159,45.4,24.9,2.63,–,–,–,–,–,–,–,–,–,–,–,–,–,–,–,–,–,–,–,–,0.875,–,–,–,–,–,–,–,–,–,–,–,–,–,–,–,–,–,–,–,–,–,–,–,–,–,–,–,–,–,–,–,–,–,–,–,–,–,–,–,–,–,8,–,–,–,–,–,–,–,–,9.14,–,4.23,0.739,–,–,–,–,–,–,–,–,–,1,–,–,–,–,–,–,–,–,–,–,–,–,–,–,–,–,–,–
14th,–,2L,2L8X6X3/4LLBB,–,–,–,–,–,–,20,6,–,–,–,–,–,–,–,67.6,–,–,–,–,–,127,42.2,23.4,2.52,2.55,1.34,110,31.2,18.3,2.35,–,–,–,–,–,–,–,–,–,–,–,–,–,–,–,–,–,–,–,–,0.75,–,–,–,–,–,–,–,–,–,–,–,–,–,–,–,–,–,–,–,–,–,–,–,–,–,–,–,–,–,–,–,–,–,–,–,–,–,–,–,–,–,8,–,–,–,–,–,–,–,–,10.7,–,4.07,0.714,–,–,–,–,–,–,–,–,–,1,–,–,–,–,–,–,–,–,–,–,–,–,–,–,–,–,–,–
14th,–,2L,2L8X6X3/4X3/8LLBB,–,–,–,–,–,–,20,6,–,–,–,–,–,–,–,67.6,–,–,–,–,–,127,42.2,23.4,2.52,2.55,1.34,122,34.9,19.7,2.47,–,–,–,–,–,–,–,–,–,–,–,–,–,–,–,–,–,–,–,–,0.75,–,–,–,–,–,–,–,–,–,–,–,–,–,–,–,–,–,–,–,–,–,–,–,–,–,–,–,–,–,–,–,–,–,–,–,–,–,–,–,–,–,8,–,–,–,–,–,–,–,–,10.7,–,4.15,0.725,–,–,–,–,–,–,–,–,–,1,–,–,–,–,–,–,–,–,–,–,–,–,–,–,–,–,–,–
14th,–,2L,2L8X6X3/4X3/4LLBB,–,–,–,–,–,–,20,6,–,–,–,–,–,–,–,67.6,–,–,–,–,–,127,42.2,23.4,2.52,2.55,1.34,136,38.7,21.3,2.61,–,–,–,–,–,–,–,–,–,–,–,–,–,–,–,–,–,–,–,–,0.75,–,–,–,–,–,–,–,–,–,–,–,–,–,–,–,–,–,–,–,–,–,–,–,–,–,–,–,–,–,–,–,–,–,–,–,–,–,–,–,–,–,8,–,–,–,–,–,–,–,–,10.7,–,4.23,0.735,–,–,–,–,–,–,–,–,–,1,–,–,–,–,–,–,–,–,–,–,–,–,–,–,–,–,–,–
14th,–,2L,2L8X6X5/8LLBB,–,–,–,–,–,–,16.8,6,–,–,–,–,–,–,–,57,–,–,–,–,–,108,35.8,19.7,2.54,2.5,1.27,91.2,25.4,15.2,2.33,–,–,–,–,–,–,–,–,–,–,–,–,–,–,–,–,–,–,–,–,0.625,–,–,–,–,–,–,–,–,–,–,–,–,–,–,–,–,–,–,–,–,–,–,–,–,–,–,–,–,–,–,–,–,–,–,–,–,–,–,–,–,–,8,–,–,–,–,–,–,–,–,12.8,–,4.08,0.712,–,–,–,–,–,–,–,–,–,1,–,–,–,–,–,–,–,–,–,–,–,–,–,–,–,–,–,–
14th,–,2L,2L8X6X5/8X3/8LLBB,–,–,–,–,–,–,16.8,6,–,–,–,–,–,–,–,57,–,–,–,–,–,108,35.8,19.7,2.54,2.5,1.27,101,28.6,16.3,2.45,–,–,–,–,–,–,–,–,–,–,–,–,–,–,–,–,–,–,–,–,0.625,–,–,–,–,–,–,–,–,–,–,–,–,–,–,–,–,–,–,–,–,–,–,–,–,–,–,–,–,–,–,–,–,–,–,–,–,–,–,–,–,–,8,–,–,–,–,–,–,–,–,12.8,–,4.16,0.722,–,–,–,–,–,–,–,–,–,0.997,–,–,–,–,–,–,–,–,–,–,–,–,–,–,–,–,–,–
14th,–,2L,2L8X6X5/8X3/4LLBB,–,–,–,–,–,–,16.8,6,–,–,–,–,–,–,–,57,–,–,–,–,–,108,35.8,19.7,2.54,2.5,1.27,113,31.7,17.7,2.59,–,–,–,–,–,–,–,–,–,–,–,–,–,–,–,–,–,–,–,–,0.625,–,–,–,–,–,–,–,–,–,–,–,–,–,–,–,–,–,–,–,–,–,–,–,–,–,–,–,–,–,–,–,–,–,–,–,–,–,–,–,–,–,8,–,–,–,–,–,–,–,–,12.8,–,4.24,0.732,–,–,–,–,–,–,–,–,–,0.997,–,–,–,–,–,–,–,–,–,–,–,–,–,–,–,–,–,–
14th,–,2L,2L8X6X9/16LLBB,–,–,–,–,–,–,15.2,6,–,–,–,–,–,–,–,51.4,–,–,–,–,–,98.8,32.4,17.9,2.55,2.48,1.24,81.8,22.7,13.6,2.32,–,–,–,–,–,–,–,–,–,–,–,–,–,–,–,–,–,–,–,–,0.563,–,–,–,–,–,–,–,–,–,–,–,–,–,–,–,–,–,–,–,–,–,–,–,–,–,–,–,–,–,–,–,–,–,–,–,–,–,–,–,–,–,8,–,–,–,–,–,–,–,–,14.2,–,4.09,0.71,–,–,–,–,–,–,–,–,–,1,–,–,–,–,–,–,–,–,–,–,–,–,–,–,–,–,–,–
14th,–,2L,2L8X6X9/16X3/8LLBB,–,–,–,–,–,–,15.2,6,–,–,–,–,–,–,–,51.4,–,–,–,–,–,98.8,32.4,17.9,2.55,2.48,1.24,90.5,25.5,14.6,2.44,–,–,–,–,–,–,–,–,–,–,–,–,–,–,–,–,–,–,–,–,0.563,–,–,–,–,–,–,–,–,–,–,–,–,–,–,–,–,–,–,–,–,–,–,–,–,–,–,–,–,–,–,–,–,–,–,–,–,–,–,–,–,–,8,–,–,–,–,–,–,–,–,14.2,–,4.16,0.72,–,–,–,–,–,–,–,–,–,0.959,–,–,–,–,–,–,–,–,–,–,–,–,–,–,–,–,–,–
14th,–,2L,2L8X6X9/16X3/4LLBB,–,–,–,–,–,–,15.2,6,–,–,–,–,–,–,–,51.4,–,–,–,–,–,98.8,32.4,17.9,2.55,2.48,1.24,101,28.4,15.8,2.58,–,–,–,–,–,–,–,–,–,–,–,–,–,–,–,–,–,–,–,–,0.563,–,–,–,–,–,–,–,–,–,–,–,–,–,–,–,–,–,–,–,–,–,–,–,–,–,–,–,–,–,–,–,–,–,–,–,–,–,–,–,–,–,8,–,–,–,–,–,–,–,–,14.2,–,4.24,0.731,–,–,–,–,–,–,–,–,–,0.959,–,–,–,–,–,–,–,–,–,–,–,–,–,–,–,–,–,–
14th,–,2L,2L8X6X1/2LLBB,–,–,–,–,–,–,13.6,6,–,–,–,–,–,–,–,46,–,–,–,–,–,88.8,29.2,16,2.55,2.46,1.2,72.6,19.9,12.1,2.31,–,–,–,–,–,–,–,–,–,–,–,–,–,–,–,–,–,–,–,–,0.5,–,–,–,–,–,–,–,–,–,–,–,–,–,–,–,–,–,–,–,–,–,–,–,–,–,–,–,–,–,–,–,–,–,–,–,–,–,–,–,–,–,8,–,–,–,–,–,–,–,–,16,–,4.09,0.709,–,–,–,–,–,–,–,–,–,1,–,–,–,–,–,–,–,–,–,–,–,–,–,–,–,–,–,–
14th,–,2L,2L8X6X1/2X3/8LLBB,–,–,–,–,–,–,13.6,6,–,–,–,–,–,–,–,46,–,–,–,–,–,88.8,29.2,16,2.55,2.46,1.2,80.3,22.4,13,2.43,–,–,–,–,–,–,–,–,–,–,–,–,–,–,–,–,–,–,–,–,0.5,–,–,–,–,–,–,–,–,–,–,–,–,–,–,–,–,–,–,–,–,–,–,–,–,–,–,–,–,–,–,–,–,–,–,–,–,–,–,–,–,–,8,–,–,–,–,–,–,–,–,16,–,4.16,0.719,–,–,–,–,–,–,–,–,–,0.912,–,–,–,–,–,–,–,–,–,–,–,–,–,–,–,–,–,–
14th,–,2L,2L8X6X1/2X3/4LLBB,–,–,–,–,–,–,13.6,6,–,–,–,–,–,–,–,46,–,–,–,–,–,88.8,29.2,16,2.55,2.46,1.2,89.1,25,14,2.56,–,–,–,–,–,–,–,–,–,–,–,–,–,–,–,–,–,–,–,–,0.5,–,–,–,–,–,–,–,–,–,–,–,–,–,–,–,–,–,–,–,–,–,–,–,–,–,–,–,–,–,–,–,–,–,–,–,–,–,–,–,–,–,8,–,–,–,–,–,–,–,–,16,–,4.24,0.729,–,–,–,–,–,–,–,–,–,0.912,–,–,–,–,–,–,–,–,–,–,–,–,–,–,–,–,–,–
14th,–,2L,2L8X6X7/16LLBB,–,–,–,–,–,–,12,6,–,–,–,–,–,–,–,40.4,–,–,–,–,–,78.6,25.8,14.1,2.56,2.43,1.15,63.5,17.3,10.6,2.3,–,–,–,–,–,–,–,–,–,–,–,–,–,–,–,–,–,–,–,–,0.438,–,–,–,–,–,–,–,–,–,–,–,–,–,–,–,–,–,–,–,–,–,–,–,–,–,–,–,–,–,–,–,–,–,–,–,–,–,–,–,–,–,8,–,–,–,–,–,–,–,–,18.3,–,4.09,0.708,–,–,–,–,–,–,–,–,–,1,–,–,–,–,–,–,–,–,–,–,–,–,–,–,–,–,–,–
14th,–,2L,2L8X6X7/16X3/8LLBB,–,–,–,–,–,–,12,6,–,–,–,–,–,–,–,40.4,–,–,–,–,–,78.6,25.8,14.1,2.56,2.43,1.15,70.3,19.5,11.4,2.42,–,–,–,–,–,–,–,–,–,–,–,–,–,–,–,–,–,–,–,–,0.438,–,–,–,–,–,–,–,–,–,–,–,–,–,–,–,–,–,–,–,–,–,–,–,–,–,–,–,–,–,–,–,–,–,–,–,–,–,–,–,–,–,8,–,–,–,–,–,–,–,–,18.3,–,4.16,0.718,–,–,–,–,–,–,–,–,–,0.85,–,–,–,–,–,–,–,–,–,–,–,–,–,–,–,–,–,–
14th,–,2L,2L8X6X7/16X3/4LLBB,–,–,–,–,–,–,12,6,–,–,–,–,–,–,–,40.4,–,–,–,–,–,78.6,25.8,14.1,2.56,2.43,1.15,78,21.7,12.2,2.55,–,–,–,–,–,–,–,–,–,–,–,–,–,–,–,–,–,–,–,–,0.438,–,–,–,–,–,–,–,–,–,–,–,–,–,–,–,–,–,–,–,–,–,–,–,–,–,–,–,–,–,–,–,–,–,–,–,–,–,–,–,–,–,8,–,–,–,–,–,–,–,–,18.3,–,4.24,0.728,–,–,–,–,–,–,–,–,–,0.85,–,–,–,–,–,–,–,–,–,–,–,–,–,–,–,–,–,–
14th,–,2L,2L8X4X1LLBB,–,–,–,–,–,–,22.2,4,–,–,–,–,–,–,–,74.8,–,–,–,–,–,139,48.6,28,2.51,3.03,2.45,47.3,23.1,11.8,1.46,–,–,–,–,–,–,–,–,–,–,–,–,–,–,–,–,–,–,–,–,1,–,–,–,–,–,–,–,–,–,–,–,–,–,–,–,–,–,–,–,–,–,–,–,–,–,–,–,–,–,–,–,–,–,–,–,–,–,–,–,–,–,8,–,–,–,–,–,–,–,–,8,–,3.86,0.568,–,–,–,–,–,–,–,–,–,1,–,–,–,–,–,–,–,–,–,–,–,–,–,–,–,–,–,–
14th,–,2L,2L8X4X1X3/8LLBB,–,–,–,–,–,–,22.2,4,–,–,–,–,–,–,–,74.8,–,–,–,–,–,139,48.6,28,2.51,3.03,2.45,56.8,27.3,13.6,1.6,–,–,–,–,–,–,–,–,–,–,–,–,–,–,–,–,–,–,–,–,1,–,–,–,–,–,–,–,–,–,–,–,–,–,–,–,–,–,–,–,–,–,–,–,–,–,–,–,–,–,–,–,–,–,–,–,–,–,–,–,–,–,8,–,–,–,–,–,–,–,–,8,–,3.91,0.58,–,–,–,–,–,–,–,–,–,1,–,–,–,–,–,–,–,–,–,–,–,–,–,–,–,–,–,–
14th,–,2L,2L8X4X1X3/4LLBB,–,–,–,–,–,–,22.2,4,–,–,–,–,–,–,–,74.8,–,–,–,–,–,139,48.6,28,2.51,3.03,2.45,68,31.4,15.5,1.75,–,–,–,–,–,–,–,–,–,–,–,–,–,–,–,–,–,–,–,–,1,–,–,–,–,–,–,–,–,–,–,–,–,–,–,–,–,–,–,–,–,–,–,–,–,–,–,–,–,–,–,–,–,–,–,–,–,–,–,–,–,–,8,–,–,–,–,–,–,–,–,8,–,3.97,0.594,–,–,–,–,–,–,–,–,–,1,–,–,–,–,–,–,–,–,–,–,–,–,–,–,–,–,–,–
14th,–,2L,2L8X4X7/8LLBB,–,–,–,–,–,–,19.6,4,–,–,–,–,–,–,–,66.2,–,–,–,–,–,125,43.4,25,2.53,2.99,2.41,40.6,19.5,10.2,1.44,–,–,–,–,–,–,–,–,–,–,–,–,–,–,–,–,–,–,–,–,0.875,–,–,–,–,–,–,–,–,–,–,–,–,–,–,–,–,–,–,–,–,–,–,–,–,–,–,–,–,–,–,–,–,–,–,–,–,–,–,–,–,–,8,–,–,–,–,–,–,–,–,9.14,–,3.87,0.566,–,–,–,–,–,–,–,–,–,1,–,–,–,–,–,–,–,–,–,–,–,–,–,–,–,–,–,–
14th,–,2L,2L8X4X7/8X3/8LLBB,–,–,–,–,–,–,19.6,4,–,–,–,–,–,–,–,66.2,–,–,–,–,–,125,43.4,25,2.53,2.99,2.41,48.3,23.2,11.5,1.57,–,–,–,–,–,–,–,–,–,–,–,–,–,–,–,–,–,–,–,–,0.875,–,–,–,–,–,–,–,–,–,–,–,–,–,–,–,–,–,–,–,–,–,–,–,–,–,–,–,–,–,–,–,–,–,–,–,–,–,–,–,–,–,8,–,–,–,–,–,–,–,–,9.14,–,3.92,0.577,–,–,–,–,–,–,–,–,–,1,–,–,–,–,–,–,–,–,–,–,–,–,–,–,–,–,–,–
14th,–,2L,2L8X4X7/8X3/4LLBB,–,–,–,–,–,–,19.6,4,–,–,–,–,–,–,–,66.2,–,–,–,–,–,125,43.4,25,2.53,2.99,2.41,58,26.9,13.3,1.72,–,–,–,–,–,–,–,–,–,–,–,–,–,–,–,–,–,–,–,–,0.875,–,–,–,–,–,–,–,–,–,–,–,–,–,–,–,–,–,–,–,–,–,–,–,–,–,–,–,–,–,–,–,–,–,–,–,–,–,–,–,–,–,8,–,–,–,–,–,–,–,–,9.14,–,3.98,0.59,–,–,–,–,–,–,–,–,–,1,–,–,–,–,–,–,–,–,–,–,–,–,–,–,–,–,–,–
14th,–,2L,2L8X4X3/4LLBB,–,–,–,–,–,–,17,4,–,–,–,–,–,–,–,57.4,–,–,–,–,–,110,37.8,21.8,2.55,2.94,2.34,34.3,16.1,8.57,1.42,–,–,–,–,–,–,–,–,–,–,–,–,–,–,–,–,–,–,–,–,0.75,–,–,–,–,–,–,–,–,–,–,–,–,–,–,–,–,–,–,–,–,–,–,–,–,–,–,–,–,–,–,–,–,–,–,–,–,–,–,–,–,–,8,–,–,–,–,–,–,–,–,10.7,–,3.88,0.564,–,–,–,–,–,–,–,–,–,1,–,–,–,–,–,–,–,–,–,–,–,–,–,–,–,–,–,–
14th,–,2L,2L8X4X3/4X3/8LLBB,–,–,–,–,–,–,17,4,–,–,–,–,–,–,–,57.4,–,–,–,–,–,110,37.8,21.8,2.55,2.94,2.34,40.8,19.3,9.74,1.55,–,–,–,–,–,–,–,–,–,–,–,–,–,–,–,–,–,–,–,–,0.75,–,–,–,–,–,–,–,–,–,–,–,–,–,–,–,–,–,–,–,–,–,–,–,–,–,–,–,–,–,–,–,–,–,–,–,–,–,–,–,–,–,8,–,–,–,–,–,–,–,–,10.7,–,3.93,0.575,–,–,–,–,–,–,–,–,–,1,–,–,–,–,–,–,–,–,–,–,–,–,–,–,–,–,–,–
14th,–,2L,2L8X4X3/4X3/4LLBB,–,–,–,–,–,–,17,4,–,–,–,–,–,–,–,57.4,–,–,–,–,–,110,37.8,21.8,2.55,2.94,2.34,48.6,22.5,11.1,1.69,–,–,–,–,–,–,–,–,–,–,–,–,–,–,–,–,–,–,–,–,0.75,–,–,–,–,–,–,–,–,–,–,–,–,–,–,–,–,–,–,–,–,–,–,–,–,–,–,–,–,–,–,–,–,–,–,–,–,–,–,–,–,–,8,–,–,–,–,–,–,–,–,10.7,–,3.99,0.587,–,–,–,–,–,–,–,–,–,1,–,–,–,–,–,–,–,–,–,–,–,–,–,–,–,–,–,–
14th,–,2L,2L8X4X5/8LLBB,–,–,–,–,–,–,14.3,4,–,–,–,–,–,–,–,48.4,–,–,–,–,–,94,32.2,18.4,2.56,2.89,2.27,27.6,12.9,6.9,1.39,–,–,–,–,–,–,–,–,–,–,–,–,–,–,–,–,–,–,–,–,0.625,–,–,–,–,–,–,–,–,–,–,–,–,–,–,–,–,–,–,–,–,–,–,–,–,–,–,–,–,–,–,–,–,–,–,–,–,–,–,–,–,–,8,–,–,–,–,–,–,–,–,12.8,–,3.89,0.562,–,–,–,–,–,–,–,–,–,1,–,–,–,–,–,–,–,–,–,–,–,–,–,–,–,–,–,–
14th,–,2L,2L8X4X5/8X3/8LLBB,–,–,–,–,–,–,14.3,4,–,–,–,–,–,–,–,48.4,–,–,–,–,–,94,32.2,18.4,2.56,2.89,2.27,33,15.6,7.88,1.52,–,–,–,–,–,–,–,–,–,–,–,–,–,–,–,–,–,–,–,–,0.625,–,–,–,–,–,–,–,–,–,–,–,–,–,–,–,–,–,–,–,–,–,–,–,–,–,–,–,–,–,–,–,–,–,–,–,–,–,–,–,–,–,8,–,–,–,–,–,–,–,–,12.8,–,3.94,0.573,–,–,–,–,–,–,–,–,–,0.997,–,–,–,–,–,–,–,–,–,–,–,–,–,–,–,–,–,–
14th,–,2L,2L8X4X5/8X3/4LLBB,–,–,–,–,–,–,14.3,4,–,–,–,–,–,–,–,48.4,–,–,–,–,–,94,32.2,18.4,2.56,2.89,2.27,39.4,18.3,9.01,1.66,–,–,–,–,–,–,–,–,–,–,–,–,–,–,–,–,–,–,–,–,0.625,–,–,–,–,–,–,–,–,–,–,–,–,–,–,–,–,–,–,–,–,–,–,–,–,–,–,–,–,–,–,–,–,–,–,–,–,–,–,–,–,–,8,–,–,–,–,–,–,–,–,12.8,–,3.99,0.585,–,–,–,–,–,–,–,–,–,0.997,–,–,–,–,–,–,–,–,–,–,–,–,–,–,–,–,–,–
14th,–,2L,2L8X4X9/16LLBB,–,–,–,–,–,–,13,4,–,–,–,–,–,–,–,43.8,–,–,–,–,–,85.8,29.2,16.7,2.57,2.86,2.23,24.8,11.4,6.2,1.38,–,–,–,–,–,–,–,–,–,–,–,–,–,–,–,–,–,–,–,–,0.563,–,–,–,–,–,–,–,–,–,–,–,–,–,–,–,–,–,–,–,–,–,–,–,–,–,–,–,–,–,–,–,–,–,–,–,–,–,–,–,–,–,8,–,–,–,–,–,–,–,–,14.2,–,3.9,0.562,–,–,–,–,–,–,–,–,–,1,–,–,–,–,–,–,–,–,–,–,–,–,–,–,–,–,–,–
14th,–,2L,2L8X4X9/16X3/8LLBB,–,–,–,–,–,–,13,4,–,–,–,–,–,–,–,43.8,–,–,–,–,–,85.8,29.2,16.7,2.57,2.86,2.23,29.6,13.8,7.07,1.51,–,–,–,–,–,–,–,–,–,–,–,–,–,–,–,–,–,–,–,–,0.563,–,–,–,–,–,–,–,–,–,–,–,–,–,–,–,–,–,–,–,–,–,–,–,–,–,–,–,–,–,–,–,–,–,–,–,–,–,–,–,–,–,8,–,–,–,–,–,–,–,–,14.2,–,3.94,0.572,–,–,–,–,–,–,–,–,–,0.959,–,–,–,–,–,–,–,–,–,–,–,–,–,–,–,–,–,–
14th,–,2L,2L8X4X9/16X3/4LLBB,–,–,–,–,–,–,13,4,–,–,–,–,–,–,–,43.8,–,–,–,–,–,85.8,29.2,16.7,2.57,2.86,2.23,35.4,16.3,8.09,1.65,–,–,–,–,–,–,–,–,–,–,–,–,–,–,–,–,–,–,–,–,0.563,–,–,–,–,–,–,–,–,–,–,–,–,–,–,–,–,–,–,–,–,–,–,–,–,–,–,–,–,–,–,–,–,–,–,–,–,–,–,–,–,–,8,–,–,–,–,–,–,–,–,14.2,–,4,0.584,–,–,–,–,–,–,–,–,–,0.959,–,–,–,–,–,–,–,–,–,–,–,–,–,–,–,–,–,–
14th,–,2L,2L8X4X1/2LLBB,–,–,–,–,–,–,11.6,4,–,–,–,–,–,–,–,39.2,–,–,–,–,–,77.2,26.2,15,2.58,2.84,2.2,22.1,9.91,5.52,1.38,–,–,–,–,–,–,–,–,–,–,–,–,–,–,–,–,–,–,–,–,0.5,–,–,–,–,–,–,–,–,–,–,–,–,–,–,–,–,–,–,–,–,–,–,–,–,–,–,–,–,–,–,–,–,–,–,–,–,–,–,–,–,–,8,–,–,–,–,–,–,–,–,16,–,3.9,0.561,–,–,–,–,–,–,–,–,–,1,–,–,–,–,–,–,–,–,–,–,–,–,–,–,–,–,–,–
14th,–,2L,2L8X4X1/2X3/8LLBB,–,–,–,–,–,–,11.6,4,–,–,–,–,–,–,–,39.2,–,–,–,–,–,77.2,26.2,15,2.58,2.84,2.2,26.1,12.1,6.23,1.5,–,–,–,–,–,–,–,–,–,–,–,–,–,–,–,–,–,–,–,–,0.5,–,–,–,–,–,–,–,–,–,–,–,–,–,–,–,–,–,–,–,–,–,–,–,–,–,–,–,–,–,–,–,–,–,–,–,–,–,–,–,–,–,8,–,–,–,–,–,–,–,–,16,–,3.95,0.571,–,–,–,–,–,–,–,–,–,0.912,–,–,–,–,–,–,–,–,–,–,–,–,–,–,–,–,–,–
14th,–,2L,2L8X4X1/2X3/4LLBB,–,–,–,–,–,–,11.6,4,–,–,–,–,–,–,–,39.2,–,–,–,–,–,77.2,26.2,15,2.58,2.84,2.2,30.8,14.3,7.04,1.63,–,–,–,–,–,–,–,–,–,–,–,–,–,–,–,–,–,–,–,–,0.5,–,–,–,–,–,–,–,–,–,–,–,–,–,–,–,–,–,–,–,–,–,–,–,–,–,–,–,–,–,–,–,–,–,–,–,–,–,–,–,–,–,8,–,–,–,–,–,–,–,–,16,–,4,0.583,–,–,–,–,–,–,–,–,–,0.912,–,–,–,–,–,–,–,–,–,–,–,–,–,–,–,–,–,–
14th,–,2L,2L8X4X7/16LLBB,–,–,–,–,–,–,10.2,4,–,–,–,–,–,–,–,34.4,–,–,–,–,–,68.4,23.2,13.2,2.59,2.81,2.16,19.1,8.47,4.78,1.37,–,–,–,–,–,–,–,–,–,–,–,–,–,–,–,–,–,–,–,–,0.438,–,–,–,–,–,–,–,–,–,–,–,–,–,–,–,–,–,–,–,–,–,–,–,–,–,–,–,–,–,–,–,–,–,–,–,–,–,–,–,–,–,8,–,–,–,–,–,–,–,–,18.3,–,3.91,0.561,–,–,–,–,–,–,–,–,–,1,–,–,–,–,–,–,–,–,–,–,–,–,–,–,–,–,–,–
14th,–,2L,2L8X4X7/16X3/8LLBB,–,–,–,–,–,–,10.2,4,–,–,–,–,–,–,–,34.4,–,–,–,–,–,68.4,23.2,13.2,2.59,2.81,2.16,22.6,10.4,5.4,1.49,–,–,–,–,–,–,–,–,–,–,–,–,–,–,–,–,–,–,–,–,0.438,–,–,–,–,–,–,–,–,–,–,–,–,–,–,–,–,–,–,–,–,–,–,–,–,–,–,–,–,–,–,–,–,–,–,–,–,–,–,–,–,–,8,–,–,–,–,–,–,–,–,18.3,–,3.95,0.571,–,–,–,–,–,–,–,–,–,0.85,–,–,–,–,–,–,–,–,–,–,–,–,–,–,–,–,–,–
14th,–,2L,2L8X4X7/16X3/4LLBB,–,–,–,–,–,–,10.2,4,–,–,–,–,–,–,–,34.4,–,–,–,–,–,68.4,23.2,13.2,2.59,2.81,2.16,26.8,12.3,6.13,1.62,–,–,–,–,–,–,–,–,–,–,–,–,–,–,–,–,–,–,–,–,0.438,–,–,–,–,–,–,–,–,–,–,–,–,–,–,–,–,–,–,–,–,–,–,–,–,–,–,–,–,–,–,–,–,–,–,–,–,–,–,–,–,–,8,–,–,–,–,–,–,–,–,18.3,–,4,0.582,–,–,–,–,–,–,–,–,–,0.85,–,–,–,–,–,–,–,–,–,–,–,–,–,–,–,–,–,–
14th,–,2L,2L7X4X3/4LLBB,–,–,–,–,–,–,15.5,4,–,–,–,–,–,–,–,52.4,–,–,–,–,–,75.6,29.6,16.8,2.21,2.5,1.84,34,15.5,8.5,1.48,–,–,–,–,–,–,–,–,–,–,–,–,–,–,–,–,–,–,–,–,0.75,–,–,–,–,–,–,–,–,–,–,–,–,–,–,–,–,–,–,–,–,–,–,–,–,–,–,–,–,–,–,–,–,–,–,–,–,–,–,–,–,–,7,–,–,–,–,–,–,–,–,9.33,–,3.41,0.611,–,–,–,–,–,–,–,–,–,1,–,–,–,–,–,–,–,–,–,–,–,–,–,–,–,–,–,–
14th,–,2L,2L7X4X3/4X3/8LLBB,–,–,–,–,–,–,15.5,4,–,–,–,–,–,–,–,52.4,–,–,–,–,–,75.6,29.6,16.8,2.21,2.5,1.84,40.2,18.4,9.6,1.61,–,–,–,–,–,–,–,–,–,–,–,–,–,–,–,–,–,–,–,–,0.75,–,–,–,–,–,–,–,–,–,–,–,–,–,–,–,–,–,–,–,–,–,–,–,–,–,–,–,–,–,–,–,–,–,–,–,–,–,–,–,–,–,7,–,–,–,–,–,–,–,–,9.33,–,3.47,0.624,–,–,–,–,–,–,–,–,–,1,–,–,–,–,–,–,–,–,–,–,–,–,–,–,–,–,–,–
14th,–,2L,2L7X4X3/4X3/4LLBB,–,–,–,–,–,–,15.5,4,–,–,–,–,–,–,–,52.4,–,–,–,–,–,75.6,29.6,16.8,2.21,2.5,1.84,47.5,21.3,10.9,1.75,–,–,–,–,–,–,–,–,–,–,–,–,–,–,–,–,–,–,–,–,0.75,–,–,–,–,–,–,–,–,–,–,–,–,–,–,–,–,–,–,–,–,–,–,–,–,–,–,–,–,–,–,–,–,–,–,–,–,–,–,–,–,–,7,–,–,–,–,–,–,–,–,9.33,–,3.53,0.639,–,–,–,–,–,–,–,–,–,1,–,–,–,–,–,–,–,–,–,–,–,–,–,–,–,–,–,–
14th,–,2L,2L7X4X5/8LLBB,–,–,–,–,–,–,13,4,–,–,–,–,–,–,–,44.2,–,–,–,–,–,64.8,25,14.2,2.23,2.45,1.8,27.3,12.5,6.82,1.45,–,–,–,–,–,–,–,–,–,–,–,–,–,–,–,–,–,–,–,–,0.625,–,–,–,–,–,–,–,–,–,–,–,–,–,–,–,–,–,–,–,–,–,–,–,–,–,–,–,–,–,–,–,–,–,–,–,–,–,–,–,–,–,7,–,–,–,–,–,–,–,–,11.2,–,3.42,0.608,–,–,–,–,–,–,–,–,–,1,–,–,–,–,–,–,–,–,–,–,–,–,–,–,–,–,–,–
14th,–,2L,2L7X4X5/8X3/8LLBB,–,–,–,–,–,–,13,4,–,–,–,–,–,–,–,44.2,–,–,–,–,–,64.8,25,14.2,2.23,2.45,1.8,32.5,14.9,7.76,1.58,–,–,–,–,–,–,–,–,–,–,–,–,–,–,–,–,–,–,–,–,0.625,–,–,–,–,–,–,–,–,–,–,–,–,–,–,–,–,–,–,–,–,–,–,–,–,–,–,–,–,–,–,–,–,–,–,–,–,–,–,–,–,–,7,–,–,–,–,–,–,–,–,11.2,–,3.47,0.621,–,–,–,–,–,–,–,–,–,1,–,–,–,–,–,–,–,–,–,–,–,–,–,–,–,–,–,–
14th,–,2L,2L7X4X5/8X3/4LLBB,–,–,–,–,–,–,13,4,–,–,–,–,–,–,–,44.2,–,–,–,–,–,64.8,25,14.2,2.23,2.45,1.8,38.9,17.3,8.89,1.73,–,–,–,–,–,–,–,–,–,–,–,–,–,–,–,–,–,–,–,–,0.625,–,–,–,–,–,–,–,–,–,–,–,–,–,–,–,–,–,–,–,–,–,–,–,–,–,–,–,–,–,–,–,–,–,–,–,–,–,–,–,–,–,7,–,–,–,–,–,–,–,–,11.2,–,3.54,0.635,–,–,–,–,–,–,–,–,–,1,–,–,–,–,–,–,–,–,–,–,–,–,–,–,–,–,–,–
14th,–,2L,2L7X4X1/2LLBB,–,–,–,–,–,–,10.5,4,–,–,–,–,–,–,–,35.8,–,–,–,–,–,53.2,20.4,11.6,2.25,2.4,1.74,21.8,9.57,5.45,1.44,–,–,–,–,–,–,–,–,–,–,–,–,–,–,–,–,–,–,–,–,0.5,–,–,–,–,–,–,–,–,–,–,–,–,–,–,–,–,–,–,–,–,–,–,–,–,–,–,–,–,–,–,–,–,–,–,–,–,–,–,–,–,–,7,–,–,–,–,–,–,–,–,14,–,3.43,0.606,–,–,–,–,–,–,–,–,–,1,–,–,–,–,–,–,–,–,–,–,–,–,–,–,–,–,–,–
14th,–,2L,2L7X4X1/2X3/8LLBB,–,–,–,–,–,–,10.5,4,–,–,–,–,–,–,–,35.8,–,–,–,–,–,53.2,20.4,11.6,2.25,2.4,1.74,25.6,11.5,6.11,1.56,–,–,–,–,–,–,–,–,–,–,–,–,–,–,–,–,–,–,–,–,0.5,–,–,–,–,–,–,–,–,–,–,–,–,–,–,–,–,–,–,–,–,–,–,–,–,–,–,–,–,–,–,–,–,–,–,–,–,–,–,–,–,–,7,–,–,–,–,–,–,–,–,14,–,3.48,0.618,–,–,–,–,–,–,–,–,–,0.965,–,–,–,–,–,–,–,–,–,–,–,–,–,–,–,–,–,–
14th,–,2L,2L7X4X1/2X3/4LLBB,–,–,–,–,–,–,10.5,4,–,–,–,–,–,–,–,35.8,–,–,–,–,–,53.2,20.4,11.6,2.25,2.4,1.74,30.3,13.5,6.93,1.7,–,–,–,–,–,–,–,–,–,–,–,–,–,–,–,–,–,–,–,–,0.5,–,–,–,–,–,–,–,–,–,–,–,–,–,–,–,–,–,–,–,–,–,–,–,–,–,–,–,–,–,–,–,–,–,–,–,–,–,–,–,–,–,7,–,–,–,–,–,–,–,–,14,–,3.55,0.632,–,–,–,–,–,–,–,–,–,0.965,–,–,–,–,–,–,–,–,–,–,–,–,–,–,–,–,–,–
14th,–,2L,2L7X4X7/16LLBB,–,–,–,–,–,–,9.26,4,–,–,–,–,–,–,–,31.4,–,–,–,–,–,47.2,18.1,10.2,2.26,2.38,1.71,18.9,8.2,4.72,1.43,–,–,–,–,–,–,–,–,–,–,–,–,–,–,–,–,–,–,–,–,0.438,–,–,–,–,–,–,–,–,–,–,–,–,–,–,–,–,–,–,–,–,–,–,–,–,–,–,–,–,–,–,–,–,–,–,–,–,–,–,–,–,–,7,–,–,–,–,–,–,–,–,16,–,3.43,0.605,–,–,–,–,–,–,–,–,–,1,–,–,–,–,–,–,–,–,–,–,–,–,–,–,–,–,–,–
14th,–,2L,2L7X4X7/16X3/8LLBB,–,–,–,–,–,–,9.26,4,–,–,–,–,–,–,–,31.4,–,–,–,–,–,47.2,18.1,10.2,2.26,2.38,1.71,22.2,9.94,5.3,1.55,–,–,–,–,–,–,–,–,–,–,–,–,–,–,–,–,–,–,–,–,0.438,–,–,–,–,–,–,–,–,–,–,–,–,–,–,–,–,–,–,–,–,–,–,–,–,–,–,–,–,–,–,–,–,–,–,–,–,–,–,–,–,–,7,–,–,–,–,–,–,–,–,16,–,3.49,0.617,–,–,–,–,–,–,–,–,–,0.912,–,–,–,–,–,–,–,–,–,–,–,–,–,–,–,–,–,–
14th,–,2L,2L7X4X7/16X3/4LLBB,–,–,–,–,–,–,9.26,4,–,–,–,–,–,–,–,31.4,–,–,–,–,–,47.2,18.1,10.2,2.26,2.38,1.71,26.1,11.7,5.97,1.68,–,–,–,–,–,–,–,–,–,–,–,–,–,–,–,–,–,–,–,–,0.438,–,–,–,–,–,–,–,–,–,–,–,–,–,–,–,–,–,–,–,–,–,–,–,–,–,–,–,–,–,–,–,–,–,–,–,–,–,–,–,–,–,7,–,–,–,–,–,–,–,–,16,–,3.55,0.63,–,–,–,–,–,–,–,–,–,0.912,–,–,–,–,–,–,–,–,–,–,–,–,–,–,–,–,–,–
14th,–,2L,2L7X4X3/8LLBB,–,–,–,–,–,–,8,4,–,–,–,–,–,–,–,27.2,–,–,–,–,–,41,15.6,8.84,2.27,2.35,1.67,16.1,6.89,4.03,1.42,–,–,–,–,–,–,–,–,–,–,–,–,–,–,–,–,–,–,–,–,0.375,–,–,–,–,–,–,–,–,–,–,–,–,–,–,–,–,–,–,–,–,–,–,–,–,–,–,–,–,–,–,–,–,–,–,–,–,–,–,–,–,–,7,–,–,–,–,–,–,–,–,18.7,–,3.44,0.605,–,–,–,–,–,–,–,–,–,1,–,–,–,–,–,–,–,–,–,–,–,–,–,–,–,–,–,–
14th,–,2L,2L7X4X3/8X3/8LLBB,–,–,–,–,–,–,8,4,–,–,–,–,–,–,–,27.2,–,–,–,–,–,41,15.6,8.84,2.27,2.35,1.67,19,8.39,4.54,1.54,–,–,–,–,–,–,–,–,–,–,–,–,–,–,–,–,–,–,–,–,0.375,–,–,–,–,–,–,–,–,–,–,–,–,–,–,–,–,–,–,–,–,–,–,–,–,–,–,–,–,–,–,–,–,–,–,–,–,–,–,–,–,–,7,–,–,–,–,–,–,–,–,18.7,–,3.49,0.616,–,–,–,–,–,–,–,–,–,0.84,–,–,–,–,–,–,–,–,–,–,–,–,–,–,–,–,–,–
14th,–,2L,2L7X4X3/8X3/4LLBB,–,–,–,–,–,–,8,4,–,–,–,–,–,–,–,27.2,–,–,–,–,–,41,15.6,8.84,2.27,2.35,1.67,22.3,9.89,5.1,1.67,–,–,–,–,–,–,–,–,–,–,–,–,–,–,–,–,–,–,–,–,0.375,–,–,–,–,–,–,–,–,–,–,–,–,–,–,–,–,–,–,–,–,–,–,–,–,–,–,–,–,–,–,–,–,–,–,–,–,–,–,–,–,–,7,–,–,–,–,–,–,–,–,18.7,–,3.55,0.629,–,–,–,–,–,–,–,–,–,0.84,–,–,–,–,–,–,–,–,–,–,–,–,–,–,–,–,–,–
14th,–,2L,2L6X4X7/8LLBB,–,–,–,–,–,–,16,4,–,–,–,–,–,–,–,54.4,–,–,–,–,–,55.4,25.4,14.3,1.86,2.12,1.43,39.4,17.9,9.85,1.57,–,–,–,–,–,–,–,–,–,–,–,–,–,–,–,–,–,–,–,–,0.875,–,–,–,–,–,–,–,–,–,–,–,–,–,–,–,–,–,–,–,–,–,–,–,–,–,–,–,–,–,–,–,–,–,–,–,–,–,–,–,–,–,6,–,–,–,–,–,–,–,–,6.86,–,2.96,0.678,–,–,–,–,–,–,–,–,–,1,–,–,–,–,–,–,–,–,–,–,–,–,–,–,–,–,–,–
14th,–,2L,2L6X4X7/8X3/8LLBB,–,–,–,–,–,–,16,4,–,–,–,–,–,–,–,54.4,–,–,–,–,–,55.4,25.4,14.3,1.86,2.12,1.43,46.8,20.9,11.2,1.71,–,–,–,–,–,–,–,–,–,–,–,–,–,–,–,–,–,–,–,–,0.875,–,–,–,–,–,–,–,–,–,–,–,–,–,–,–,–,–,–,–,–,–,–,–,–,–,–,–,–,–,–,–,–,–,–,–,–,–,–,–,–,–,6,–,–,–,–,–,–,–,–,6.86,–,3.04,0.694,–,–,–,–,–,–,–,–,–,1,–,–,–,–,–,–,–,–,–,–,–,–,–,–,–,–,–,–
14th,–,2L,2L6X4X7/8X3/4LLBB,–,–,–,–,–,–,16,4,–,–,–,–,–,–,–,54.4,–,–,–,–,–,55.4,25.4,14.3,1.86,2.12,1.43,55.4,23.9,12.7,1.86,–,–,–,–,–,–,–,–,–,–,–,–,–,–,–,–,–,–,–,–,0.875,–,–,–,–,–,–,–,–,–,–,–,–,–,–,–,–,–,–,–,–,–,–,–,–,–,–,–,–,–,–,–,–,–,–,–,–,–,–,–,–,–,6,–,–,–,–,–,–,–,–,6.86,–,3.12,0.71,–,–,–,–,–,–,–,–,–,1,–,–,–,–,–,–,–,–,–,–,–,–,–,–,–,–,–,–
14th,–,2L,2L6X4X3/4LLBB,–,–,–,–,–,–,13.9,4,–,–,–,–,–,–,–,47.2,–,–,–,–,–,49,22.2,12.5,1.88,2.07,1.37,33.4,14.9,8.35,1.55,–,–,–,–,–,–,–,–,–,–,–,–,–,–,–,–,–,–,–,–,0.75,–,–,–,–,–,–,–,–,–,–,–,–,–,–,–,–,–,–,–,–,–,–,–,–,–,–,–,–,–,–,–,–,–,–,–,–,–,–,–,–,–,6,–,–,–,–,–,–,–,–,8,–,2.97,0.673,–,–,–,–,–,–,–,–,–,1,–,–,–,–,–,–,–,–,–,–,–,–,–,–,–,–,–,–
14th,–,2L,2L6X4X3/4X3/8LLBB,–,–,–,–,–,–,13.9,4,–,–,–,–,–,–,–,47.2,–,–,–,–,–,49,22.2,12.5,1.88,2.07,1.37,39.2,17.5,9.36,1.68,–,–,–,–,–,–,–,–,–,–,–,–,–,–,–,–,–,–,–,–,0.75,–,–,–,–,–,–,–,–,–,–,–,–,–,–,–,–,–,–,–,–,–,–,–,–,–,–,–,–,–,–,–,–,–,–,–,–,–,–,–,–,–,6,–,–,–,–,–,–,–,–,8,–,3.04,0.688,–,–,–,–,–,–,–,–,–,1,–,–,–,–,–,–,–,–,–,–,–,–,–,–,–,–,–,–
14th,–,2L,2L6X4X3/4X3/4LLBB,–,–,–,–,–,–,13.9,4,–,–,–,–,–,–,–,47.2,–,–,–,–,–,49,22.2,12.5,1.88,2.07,1.37,46.5,20.1,10.6,1.83,–,–,–,–,–,–,–,–,–,–,–,–,–,–,–,–,–,–,–,–,0.75,–,–,–,–,–,–,–,–,–,–,–,–,–,–,–,–,–,–,–,–,–,–,–,–,–,–,–,–,–,–,–,–,–,–,–,–,–,–,–,–,–,6,–,–,–,–,–,–,–,–,8,–,3.12,0.705,–,–,–,–,–,–,–,–,–,1,–,–,–,–,–,–,–,–,–,–,–,–,–,–,–,–,–,–
14th,–,2L,2L6X4X5/8LLBB,–,–,–,–,–,–,11.7,4,–,–,–,–,–,–,–,40,–,–,–,–,–,42,18.9,10.6,1.89,2.03,1.31,27.4,12.1,6.85,1.53,–,–,–,–,–,–,–,–,–,–,–,–,–,–,–,–,–,–,–,–,0.625,–,–,–,–,–,–,–,–,–,–,–,–,–,–,–,–,–,–,–,–,–,–,–,–,–,–,–,–,–,–,–,–,–,–,–,–,–,–,–,–,–,6,–,–,–,–,–,–,–,–,9.6,–,2.98,0.669,–,–,–,–,–,–,–,–,–,1,–,–,–,–,–,–,–,–,–,–,–,–,–,–,–,–,–,–
14th,–,2L,2L6X4X5/8X3/8LLBB,–,–,–,–,–,–,11.7,4,–,–,–,–,–,–,–,40,–,–,–,–,–,42,18.9,10.6,1.89,2.03,1.31,32.2,14.3,7.69,1.66,–,–,–,–,–,–,–,–,–,–,–,–,–,–,–,–,–,–,–,–,0.625,–,–,–,–,–,–,–,–,–,–,–,–,–,–,–,–,–,–,–,–,–,–,–,–,–,–,–,–,–,–,–,–,–,–,–,–,–,–,–,–,–,6,–,–,–,–,–,–,–,–,9.6,–,3.05,0.684,–,–,–,–,–,–,–,–,–,1,–,–,–,–,–,–,–,–,–,–,–,–,–,–,–,–,–,–
14th,–,2L,2L6X4X5/8X3/4LLBB,–,–,–,–,–,–,11.7,4,–,–,–,–,–,–,–,40,–,–,–,–,–,42,18.9,10.6,1.89,2.03,1.31,37.9,16.5,8.66,1.8,–,–,–,–,–,–,–,–,–,–,–,–,–,–,–,–,–,–,–,–,0.625,–,–,–,–,–,–,–,–,–,–,–,–,–,–,–,–,–,–,–,–,–,–,–,–,–,–,–,–,–,–,–,–,–,–,–,–,–,–,–,–,–,6,–,–,–,–,–,–,–,–,9.6,–,3.13,0.7,–,–,–,–,–,–,–,–,–,1,–,–,–,–,–,–,–,–,–,–,–,–,–,–,–,–,–,–
14th,–,2L,2L6X4X9/16LLBB,–,–,–,–,–,–,10.6,4,–,–,–,–,–,–,–,36.2,–,–,–,–,–,38.4,17.2,9.62,1.9,2,1.28,24.5,10.6,6.12,1.52,–,–,–,–,–,–,–,–,–,–,–,–,–,–,–,–,–,–,–,–,0.563,–,–,–,–,–,–,–,–,–,–,–,–,–,–,–,–,–,–,–,–,–,–,–,–,–,–,–,–,–,–,–,–,–,–,–,–,–,–,–,–,–,6,–,–,–,–,–,–,–,–,10.7,–,2.98,0.667,–,–,–,–,–,–,–,–,–,1,–,–,–,–,–,–,–,–,–,–,–,–,–,–,–,–,–,–
14th,–,2L,2L6X4X9/16X3/8LLBB,–,–,–,–,–,–,10.6,4,–,–,–,–,–,–,–,36.2,–,–,–,–,–,38.4,17.2,9.62,1.9,2,1.28,28.9,12.6,6.9,1.65,–,–,–,–,–,–,–,–,–,–,–,–,–,–,–,–,–,–,–,–,0.563,–,–,–,–,–,–,–,–,–,–,–,–,–,–,–,–,–,–,–,–,–,–,–,–,–,–,–,–,–,–,–,–,–,–,–,–,–,–,–,–,–,6,–,–,–,–,–,–,–,–,10.7,–,3.05,0.682,–,–,–,–,–,–,–,–,–,1,–,–,–,–,–,–,–,–,–,–,–,–,–,–,–,–,–,–
14th,–,2L,2L6X4X9/16X3/4LLBB,–,–,–,–,–,–,10.6,4,–,–,–,–,–,–,–,36.2,–,–,–,–,–,38.4,17.2,9.62,1.9,2,1.28,34,14.6,7.77,1.79,–,–,–,–,–,–,–,–,–,–,–,–,–,–,–,–,–,–,–,–,0.563,–,–,–,–,–,–,–,–,–,–,–,–,–,–,–,–,–,–,–,–,–,–,–,–,–,–,–,–,–,–,–,–,–,–,–,–,–,–,–,–,–,6,–,–,–,–,–,–,–,–,10.7,–,3.13,0.697,–,–,–,–,–,–,–,–,–,1,–,–,–,–,–,–,–,–,–,–,–,–,–,–,–,–,–,–
14th,–,2L,2L6X4X1/2LLBB,–,–,–,–,–,–,9.5,4,–,–,–,–,–,–,–,32.4,–,–,–,–,–,34.6,15.4,8.62,1.91,1.98,1.25,21.7,9.32,5.42,1.51,–,–,–,–,–,–,–,–,–,–,–,–,–,–,–,–,–,–,–,–,0.5,–,–,–,–,–,–,–,–,–,–,–,–,–,–,–,–,–,–,–,–,–,–,–,–,–,–,–,–,–,–,–,–,–,–,–,–,–,–,–,–,–,6,–,–,–,–,–,–,–,–,12,–,2.99,0.665,–,–,–,–,–,–,–,–,–,1,–,–,–,–,–,–,–,–,–,–,–,–,–,–,–,–,–,–
14th,–,2L,2L6X4X1/2X3/8LLBB,–,–,–,–,–,–,9.5,4,–,–,–,–,–,–,–,32.4,–,–,–,–,–,34.6,15.4,8.62,1.91,1.98,1.25,25.6,11.1,6.11,1.64,–,–,–,–,–,–,–,–,–,–,–,–,–,–,–,–,–,–,–,–,0.5,–,–,–,–,–,–,–,–,–,–,–,–,–,–,–,–,–,–,–,–,–,–,–,–,–,–,–,–,–,–,–,–,–,–,–,–,–,–,–,–,–,6,–,–,–,–,–,–,–,–,12,–,3.05,0.679,–,–,–,–,–,–,–,–,–,1,–,–,–,–,–,–,–,–,–,–,–,–,–,–,–,–,–,–
14th,–,2L,2L6X4X1/2X3/4LLBB,–,–,–,–,–,–,9.5,4,–,–,–,–,–,–,–,32.4,–,–,–,–,–,34.6,15.4,8.62,1.91,1.98,1.25,29.8,12.9,6.81,1.77,–,–,–,–,–,–,–,–,–,–,–,–,–,–,–,–,–,–,–,–,0.5,–,–,–,–,–,–,–,–,–,–,–,–,–,–,–,–,–,–,–,–,–,–,–,–,–,–,–,–,–,–,–,–,–,–,–,–,–,–,–,–,–,6,–,–,–,–,–,–,–,–,12,–,3.13,0.695,–,–,–,–,–,–,–,–,–,1,–,–,–,–,–,–,–,–,–,–,–,–,–,–,–,–,–,–
14th,–,2L,2L6X4X7/16LLBB,–,–,–,–,–,–,8.36,4,–,–,–,–,–,–,–,28.6,–,–,–,–,–,30.8,13.6,7.62,1.92,1.95,1.22,18.8,8,4.7,1.5,–,–,–,–,–,–,–,–,–,–,–,–,–,–,–,–,–,–,–,–,0.438,–,–,–,–,–,–,–,–,–,–,–,–,–,–,–,–,–,–,–,–,–,–,–,–,–,–,–,–,–,–,–,–,–,–,–,–,–,–,–,–,–,6,–,–,–,–,–,–,–,–,13.7,–,2.99,0.663,–,–,–,–,–,–,–,–,–,1,–,–,–,–,–,–,–,–,–,–,–,–,–,–,–,–,–,–
14th,–,2L,2L6X4X7/16X3/8LLBB,–,–,–,–,–,–,8.36,4,–,–,–,–,–,–,–,28.6,–,–,–,–,–,30.8,13.6,7.62,1.92,1.95,1.22,21.9,9.57,5.23,1.62,–,–,–,–,–,–,–,–,–,–,–,–,–,–,–,–,–,–,–,–,0.438,–,–,–,–,–,–,–,–,–,–,–,–,–,–,–,–,–,–,–,–,–,–,–,–,–,–,–,–,–,–,–,–,–,–,–,–,–,–,–,–,–,6,–,–,–,–,–,–,–,–,13.7,–,3.06,0.678,–,–,–,–,–,–,–,–,–,0.973,–,–,–,–,–,–,–,–,–,–,–,–,–,–,–,–,–,–
14th,–,2L,2L6X4X7/16X3/4LLBB,–,–,–,–,–,–,8.36,4,–,–,–,–,–,–,–,28.6,–,–,–,–,–,30.8,13.6,7.62,1.92,1.95,1.22,25.9,11.1,5.92,1.76,–,–,–,–,–,–,–,–,–,–,–,–,–,–,–,–,–,–,–,–,0.438,–,–,–,–,–,–,–,–,–,–,–,–,–,–,–,–,–,–,–,–,–,–,–,–,–,–,–,–,–,–,–,–,–,–,–,–,–,–,–,–,–,6,–,–,–,–,–,–,–,–,13.7,–,3.13,0.693,–,–,–,–,–,–,–,–,–,0.973,–,–,–,–,–,–,–,–,–,–,–,–,–,–,–,–,–,–
14th,–,2L,2L6X4X3/8LLBB,–,–,–,–,–,–,7.22,4,–,–,–,–,–,–,–,24.6,–,–,–,–,–,26.8,11.8,6.6,1.93,1.93,1.19,16,6.74,4,1.49,–,–,–,–,–,–,–,–,–,–,–,–,–,–,–,–,–,–,–,–,0.375,–,–,–,–,–,–,–,–,–,–,–,–,–,–,–,–,–,–,–,–,–,–,–,–,–,–,–,–,–,–,–,–,–,–,–,–,–,–,–,–,–,6,–,–,–,–,–,–,–,–,16,–,2.99,0.662,–,–,–,–,–,–,–,–,–,1,–,–,–,–,–,–,–,–,–,–,–,–,–,–,–,–,–,–
14th,–,2L,2L6X4X3/8X3/8LLBB,–,–,–,–,–,–,7.22,4,–,–,–,–,–,–,–,24.6,–,–,–,–,–,26.8,11.8,6.6,1.93,1.93,1.19,18.7,8.09,4.47,1.61,–,–,–,–,–,–,–,–,–,–,–,–,–,–,–,–,–,–,–,–,0.375,–,–,–,–,–,–,–,–,–,–,–,–,–,–,–,–,–,–,–,–,–,–,–,–,–,–,–,–,–,–,–,–,–,–,–,–,–,–,–,–,–,6,–,–,–,–,–,–,–,–,16,–,3.06,0.676,–,–,–,–,–,–,–,–,–,0.912,–,–,–,–,–,–,–,–,–,–,–,–,–,–,–,–,–,–
14th,–,2L,2L6X4X3/8X3/4LLBB,–,–,–,–,–,–,7.22,4,–,–,–,–,–,–,–,24.6,–,–,–,–,–,26.8,11.8,6.6,1.93,1.93,1.19,22.1,9.44,5.05,1.75,–,–,–,–,–,–,–,–,–,–,–,–,–,–,–,–,–,–,–,–,0.375,–,–,–,–,–,–,–,–,–,–,–,–,–,–,–,–,–,–,–,–,–,–,–,–,–,–,–,–,–,–,–,–,–,–,–,–,–,–,–,–,–,6,–,–,–,–,–,–,–,–,16,–,3.13,0.691,–,–,–,–,–,–,–,–,–,0.912,–,–,–,–,–,–,–,–,–,–,–,–,–,–,–,–,–,–
14th,–,2L,2L6X4X5/16LLBB,–,–,–,–,–,–,6.06,4,–,–,–,–,–,–,–,20.6,–,–,–,–,–,22.8,9.92,5.54,1.94,1.9,1.15,13.3,5.5,3.32,1.48,–,–,–,–,–,–,–,–,–,–,–,–,–,–,–,–,–,–,–,–,0.313,–,–,–,–,–,–,–,–,–,–,–,–,–,–,–,–,–,–,–,–,–,–,–,–,–,–,–,–,–,–,–,–,–,–,–,–,–,–,–,–,–,6,–,–,–,–,–,–,–,–,19.2,–,3,0.661,–,–,–,–,–,–,–,–,–,1,–,–,–,–,–,–,–,–,–,–,–,–,–,–,–,–,–,–
14th,–,2L,2L6X4X5/16X3/8LLBB,–,–,–,–,–,–,6.06,4,–,–,–,–,–,–,–,20.6,–,–,–,–,–,22.8,9.92,5.54,1.94,1.9,1.15,15.5,6.64,3.7,1.6,–,–,–,–,–,–,–,–,–,–,–,–,–,–,–,–,–,–,–,–,0.313,–,–,–,–,–,–,–,–,–,–,–,–,–,–,–,–,–,–,–,–,–,–,–,–,–,–,–,–,–,–,–,–,–,–,–,–,–,–,–,–,–,6,–,–,–,–,–,–,–,–,19.2,–,3.06,0.674,–,–,–,–,–,–,–,–,–,0.826,–,–,–,–,–,–,–,–,–,–,–,–,–,–,–,–,–,–
14th,–,2L,2L6X4X5/16X3/4LLBB,–,–,–,–,–,–,6.06,4,–,–,–,–,–,–,–,20.6,–,–,–,–,–,22.8,9.92,5.54,1.94,1.9,1.15,18.3,7.77,4.18,1.74,–,–,–,–,–,–,–,–,–,–,–,–,–,–,–,–,–,–,–,–,0.313,–,–,–,–,–,–,–,–,–,–,–,–,–,–,–,–,–,–,–,–,–,–,–,–,–,–,–,–,–,–,–,–,–,–,–,–,–,–,–,–,–,6,–,–,–,–,–,–,–,–,19.2,–,3.13,0.689,–,–,–,–,–,–,–,–,–,0.826,–,–,–,–,–,–,–,–,–,–,–,–,–,–,–,–,–,–
14th,–,2L,2L6X3-1/2X1/2LLBB,–,–,–,–,–,–,9,3.5,–,–,–,–,–,–,–,30.6,–,–,–,–,–,33.2,15,8.46,1.92,2.07,1.5,14.5,7.46,4.14,1.27,–,–,–,–,–,–,–,–,–,–,–,–,–,–,–,–,–,–,–,–,0.5,–,–,–,–,–,–,–,–,–,–,–,–,–,–,–,–,–,–,–,–,–,–,–,–,–,–,–,–,–,–,–,–,–,–,–,–,–,–,–,–,–,6,–,–,–,–,–,–,–,–,12,–,2.94,0.615,–,–,–,–,–,–,–,–,–,1,–,–,–,–,–,–,–,–,–,–,–,–,–,–,–,–,–,–
14th,–,2L,2L6X3-1/2X1/2X3/8LLBB,–,–,–,–,–,–,9,3.5,–,–,–,–,–,–,–,30.6,–,–,–,–,–,33.2,15,8.46,1.92,2.07,1.5,17.6,9.15,4.77,1.4,–,–,–,–,–,–,–,–,–,–,–,–,–,–,–,–,–,–,–,–,0.5,–,–,–,–,–,–,–,–,–,–,–,–,–,–,–,–,–,–,–,–,–,–,–,–,–,–,–,–,–,–,–,–,–,–,–,–,–,–,–,–,–,6,–,–,–,–,–,–,–,–,12,–,2.99,0.63,–,–,–,–,–,–,–,–,–,1,–,–,–,–,–,–,–,–,–,–,–,–,–,–,–,–,–,–
14th,–,2L,2L6X3-1/2X1/2X3/4LLBB,–,–,–,–,–,–,9,3.5,–,–,–,–,–,–,–,30.6,–,–,–,–,–,33.2,15,8.46,1.92,2.07,1.5,21.3,10.8,5.5,1.54,–,–,–,–,–,–,–,–,–,–,–,–,–,–,–,–,–,–,–,–,0.5,–,–,–,–,–,–,–,–,–,–,–,–,–,–,–,–,–,–,–,–,–,–,–,–,–,–,–,–,–,–,–,–,–,–,–,–,–,–,–,–,–,6,–,–,–,–,–,–,–,–,12,–,3.06,0.646,–,–,–,–,–,–,–,–,–,1,–,–,–,–,–,–,–,–,–,–,–,–,–,–,–,–,–,–
14th,–,2L,2L6X3-1/2X3/8LLBB,–,–,–,–,–,–,6.88,3.5,–,–,–,–,–,–,–,23.4,–,–,–,–,–,25.8,11.5,6.46,1.93,2.02,1.41,10.9,5.37,3.11,1.26,–,–,–,–,–,–,–,–,–,–,–,–,–,–,–,–,–,–,–,–,0.375,–,–,–,–,–,–,–,–,–,–,–,–,–,–,–,–,–,–,–,–,–,–,–,–,–,–,–,–,–,–,–,–,–,–,–,–,–,–,–,–,–,6,–,–,–,–,–,–,–,–,16,–,2.95,0.613,–,–,–,–,–,–,–,–,–,1,–,–,–,–,–,–,–,–,–,–,–,–,–,–,–,–,–,–
14th,–,2L,2L6X3-1/2X3/8X3/8LLBB,–,–,–,–,–,–,6.88,3.5,–,–,–,–,–,–,–,23.4,–,–,–,–,–,25.8,11.5,6.46,1.93,2.02,1.41,13.1,6.66,3.55,1.38,–,–,–,–,–,–,–,–,–,–,–,–,–,–,–,–,–,–,–,–,0.375,–,–,–,–,–,–,–,–,–,–,–,–,–,–,–,–,–,–,–,–,–,–,–,–,–,–,–,–,–,–,–,–,–,–,–,–,–,–,–,–,–,6,–,–,–,–,–,–,–,–,16,–,3,0.627,–,–,–,–,–,–,–,–,–,0.912,–,–,–,–,–,–,–,–,–,–,–,–,–,–,–,–,–,–
14th,–,2L,2L6X3-1/2X3/8X3/4LLBB,–,–,–,–,–,–,6.88,3.5,–,–,–,–,–,–,–,23.4,–,–,–,–,–,25.8,11.5,6.46,1.93,2.02,1.41,15.9,7.95,4.1,1.52,–,–,–,–,–,–,–,–,–,–,–,–,–,–,–,–,–,–,–,–,0.375,–,–,–,–,–,–,–,–,–,–,–,–,–,–,–,–,–,–,–,–,–,–,–,–,–,–,–,–,–,–,–,–,–,–,–,–,–,–,–,–,–,6,–,–,–,–,–,–,–,–,16,–,3.07,0.642,–,–,–,–,–,–,–,–,–,0.912,–,–,–,–,–,–,–,–,–,–,–,–,–,–,–,–,–,–
14th,–,2L,2L6X3-1/2X5/16LLBB,–,–,–,–,–,–,5.78,3.5,–,–,–,–,–,–,–,19.6,–,–,–,–,–,21.8,9.68,5.44,1.94,2,1.38,9.03,4.37,2.58,1.25,–,–,–,–,–,–,–,–,–,–,–,–,–,–,–,–,–,–,–,–,0.313,–,–,–,–,–,–,–,–,–,–,–,–,–,–,–,–,–,–,–,–,–,–,–,–,–,–,–,–,–,–,–,–,–,–,–,–,–,–,–,–,–,6,–,–,–,–,–,–,–,–,19.2,–,2.95,0.612,–,–,–,–,–,–,–,–,–,1,–,–,–,–,–,–,–,–,–,–,–,–,–,–,–,–,–,–
14th,–,2L,2L6X3-1/2X5/16X3/8LLBB,–,–,–,–,–,–,5.78,3.5,–,–,–,–,–,–,–,19.6,–,–,–,–,–,21.8,9.68,5.44,1.94,2,1.38,10.8,5.45,2.93,1.37,–,–,–,–,–,–,–,–,–,–,–,–,–,–,–,–,–,–,–,–,0.313,–,–,–,–,–,–,–,–,–,–,–,–,–,–,–,–,–,–,–,–,–,–,–,–,–,–,–,–,–,–,–,–,–,–,–,–,–,–,–,–,–,6,–,–,–,–,–,–,–,–,19.2,–,3,0.625,–,–,–,–,–,–,–,–,–,0.826,–,–,–,–,–,–,–,–,–,–,–,–,–,–,–,–,–,–
14th,–,2L,2L6X3-1/2X5/16X3/4LLBB,–,–,–,–,–,–,5.78,3.5,–,–,–,–,–,–,–,19.6,–,–,–,–,–,21.8,9.68,5.44,1.94,2,1.38,13,6.54,3.35,1.5,–,–,–,–,–,–,–,–,–,–,–,–,–,–,–,–,–,–,–,–,0.313,–,–,–,–,–,–,–,–,–,–,–,–,–,–,–,–,–,–,–,–,–,–,–,–,–,–,–,–,–,–,–,–,–,–,–,–,–,–,–,–,–,6,–,–,–,–,–,–,–,–,19.2,–,3.07,0.641,–,–,–,–,–,–,–,–,–,0.826,–,–,–,–,–,–,–,–,–,–,–,–,–,–,–,–,–,–
14th,–,2L,2L5X3-1/2X3/4LLBB,–,–,–,–,–,–,11.7,3.5,–,–,–,–,–,–,–,39.6,–,–,–,–,–,27.8,15.2,8.52,1.55,1.74,1.1,22.6,11.6,6.46,1.39,–,–,–,–,–,–,–,–,–,–,–,–,–,–,–,–,–,–,–,–,0.75,–,–,–,–,–,–,–,–,–,–,–,–,–,–,–,–,–,–,–,–,–,–,–,–,–,–,–,–,–,–,–,–,–,–,–,–,–,–,–,–,–,5,–,–,–,–,–,–,–,–,6.67,–,2.49,0.699,–,–,–,–,–,–,–,–,–,1,–,–,–,–,–,–,–,–,–,–,–,–,–,–,–,–,–,–
14th,–,2L,2L5X3-1/2X3/4X3/8LLBB,–,–,–,–,–,–,11.7,3.5,–,–,–,–,–,–,–,39.6,–,–,–,–,–,27.8,15.2,8.52,1.55,1.74,1.1,27.4,13.8,7.43,1.53,–,–,–,–,–,–,–,–,–,–,–,–,–,–,–,–,–,–,–,–,0.75,–,–,–,–,–,–,–,–,–,–,–,–,–,–,–,–,–,–,–,–,–,–,–,–,–,–,–,–,–,–,–,–,–,–,–,–,–,–,–,–,–,5,–,–,–,–,–,–,–,–,6.67,–,2.57,0.717,–,–,–,–,–,–,–,–,–,1,–,–,–,–,–,–,–,–,–,–,–,–,–,–,–,–,–,–
14th,–,2L,2L5X3-1/2X3/4X3/4LLBB,–,–,–,–,–,–,11.7,3.5,–,–,–,–,–,–,–,39.6,–,–,–,–,–,27.8,15.2,8.52,1.55,1.74,1.1,33,16,8.52,1.68,–,–,–,–,–,–,–,–,–,–,–,–,–,–,–,–,–,–,–,–,0.75,–,–,–,–,–,–,–,–,–,–,–,–,–,–,–,–,–,–,–,–,–,–,–,–,–,–,–,–,–,–,–,–,–,–,–,–,–,–,–,–,–,5,–,–,–,–,–,–,–,–,6.67,–,2.66,0.736,–,–,–,–,–,–,–,–,–,1,–,–,–,–,–,–,–,–,–,–,–,–,–,–,–,–,–,–
14th,–,2L,2L5X3-1/2X5/8LLBB,–,–,–,–,–,–,9.86,3.5,–,–,–,–,–,–,–,33.6,–,–,–,–,–,24,13,7.26,1.56,1.69,1.06,18.5,9.34,5.29,1.37,–,–,–,–,–,–,–,–,–,–,–,–,–,–,–,–,–,–,–,–,0.625,–,–,–,–,–,–,–,–,–,–,–,–,–,–,–,–,–,–,–,–,–,–,–,–,–,–,–,–,–,–,–,–,–,–,–,–,–,–,–,–,–,5,–,–,–,–,–,–,–,–,8,–,2.49,0.693,–,–,–,–,–,–,–,–,–,1,–,–,–,–,–,–,–,–,–,–,–,–,–,–,–,–,–,–
14th,–,2L,2L5X3-1/2X5/8X3/8LLBB,–,–,–,–,–,–,9.86,3.5,–,–,–,–,–,–,–,33.6,–,–,–,–,–,24,13,7.26,1.56,1.69,1.06,22.2,11.2,6.02,1.5,–,–,–,–,–,–,–,–,–,–,–,–,–,–,–,–,–,–,–,–,0.625,–,–,–,–,–,–,–,–,–,–,–,–,–,–,–,–,–,–,–,–,–,–,–,–,–,–,–,–,–,–,–,–,–,–,–,–,–,–,–,–,–,5,–,–,–,–,–,–,–,–,8,–,2.57,0.711,–,–,–,–,–,–,–,–,–,1,–,–,–,–,–,–,–,–,–,–,–,–,–,–,–,–,–,–
14th,–,2L,2L5X3-1/2X5/8X3/4LLBB,–,–,–,–,–,–,9.86,3.5,–,–,–,–,–,–,–,33.6,–,–,–,–,–,24,13,7.26,1.56,1.69,1.06,26.8,13,6.92,1.65,–,–,–,–,–,–,–,–,–,–,–,–,–,–,–,–,–,–,–,–,0.625,–,–,–,–,–,–,–,–,–,–,–,–,–,–,–,–,–,–,–,–,–,–,–,–,–,–,–,–,–,–,–,–,–,–,–,–,–,–,–,–,–,5,–,–,–,–,–,–,–,–,8,–,2.66,0.73,–,–,–,–,–,–,–,–,–,1,–,–,–,–,–,–,–,–,–,–,–,–,–,–,–,–,–,–
14th,–,2L,2L5X3-1/2X1/2LLBB,–,–,–,–,–,–,8,3.5,–,–,–,–,–,–,–,27.2,–,–,–,–,–,20,10.7,5.94,1.58,1.65,1,14.6,7.21,4.17,1.35,–,–,–,–,–,–,–,–,–,–,–,–,–,–,–,–,–,–,–,–,0.5,–,–,–,–,–,–,–,–,–,–,–,–,–,–,–,–,–,–,–,–,–,–,–,–,–,–,–,–,–,–,–,–,–,–,–,–,–,–,–,–,–,5,–,–,–,–,–,–,–,–,10,–,2.5,0.688,–,–,–,–,–,–,–,–,–,1,–,–,–,–,–,–,–,–,–,–,–,–,–,–,–,–,–,–
14th,–,2L,2L5X3-1/2X1/2X3/8LLBB,–,–,–,–,–,–,8,3.5,–,–,–,–,–,–,–,27.2,–,–,–,–,–,20,10.7,5.94,1.58,1.65,1,17.5,8.71,4.75,1.48,–,–,–,–,–,–,–,–,–,–,–,–,–,–,–,–,–,–,–,–,0.5,–,–,–,–,–,–,–,–,–,–,–,–,–,–,–,–,–,–,–,–,–,–,–,–,–,–,–,–,–,–,–,–,–,–,–,–,–,–,–,–,–,5,–,–,–,–,–,–,–,–,10,–,2.58,0.705,–,–,–,–,–,–,–,–,–,1,–,–,–,–,–,–,–,–,–,–,–,–,–,–,–,–,–,–
14th,–,2L,2L5X3-1/2X1/2X3/4LLBB,–,–,–,–,–,–,8,3.5,–,–,–,–,–,–,–,27.2,–,–,–,–,–,20,10.7,5.94,1.58,1.65,1,21,10.2,5.42,1.62,–,–,–,–,–,–,–,–,–,–,–,–,–,–,–,–,–,–,–,–,0.5,–,–,–,–,–,–,–,–,–,–,–,–,–,–,–,–,–,–,–,–,–,–,–,–,–,–,–,–,–,–,–,–,–,–,–,–,–,–,–,–,–,5,–,–,–,–,–,–,–,–,10,–,2.66,0.724,–,–,–,–,–,–,–,–,–,1,–,–,–,–,–,–,–,–,–,–,–,–,–,–,–,–,–,–
14th,–,2L,2L5X3-1/2X3/8LLBB,–,–,–,–,–,–,6.1,3.5,–,–,–,–,–,–,–,20.8,–,–,–,–,–,15.5,8.18,4.56,1.59,1.6,0.933,10.8,5.21,3.09,1.33,–,–,–,–,–,–,–,–,–,–,–,–,–,–,–,–,–,–,–,–,0.375,–,–,–,–,–,–,–,–,–,–,–,–,–,–,–,–,–,–,–,–,–,–,–,–,–,–,–,–,–,–,–,–,–,–,–,–,–,–,–,–,–,5,–,–,–,–,–,–,–,–,13.3,–,2.51,0.683,–,–,–,–,–,–,–,–,–,1,–,–,–,–,–,–,–,–,–,–,–,–,–,–,–,–,–,–
14th,–,2L,2L5X3-1/2X3/8X3/8LLBB,–,–,–,–,–,–,6.1,3.5,–,–,–,–,–,–,–,20.8,–,–,–,–,–,15.5,8.18,4.56,1.59,1.6,0.933,13,6.35,3.53,1.46,–,–,–,–,–,–,–,–,–,–,–,–,–,–,–,–,–,–,–,–,0.375,–,–,–,–,–,–,–,–,–,–,–,–,–,–,–,–,–,–,–,–,–,–,–,–,–,–,–,–,–,–,–,–,–,–,–,–,–,–,–,–,–,5,–,–,–,–,–,–,–,–,13.3,–,2.58,0.7,–,–,–,–,–,–,–,–,–,0.983,–,–,–,–,–,–,–,–,–,–,–,–,–,–,–,–,–,–
14th,–,2L,2L5X3-1/2X3/8X3/4LLBB,–,–,–,–,–,–,6.1,3.5,–,–,–,–,–,–,–,20.8,–,–,–,–,–,15.5,8.18,4.56,1.59,1.6,0.933,15.4,7.5,3.97,1.59,–,–,–,–,–,–,–,–,–,–,–,–,–,–,–,–,–,–,–,–,0.375,–,–,–,–,–,–,–,–,–,–,–,–,–,–,–,–,–,–,–,–,–,–,–,–,–,–,–,–,–,–,–,–,–,–,–,–,–,–,–,–,–,5,–,–,–,–,–,–,–,–,13.3,–,2.66,0.718,–,–,–,–,–,–,–,–,–,0.983,–,–,–,–,–,–,–,–,–,–,–,–,–,–,–,–,–,–
14th,–,2L,2L5X3-1/2X5/16LLBB,–,–,–,–,–,–,5.12,3.5,–,–,–,–,–,–,–,17.4,–,–,–,–,–,13.2,6.9,3.84,1.6,1.57,0.904,8.92,4.24,2.55,1.32,–,–,–,–,–,–,–,–,–,–,–,–,–,–,–,–,–,–,–,–,0.313,–,–,–,–,–,–,–,–,–,–,–,–,–,–,–,–,–,–,–,–,–,–,–,–,–,–,–,–,–,–,–,–,–,–,–,–,–,–,–,–,–,5,–,–,–,–,–,–,–,–,16,–,2.51,0.682,–,–,–,–,–,–,–,–,–,1,–,–,–,–,–,–,–,–,–,–,–,–,–,–,–,–,–,–
14th,–,2L,2L5X3-1/2X5/16X3/8LLBB,–,–,–,–,–,–,5.12,3.5,–,–,–,–,–,–,–,17.4,–,–,–,–,–,13.2,6.9,3.84,1.6,1.57,0.904,10.6,5.2,2.87,1.44,–,–,–,–,–,–,–,–,–,–,–,–,–,–,–,–,–,–,–,–,0.313,–,–,–,–,–,–,–,–,–,–,–,–,–,–,–,–,–,–,–,–,–,–,–,–,–,–,–,–,–,–,–,–,–,–,–,–,–,–,–,–,–,5,–,–,–,–,–,–,–,–,16,–,2.58,0.698,–,–,–,–,–,–,–,–,–,0.912,–,–,–,–,–,–,–,–,–,–,–,–,–,–,–,–,–,–
14th,–,2L,2L5X3-1/2X5/16X3/4LLBB,–,–,–,–,–,–,5.12,3.5,–,–,–,–,–,–,–,17.4,–,–,–,–,–,13.2,6.9,3.84,1.6,1.57,0.904,12.8,6.16,3.3,1.58,–,–,–,–,–,–,–,–,–,–,–,–,–,–,–,–,–,–,–,–,0.313,–,–,–,–,–,–,–,–,–,–,–,–,–,–,–,–,–,–,–,–,–,–,–,–,–,–,–,–,–,–,–,–,–,–,–,–,–,–,–,–,–,5,–,–,–,–,–,–,–,–,16,–,2.66,0.716,–,–,–,–,–,–,–,–,–,0.912,–,–,–,–,–,–,–,–,–,–,–,–,–,–,–,–,–,–
14th,–,2L,2L5X3-1/2X1/4LLBB,–,–,–,–,–,–,4.14,3.5,–,–,–,–,–,–,–,14,–,–,–,–,–,10.7,5.56,3.1,1.61,1.55,0.86,7.1,3.33,2.03,1.31,–,–,–,–,–,–,–,–,–,–,–,–,–,–,–,–,–,–,–,–,0.25,–,–,–,–,–,–,–,–,–,–,–,–,–,–,–,–,–,–,–,–,–,–,–,–,–,–,–,–,–,–,–,–,–,–,–,–,–,–,–,–,–,5,–,–,–,–,–,–,–,–,20,–,2.52,0.68,–,–,–,–,–,–,–,–,–,1,–,–,–,–,–,–,–,–,–,–,–,–,–,–,–,–,–,–
14th,–,2L,2L5X3-1/2X1/4X3/8LLBB,–,–,–,–,–,–,4.14,3.5,–,–,–,–,–,–,–,14,–,–,–,–,–,10.7,5.56,3.1,1.61,1.55,0.86,8.47,4.1,2.3,1.43,–,–,–,–,–,–,–,–,–,–,–,–,–,–,–,–,–,–,–,–,0.25,–,–,–,–,–,–,–,–,–,–,–,–,–,–,–,–,–,–,–,–,–,–,–,–,–,–,–,–,–,–,–,–,–,–,–,–,–,–,–,–,–,5,–,–,–,–,–,–,–,–,20,–,2.58,0.696,–,–,–,–,–,–,–,–,–,0.804,–,–,–,–,–,–,–,–,–,–,–,–,–,–,–,–,–,–
14th,–,2L,2L5X3-1/2X1/4X3/4LLBB,–,–,–,–,–,–,4.14,3.5,–,–,–,–,–,–,–,14,–,–,–,–,–,10.7,5.56,3.1,1.61,1.55,0.86,10.2,4.88,2.63,1.57,–,–,–,–,–,–,–,–,–,–,–,–,–,–,–,–,–,–,–,–,0.25,–,–,–,–,–,–,–,–,–,–,–,–,–,–,–,–,–,–,–,–,–,–,–,–,–,–,–,–,–,–,–,–,–,–,–,–,–,–,–,–,–,5,–,–,–,–,–,–,–,–,20,–,2.66,0.714,–,–,–,–,–,–,–,–,–,0.804,–,–,–,–,–,–,–,–,–,–,–,–,–,–,–,–,–,–
14th,–,2L,2L5X3X1/2LLBB,–,–,–,–,–,–,7.5,3,–,–,–,–,–,–,–,25.6,–,–,–,–,–,18.9,10.2,5.78,1.58,1.74,1.25,9.24,5.6,3.08,1.11,–,–,–,–,–,–,–,–,–,–,–,–,–,–,–,–,–,–,–,–,0.5,–,–,–,–,–,–,–,–,–,–,–,–,–,–,–,–,–,–,–,–,–,–,–,–,–,–,–,–,–,–,–,–,–,–,–,–,–,–,–,–,–,5,–,–,–,–,–,–,–,–,10,–,2.44,0.628,–,–,–,–,–,–,–,–,–,1,–,–,–,–,–,–,–,–,–,–,–,–,–,–,–,–,–,–
14th,–,2L,2L5X3X1/2X3/8LLBB,–,–,–,–,–,–,7.5,3,–,–,–,–,–,–,–,25.6,–,–,–,–,–,18.9,10.2,5.78,1.58,1.74,1.25,11.5,7,3.61,1.24,–,–,–,–,–,–,–,–,–,–,–,–,–,–,–,–,–,–,–,–,0.5,–,–,–,–,–,–,–,–,–,–,–,–,–,–,–,–,–,–,–,–,–,–,–,–,–,–,–,–,–,–,–,–,–,–,–,–,–,–,–,–,–,5,–,–,–,–,–,–,–,–,10,–,2.51,0.646,–,–,–,–,–,–,–,–,–,1,–,–,–,–,–,–,–,–,–,–,–,–,–,–,–,–,–,–
14th,–,2L,2L5X3X1/2X3/4LLBB,–,–,–,–,–,–,7.5,3,–,–,–,–,–,–,–,25.6,–,–,–,–,–,18.9,10.2,5.78,1.58,1.74,1.25,14.5,8.41,4.3,1.39,–,–,–,–,–,–,–,–,–,–,–,–,–,–,–,–,–,–,–,–,0.5,–,–,–,–,–,–,–,–,–,–,–,–,–,–,–,–,–,–,–,–,–,–,–,–,–,–,–,–,–,–,–,–,–,–,–,–,–,–,–,–,–,5,–,–,–,–,–,–,–,–,10,–,2.58,0.667,–,–,–,–,–,–,–,–,–,1,–,–,–,–,–,–,–,–,–,–,–,–,–,–,–,–,–,–
14th,–,2L,2L5X3X7/16LLBB,–,–,–,–,–,–,6.62,3,–,–,–,–,–,–,–,22.6,–,–,–,–,–,16.8,9.06,5.12,1.59,1.72,1.22,8.01,4.78,2.67,1.1,–,–,–,–,–,–,–,–,–,–,–,–,–,–,–,–,–,–,–,–,0.438,–,–,–,–,–,–,–,–,–,–,–,–,–,–,–,–,–,–,–,–,–,–,–,–,–,–,–,–,–,–,–,–,–,–,–,–,–,–,–,–,–,5,–,–,–,–,–,–,–,–,11.4,–,2.45,0.626,–,–,–,–,–,–,–,–,–,1,–,–,–,–,–,–,–,–,–,–,–,–,–,–,–,–,–,–
14th,–,2L,2L5X3X7/16X3/8LLBB,–,–,–,–,–,–,6.62,3,–,–,–,–,–,–,–,22.6,–,–,–,–,–,16.8,9.06,5.12,1.59,1.72,1.22,10,6.02,3.14,1.23,–,–,–,–,–,–,–,–,–,–,–,–,–,–,–,–,–,–,–,–,0.438,–,–,–,–,–,–,–,–,–,–,–,–,–,–,–,–,–,–,–,–,–,–,–,–,–,–,–,–,–,–,–,–,–,–,–,–,–,–,–,–,–,5,–,–,–,–,–,–,–,–,11.4,–,2.51,0.644,–,–,–,–,–,–,–,–,–,1,–,–,–,–,–,–,–,–,–,–,–,–,–,–,–,–,–,–
14th,–,2L,2L5X3X7/16X3/4LLBB,–,–,–,–,–,–,6.62,3,–,–,–,–,–,–,–,22.6,–,–,–,–,–,16.8,9.06,5.12,1.59,1.72,1.22,12.6,7.26,3.73,1.38,–,–,–,–,–,–,–,–,–,–,–,–,–,–,–,–,–,–,–,–,0.438,–,–,–,–,–,–,–,–,–,–,–,–,–,–,–,–,–,–,–,–,–,–,–,–,–,–,–,–,–,–,–,–,–,–,–,–,–,–,–,–,–,5,–,–,–,–,–,–,–,–,11.4,–,2.58,0.664,–,–,–,–,–,–,–,–,–,1,–,–,–,–,–,–,–,–,–,–,–,–,–,–,–,–,–,–
14th,–,2L,2L5X3X3/8LLBB,–,–,–,–,–,–,5.72,3,–,–,–,–,–,–,–,19.6,–,–,–,–,–,14.7,7.86,4.44,1.6,1.69,1.19,6.8,3.99,2.27,1.09,–,–,–,–,–,–,–,–,–,–,–,–,–,–,–,–,–,–,–,–,0.375,–,–,–,–,–,–,–,–,–,–,–,–,–,–,–,–,–,–,–,–,–,–,–,–,–,–,–,–,–,–,–,–,–,–,–,–,–,–,–,–,–,5,–,–,–,–,–,–,–,–,13.3,–,2.45,0.624,–,–,–,–,–,–,–,–,–,1,–,–,–,–,–,–,–,–,–,–,–,–,–,–,–,–,–,–
14th,–,2L,2L5X3X3/8X3/8LLBB,–,–,–,–,–,–,5.72,3,–,–,–,–,–,–,–,19.6,–,–,–,–,–,14.7,7.86,4.44,1.6,1.69,1.19,8.51,5.07,2.67,1.22,–,–,–,–,–,–,–,–,–,–,–,–,–,–,–,–,–,–,–,–,0.375,–,–,–,–,–,–,–,–,–,–,–,–,–,–,–,–,–,–,–,–,–,–,–,–,–,–,–,–,–,–,–,–,–,–,–,–,–,–,–,–,–,5,–,–,–,–,–,–,–,–,13.3,–,2.51,0.642,–,–,–,–,–,–,–,–,–,0.983,–,–,–,–,–,–,–,–,–,–,–,–,–,–,–,–,–,–
14th,–,2L,2L5X3X3/8X3/4LLBB,–,–,–,–,–,–,5.72,3,–,–,–,–,–,–,–,19.6,–,–,–,–,–,14.7,7.86,4.44,1.6,1.69,1.19,10.6,6.14,3.14,1.36,–,–,–,–,–,–,–,–,–,–,–,–,–,–,–,–,–,–,–,–,0.375,–,–,–,–,–,–,–,–,–,–,–,–,–,–,–,–,–,–,–,–,–,–,–,–,–,–,–,–,–,–,–,–,–,–,–,–,–,–,–,–,–,5,–,–,–,–,–,–,–,–,13.3,–,2.59,0.661,–,–,–,–,–,–,–,–,–,0.983,–,–,–,–,–,–,–,–,–,–,–,–,–,–,–,–,–,–
14th,–,2L,2L5X3X5/16LLBB,–,–,–,–,–,–,4.82,3,–,–,–,–,–,–,–,16.4,–,–,–,–,–,12.5,6.64,3.74,1.61,1.67,1.14,5.62,3.24,1.87,1.08,–,–,–,–,–,–,–,–,–,–,–,–,–,–,–,–,–,–,–,–,0.313,–,–,–,–,–,–,–,–,–,–,–,–,–,–,–,–,–,–,–,–,–,–,–,–,–,–,–,–,–,–,–,–,–,–,–,–,–,–,–,–,–,5,–,–,–,–,–,–,–,–,16,–,2.46,0.623,–,–,–,–,–,–,–,–,–,1,–,–,–,–,–,–,–,–,–,–,–,–,–,–,–,–,–,–
14th,–,2L,2L5X3X5/16X3/8LLBB,–,–,–,–,–,–,4.82,3,–,–,–,–,–,–,–,16.4,–,–,–,–,–,12.5,6.64,3.74,1.61,1.67,1.14,7.06,4.15,2.21,1.21,–,–,–,–,–,–,–,–,–,–,–,–,–,–,–,–,–,–,–,–,0.313,–,–,–,–,–,–,–,–,–,–,–,–,–,–,–,–,–,–,–,–,–,–,–,–,–,–,–,–,–,–,–,–,–,–,–,–,–,–,–,–,–,5,–,–,–,–,–,–,–,–,16,–,2.52,0.64,–,–,–,–,–,–,–,–,–,0.912,–,–,–,–,–,–,–,–,–,–,–,–,–,–,–,–,–,–
14th,–,2L,2L5X3X5/16X3/4LLBB,–,–,–,–,–,–,4.82,3,–,–,–,–,–,–,–,16.4,–,–,–,–,–,12.5,6.64,3.74,1.61,1.67,1.14,8.78,5.05,2.6,1.35,–,–,–,–,–,–,–,–,–,–,–,–,–,–,–,–,–,–,–,–,0.313,–,–,–,–,–,–,–,–,–,–,–,–,–,–,–,–,–,–,–,–,–,–,–,–,–,–,–,–,–,–,–,–,–,–,–,–,–,–,–,–,–,5,–,–,–,–,–,–,–,–,16,–,2.59,0.659,–,–,–,–,–,–,–,–,–,0.912,–,–,–,–,–,–,–,–,–,–,–,–,–,–,–,–,–,–
14th,–,2L,2L5X3X1/4LLBB,–,–,–,–,–,–,3.88,3,–,–,–,–,–,–,–,13.2,–,–,–,–,–,10.2,5.36,3.02,1.62,1.64,1.12,4.44,2.51,1.48,1.07,–,–,–,–,–,–,–,–,–,–,–,–,–,–,–,–,–,–,–,–,0.25,–,–,–,–,–,–,–,–,–,–,–,–,–,–,–,–,–,–,–,–,–,–,–,–,–,–,–,–,–,–,–,–,–,–,–,–,–,–,–,–,–,5,–,–,–,–,–,–,–,–,20,–,2.46,0.622,–,–,–,–,–,–,–,–,–,1,–,–,–,–,–,–,–,–,–,–,–,–,–,–,–,–,–,–
14th,–,2L,2L5X3X1/4X3/8LLBB,–,–,–,–,–,–,3.88,3,–,–,–,–,–,–,–,13.2,–,–,–,–,–,10.2,5.36,3.02,1.62,1.64,1.12,5.49,3.24,1.72,1.19,–,–,–,–,–,–,–,–,–,–,–,–,–,–,–,–,–,–,–,–,0.25,–,–,–,–,–,–,–,–,–,–,–,–,–,–,–,–,–,–,–,–,–,–,–,–,–,–,–,–,–,–,–,–,–,–,–,–,–,–,–,–,–,5,–,–,–,–,–,–,–,–,20,–,2.52,0.638,–,–,–,–,–,–,–,–,–,0.804,–,–,–,–,–,–,–,–,–,–,–,–,–,–,–,–,–,–
14th,–,2L,2L5X3X1/4X3/4LLBB,–,–,–,–,–,–,3.88,3,–,–,–,–,–,–,–,13.2,–,–,–,–,–,10.2,5.36,3.02,1.62,1.64,1.12,6.86,3.97,2.03,1.33,–,–,–,–,–,–,–,–,–,–,–,–,–,–,–,–,–,–,–,–,0.25,–,–,–,–,–,–,–,–,–,–,–,–,–,–,–,–,–,–,–,–,–,–,–,–,–,–,–,–,–,–,–,–,–,–,–,–,–,–,–,–,–,5,–,–,–,–,–,–,–,–,20,–,2.59,0.657,–,–,–,–,–,–,–,–,–,0.804,–,–,–,–,–,–,–,–,–,–,–,–,–,–,–,–,–,–
14th,–,2L,2L4X3-1/2X1/2LLBB,–,–,–,–,–,–,7,3.5,–,–,–,–,–,–,–,23.8,–,–,–,–,–,10.6,6.92,3.84,1.23,1.24,0.5,14.5,6.96,4.14,1.44,–,–,–,–,–,–,–,–,–,–,–,–,–,–,–,–,–,–,–,–,0.5,–,–,–,–,–,–,–,–,–,–,–,–,–,–,–,–,–,–,–,–,–,–,–,–,–,–,–,–,–,–,–,–,–,–,–,–,–,–,–,–,–,4,–,–,–,–,–,–,–,–,8,–,2.14,0.784,–,–,–,–,–,–,–,–,–,1,–,–,–,–,–,–,–,–,–,–,–,–,–,–,–,–,–,–
14th,–,2L,2L4X3-1/2X1/2X3/8LLBB,–,–,–,–,–,–,7,3.5,–,–,–,–,–,–,–,23.8,–,–,–,–,–,10.6,6.92,3.84,1.23,1.24,0.5,17.3,8.27,4.69,1.57,–,–,–,–,–,–,–,–,–,–,–,–,–,–,–,–,–,–,–,–,0.5,–,–,–,–,–,–,–,–,–,–,–,–,–,–,–,–,–,–,–,–,–,–,–,–,–,–,–,–,–,–,–,–,–,–,–,–,–,–,–,–,–,4,–,–,–,–,–,–,–,–,8,–,2.23,0.802,–,–,–,–,–,–,–,–,–,1,–,–,–,–,–,–,–,–,–,–,–,–,–,–,–,–,–,–
14th,–,2L,2L4X3-1/2X1/2X3/4LLBB,–,–,–,–,–,–,7,3.5,–,–,–,–,–,–,–,23.8,–,–,–,–,–,10.6,6.92,3.84,1.23,1.24,0.5,20.7,9.58,5.34,1.72,–,–,–,–,–,–,–,–,–,–,–,–,–,–,–,–,–,–,–,–,0.5,–,–,–,–,–,–,–,–,–,–,–,–,–,–,–,–,–,–,–,–,–,–,–,–,–,–,–,–,–,–,–,–,–,–,–,–,–,–,–,–,–,4,–,–,–,–,–,–,–,–,8,–,2.33,0.819,–,–,–,–,–,–,–,–,–,1,–,–,–,–,–,–,–,–,–,–,–,–,–,–,–,–,–,–
14th,–,2L,2L4X3-1/2X3/8LLBB,–,–,–,–,–,–,5.36,3.5,–,–,–,–,–,–,–,18.2,–,–,–,–,–,8.3,5.32,2.96,1.25,1.2,0.427,10.8,5.08,3.09,1.42,–,–,–,–,–,–,–,–,–,–,–,–,–,–,–,–,–,–,–,–,0.375,–,–,–,–,–,–,–,–,–,–,–,–,–,–,–,–,–,–,–,–,–,–,–,–,–,–,–,–,–,–,–,–,–,–,–,–,–,–,–,–,–,4,–,–,–,–,–,–,–,–,10.7,–,2.14,0.778,–,–,–,–,–,–,–,–,–,1,–,–,–,–,–,–,–,–,–,–,–,–,–,–,–,–,–,–
14th,–,2L,2L4X3-1/2X3/8X3/8LLBB,–,–,–,–,–,–,5.36,3.5,–,–,–,–,–,–,–,18.2,–,–,–,–,–,8.3,5.32,2.96,1.25,1.2,0.427,12.9,6.08,3.5,1.55,–,–,–,–,–,–,–,–,–,–,–,–,–,–,–,–,–,–,–,–,0.375,–,–,–,–,–,–,–,–,–,–,–,–,–,–,–,–,–,–,–,–,–,–,–,–,–,–,–,–,–,–,–,–,–,–,–,–,–,–,–,–,–,4,–,–,–,–,–,–,–,–,10.7,–,2.23,0.795,–,–,–,–,–,–,–,–,–,1,–,–,–,–,–,–,–,–,–,–,–,–,–,–,–,–,–,–
14th,–,2L,2L4X3-1/2X3/8X3/4LLBB,–,–,–,–,–,–,5.36,3.5,–,–,–,–,–,–,–,18.2,–,–,–,–,–,8.3,5.32,2.96,1.25,1.2,0.427,15.3,7.09,3.95,1.69,–,–,–,–,–,–,–,–,–,–,–,–,–,–,–,–,–,–,–,–,0.375,–,–,–,–,–,–,–,–,–,–,–,–,–,–,–,–,–,–,–,–,–,–,–,–,–,–,–,–,–,–,–,–,–,–,–,–,–,–,–,–,–,4,–,–,–,–,–,–,–,–,10.7,–,2.33,0.813,–,–,–,–,–,–,–,–,–,1,–,–,–,–,–,–,–,–,–,–,–,–,–,–,–,–,–,–
14th,–,2L,2L4X3-1/2X5/16LLBB,–,–,–,–,–,–,4.5,3.5,–,–,–,–,–,–,–,15.4,–,–,–,–,–,7.06,4.48,2.5,1.25,1.17,0.4,8.82,4.15,2.52,1.4,–,–,–,–,–,–,–,–,–,–,–,–,–,–,–,–,–,–,–,–,0.313,–,–,–,–,–,–,–,–,–,–,–,–,–,–,–,–,–,–,–,–,–,–,–,–,–,–,–,–,–,–,–,–,–,–,–,–,–,–,–,–,–,4,–,–,–,–,–,–,–,–,12.8,–,2.14,0.775,–,–,–,–,–,–,–,–,–,1,–,–,–,–,–,–,–,–,–,–,–,–,–,–,–,–,–,–
14th,–,2L,2L4X3-1/2X5/16X3/8LLBB,–,–,–,–,–,–,4.5,3.5,–,–,–,–,–,–,–,15.4,–,–,–,–,–,7.06,4.48,2.5,1.25,1.17,0.4,10.5,5,2.85,1.53,–,–,–,–,–,–,–,–,–,–,–,–,–,–,–,–,–,–,–,–,0.313,–,–,–,–,–,–,–,–,–,–,–,–,–,–,–,–,–,–,–,–,–,–,–,–,–,–,–,–,–,–,–,–,–,–,–,–,–,–,–,–,–,4,–,–,–,–,–,–,–,–,12.8,–,2.23,0.792,–,–,–,–,–,–,–,–,–,0.997,–,–,–,–,–,–,–,–,–,–,–,–,–,–,–,–,–,–
14th,–,2L,2L4X3-1/2X5/16X3/4LLBB,–,–,–,–,–,–,4.5,3.5,–,–,–,–,–,–,–,15.4,–,–,–,–,–,7.06,4.48,2.5,1.25,1.17,0.4,12.7,5.84,3.28,1.68,–,–,–,–,–,–,–,–,–,–,–,–,–,–,–,–,–,–,–,–,0.313,–,–,–,–,–,–,–,–,–,–,–,–,–,–,–,–,–,–,–,–,–,–,–,–,–,–,–,–,–,–,–,–,–,–,–,–,–,–,–,–,–,4,–,–,–,–,–,–,–,–,12.8,–,2.33,0.81,–,–,–,–,–,–,–,–,–,0.997,–,–,–,–,–,–,–,–,–,–,–,–,–,–,–,–,–,–
14th,–,2L,2L4X3-1/2X1/4LLBB,–,–,–,–,–,–,3.64,3.5,–,–,–,–,–,–,–,12.4,–,–,–,–,–,5.78,3.62,2.02,1.26,1.14,0.36,7.03,3.27,2.01,1.39,–,–,–,–,–,–,–,–,–,–,–,–,–,–,–,–,–,–,–,–,0.25,–,–,–,–,–,–,–,–,–,–,–,–,–,–,–,–,–,–,–,–,–,–,–,–,–,–,–,–,–,–,–,–,–,–,–,–,–,–,–,–,–,4,–,–,–,–,–,–,–,–,16,–,2.14,0.773,–,–,–,–,–,–,–,–,–,1,–,–,–,–,–,–,–,–,–,–,–,–,–,–,–,–,–,–
14th,–,2L,2L4X3-1/2X1/4X3/8LLBB,–,–,–,–,–,–,3.64,3.5,–,–,–,–,–,–,–,12.4,–,–,–,–,–,5.78,3.62,2.02,1.26,1.14,0.36,8.41,3.95,2.28,1.52,–,–,–,–,–,–,–,–,–,–,–,–,–,–,–,–,–,–,–,–,0.25,–,–,–,–,–,–,–,–,–,–,–,–,–,–,–,–,–,–,–,–,–,–,–,–,–,–,–,–,–,–,–,–,–,–,–,–,–,–,–,–,–,4,–,–,–,–,–,–,–,–,16,–,2.22,0.79,–,–,–,–,–,–,–,–,–,0.912,–,–,–,–,–,–,–,–,–,–,–,–,–,–,–,–,–,–
14th,–,2L,2L4X3-1/2X1/4X3/4LLBB,–,–,–,–,–,–,3.64,3.5,–,–,–,–,–,–,–,12.4,–,–,–,–,–,5.78,3.62,2.02,1.26,1.14,0.36,10,4.63,2.58,1.66,–,–,–,–,–,–,–,–,–,–,–,–,–,–,–,–,–,–,–,–,0.25,–,–,–,–,–,–,–,–,–,–,–,–,–,–,–,–,–,–,–,–,–,–,–,–,–,–,–,–,–,–,–,–,–,–,–,–,–,–,–,–,–,4,–,–,–,–,–,–,–,–,16,–,2.32,0.807,–,–,–,–,–,–,–,–,–,0.912,–,–,–,–,–,–,–,–,–,–,–,–,–,–,–,–,–,–
14th,–,2L,2L4X3X5/8LLBB,–,–,–,–,–,–,7.98,3,–,–,–,–,–,–,–,27.2,–,–,–,–,–,12,8.16,4.56,1.23,1.37,0.808,11.7,6.92,3.9,1.21,–,–,–,–,–,–,–,–,–,–,–,–,–,–,–,–,–,–,–,–,0.625,–,–,–,–,–,–,–,–,–,–,–,–,–,–,–,–,–,–,–,–,–,–,–,–,–,–,–,–,–,–,–,–,–,–,–,–,–,–,–,–,–,4,–,–,–,–,–,–,–,–,6.4,–,2.02,0.728,–,–,–,–,–,–,–,–,–,1,–,–,–,–,–,–,–,–,–,–,–,–,–,–,–,–,–,–
14th,–,2L,2L4X3X5/8X3/8LLBB,–,–,–,–,–,–,7.98,3,–,–,–,–,–,–,–,27.2,–,–,–,–,–,12,8.16,4.56,1.23,1.37,0.808,14.5,8.41,4.55,1.35,–,–,–,–,–,–,–,–,–,–,–,–,–,–,–,–,–,–,–,–,0.625,–,–,–,–,–,–,–,–,–,–,–,–,–,–,–,–,–,–,–,–,–,–,–,–,–,–,–,–,–,–,–,–,–,–,–,–,–,–,–,–,–,4,–,–,–,–,–,–,–,–,6.4,–,2.11,0.75,–,–,–,–,–,–,–,–,–,1,–,–,–,–,–,–,–,–,–,–,–,–,–,–,–,–,–,–
14th,–,2L,2L4X3X5/8X3/4LLBB,–,–,–,–,–,–,7.98,3,–,–,–,–,–,–,–,27.2,–,–,–,–,–,12,8.16,4.56,1.23,1.37,0.808,18,9.91,5.33,1.5,–,–,–,–,–,–,–,–,–,–,–,–,–,–,–,–,–,–,–,–,0.625,–,–,–,–,–,–,–,–,–,–,–,–,–,–,–,–,–,–,–,–,–,–,–,–,–,–,–,–,–,–,–,–,–,–,–,–,–,–,–,–,–,4,–,–,–,–,–,–,–,–,6.4,–,2.21,0.773,–,–,–,–,–,–,–,–,–,1,–,–,–,–,–,–,–,–,–,–,–,–,–,–,–,–,–,–
14th,–,2L,2L4X3X1/2LLBB,–,–,–,–,–,–,6.5,3,–,–,–,–,–,–,–,22.2,–,–,–,–,–,10,6.72,3.74,1.24,1.32,0.75,9.2,5.34,3.07,1.19,–,–,–,–,–,–,–,–,–,–,–,–,–,–,–,–,–,–,–,–,0.5,–,–,–,–,–,–,–,–,–,–,–,–,–,–,–,–,–,–,–,–,–,–,–,–,–,–,–,–,–,–,–,–,–,–,–,–,–,–,–,–,–,4,–,–,–,–,–,–,–,–,8,–,2.02,0.721,–,–,–,–,–,–,–,–,–,1,–,–,–,–,–,–,–,–,–,–,–,–,–,–,–,–,–,–
14th,–,2L,2L4X3X1/2X3/8LLBB,–,–,–,–,–,–,6.5,3,–,–,–,–,–,–,–,22.2,–,–,–,–,–,10,6.72,3.74,1.24,1.32,0.75,11.3,6.56,3.55,1.32,–,–,–,–,–,–,–,–,–,–,–,–,–,–,–,–,–,–,–,–,0.5,–,–,–,–,–,–,–,–,–,–,–,–,–,–,–,–,–,–,–,–,–,–,–,–,–,–,–,–,–,–,–,–,–,–,–,–,–,–,–,–,–,4,–,–,–,–,–,–,–,–,8,–,2.11,0.743,–,–,–,–,–,–,–,–,–,1,–,–,–,–,–,–,–,–,–,–,–,–,–,–,–,–,–,–
14th,–,2L,2L4X3X1/2X3/4LLBB,–,–,–,–,–,–,6.5,3,–,–,–,–,–,–,–,22.2,–,–,–,–,–,10,6.72,3.74,1.24,1.32,0.75,14,7.78,4.15,1.47,–,–,–,–,–,–,–,–,–,–,–,–,–,–,–,–,–,–,–,–,0.5,–,–,–,–,–,–,–,–,–,–,–,–,–,–,–,–,–,–,–,–,–,–,–,–,–,–,–,–,–,–,–,–,–,–,–,–,–,–,–,–,–,4,–,–,–,–,–,–,–,–,8,–,2.2,0.765,–,–,–,–,–,–,–,–,–,1,–,–,–,–,–,–,–,–,–,–,–,–,–,–,–,–,–,–
14th,–,2L,2L4X3X3/8LLBB,–,–,–,–,–,–,4.98,3,–,–,–,–,–,–,–,17,–,–,–,–,–,7.88,5.2,2.88,1.26,1.27,0.68,6.82,3.86,2.27,1.17,–,–,–,–,–,–,–,–,–,–,–,–,–,–,–,–,–,–,–,–,0.375,–,–,–,–,–,–,–,–,–,–,–,–,–,–,–,–,–,–,–,–,–,–,–,–,–,–,–,–,–,–,–,–,–,–,–,–,–,–,–,–,–,4,–,–,–,–,–,–,–,–,10.7,–,2.03,0.715,–,–,–,–,–,–,–,–,–,1,–,–,–,–,–,–,–,–,–,–,–,–,–,–,–,–,–,–
14th,–,2L,2L4X3X3/8X3/8LLBB,–,–,–,–,–,–,4.98,3,–,–,–,–,–,–,–,17,–,–,–,–,–,7.88,5.2,2.88,1.26,1.27,0.68,8.42,4.79,2.64,1.3,–,–,–,–,–,–,–,–,–,–,–,–,–,–,–,–,–,–,–,–,0.375,–,–,–,–,–,–,–,–,–,–,–,–,–,–,–,–,–,–,–,–,–,–,–,–,–,–,–,–,–,–,–,–,–,–,–,–,–,–,–,–,–,4,–,–,–,–,–,–,–,–,10.7,–,2.11,0.736,–,–,–,–,–,–,–,–,–,1,–,–,–,–,–,–,–,–,–,–,–,–,–,–,–,–,–,–
14th,–,2L,2L4X3X3/8X3/4LLBB,–,–,–,–,–,–,4.98,3,–,–,–,–,–,–,–,17,–,–,–,–,–,7.88,5.2,2.88,1.26,1.27,0.68,10.3,5.73,3.05,1.44,–,–,–,–,–,–,–,–,–,–,–,–,–,–,–,–,–,–,–,–,0.375,–,–,–,–,–,–,–,–,–,–,–,–,–,–,–,–,–,–,–,–,–,–,–,–,–,–,–,–,–,–,–,–,–,–,–,–,–,–,–,–,–,4,–,–,–,–,–,–,–,–,10.7,–,2.2,0.757,–,–,–,–,–,–,–,–,–,1,–,–,–,–,–,–,–,–,–,–,–,–,–,–,–,–,–,–
14th,–,2L,2L4X3X5/16LLBB,–,–,–,–,–,–,4.18,3,–,–,–,–,–,–,–,14.4,–,–,–,–,–,6.72,4.38,2.44,1.27,1.25,0.656,5.62,3.14,1.87,1.16,–,–,–,–,–,–,–,–,–,–,–,–,–,–,–,–,–,–,–,–,0.313,–,–,–,–,–,–,–,–,–,–,–,–,–,–,–,–,–,–,–,–,–,–,–,–,–,–,–,–,–,–,–,–,–,–,–,–,–,–,–,–,–,4,–,–,–,–,–,–,–,–,12.8,–,2.03,0.712,–,–,–,–,–,–,–,–,–,1,–,–,–,–,–,–,–,–,–,–,–,–,–,–,–,–,–,–
14th,–,2L,2L4X3X5/16X3/8LLBB,–,–,–,–,–,–,4.18,3,–,–,–,–,–,–,–,14.4,–,–,–,–,–,6.72,4.38,2.44,1.27,1.25,0.656,6.96,3.92,2.18,1.29,–,–,–,–,–,–,–,–,–,–,–,–,–,–,–,–,–,–,–,–,0.313,–,–,–,–,–,–,–,–,–,–,–,–,–,–,–,–,–,–,–,–,–,–,–,–,–,–,–,–,–,–,–,–,–,–,–,–,–,–,–,–,–,4,–,–,–,–,–,–,–,–,12.8,–,2.11,0.733,–,–,–,–,–,–,–,–,–,0.997,–,–,–,–,–,–,–,–,–,–,–,–,–,–,–,–,–,–
14th,–,2L,2L4X3X5/16X3/4LLBB,–,–,–,–,–,–,4.18,3,–,–,–,–,–,–,–,14.4,–,–,–,–,–,6.72,4.38,2.44,1.27,1.25,0.656,8.55,4.7,2.53,1.43,–,–,–,–,–,–,–,–,–,–,–,–,–,–,–,–,–,–,–,–,0.313,–,–,–,–,–,–,–,–,–,–,–,–,–,–,–,–,–,–,–,–,–,–,–,–,–,–,–,–,–,–,–,–,–,–,–,–,–,–,–,–,–,4,–,–,–,–,–,–,–,–,12.8,–,2.2,0.754,–,–,–,–,–,–,–,–,–,0.997,–,–,–,–,–,–,–,–,–,–,–,–,–,–,–,–,–,–
14th,–,2L,2L4X3X1/4LLBB,–,–,–,–,–,–,3.38,3,–,–,–,–,–,–,–,11.6,–,–,–,–,–,5.5,3.54,1.98,1.27,1.22,0.62,4.47,2.45,1.49,1.15,–,–,–,–,–,–,–,–,–,–,–,–,–,–,–,–,–,–,–,–,0.25,–,–,–,–,–,–,–,–,–,–,–,–,–,–,–,–,–,–,–,–,–,–,–,–,–,–,–,–,–,–,–,–,–,–,–,–,–,–,–,–,–,4,–,–,–,–,–,–,–,–,16,–,2.03,0.71,–,–,–,–,–,–,–,–,–,1,–,–,–,–,–,–,–,–,–,–,–,–,–,–,–,–,–,–
14th,–,2L,2L4X3X1/4X3/8LLBB,–,–,–,–,–,–,3.38,3,–,–,–,–,–,–,–,11.6,–,–,–,–,–,5.5,3.54,1.98,1.27,1.22,0.62,5.45,3.08,1.71,1.27,–,–,–,–,–,–,–,–,–,–,–,–,–,–,–,–,–,–,–,–,0.25,–,–,–,–,–,–,–,–,–,–,–,–,–,–,–,–,–,–,–,–,–,–,–,–,–,–,–,–,–,–,–,–,–,–,–,–,–,–,–,–,–,4,–,–,–,–,–,–,–,–,16,–,2.11,0.73,–,–,–,–,–,–,–,–,–,0.912,–,–,–,–,–,–,–,–,–,–,–,–,–,–,–,–,–,–
14th,–,2L,2L4X3X1/4X3/4LLBB,–,–,–,–,–,–,3.38,3,–,–,–,–,–,–,–,11.6,–,–,–,–,–,5.5,3.54,1.98,1.27,1.22,0.62,6.72,3.72,1.99,1.41,–,–,–,–,–,–,–,–,–,–,–,–,–,–,–,–,–,–,–,–,0.25,–,–,–,–,–,–,–,–,–,–,–,–,–,–,–,–,–,–,–,–,–,–,–,–,–,–,–,–,–,–,–,–,–,–,–,–,–,–,–,–,–,4,–,–,–,–,–,–,–,–,16,–,2.2,0.751,–,–,–,–,–,–,–,–,–,0.912,–,–,–,–,–,–,–,–,–,–,–,–,–,–,–,–,–,–
14th,–,2L,2L3-1/2X3X1/2LLBB,–,–,–,–,–,–,6.04,3,–,–,–,–,–,–,–,20.4,–,–,–,–,–,6.9,5.22,2.9,1.07,1.12,0.48,9.14,5.25,3.05,1.23,–,–,–,–,–,–,–,–,–,–,–,–,–,–,–,–,–,–,–,–,0.5,–,–,–,–,–,–,–,–,–,–,–,–,–,–,–,–,–,–,–,–,–,–,–,–,–,–,–,–,–,–,–,–,–,–,–,–,–,–,–,–,–,3.5,–,–,–,–,–,–,–,–,7,–,1.85,0.78,–,–,–,–,–,–,–,–,–,1,–,–,–,–,–,–,–,–,–,–,–,–,–,–,–,–,–,–
14th,–,2L,2L3-1/2X3X1/2X3/8LLBB,–,–,–,–,–,–,6.04,3,–,–,–,–,–,–,–,20.4,–,–,–,–,–,6.9,5.22,2.9,1.07,1.12,0.48,11.3,6.38,3.55,1.37,–,–,–,–,–,–,–,–,–,–,–,–,–,–,–,–,–,–,–,–,0.5,–,–,–,–,–,–,–,–,–,–,–,–,–,–,–,–,–,–,–,–,–,–,–,–,–,–,–,–,–,–,–,–,–,–,–,–,–,–,–,–,–,3.5,–,–,–,–,–,–,–,–,7,–,1.94,0.801,–,–,–,–,–,–,–,–,–,1,–,–,–,–,–,–,–,–,–,–,–,–,–,–,–,–,–,–
14th,–,2L,2L3-1/2X3X1/2X3/4LLBB,–,–,–,–,–,–,6.04,3,–,–,–,–,–,–,–,20.4,–,–,–,–,–,6.9,5.22,2.9,1.07,1.12,0.48,14,7.51,4.15,1.52,–,–,–,–,–,–,–,–,–,–,–,–,–,–,–,–,–,–,–,–,0.5,–,–,–,–,–,–,–,–,–,–,–,–,–,–,–,–,–,–,–,–,–,–,–,–,–,–,–,–,–,–,–,–,–,–,–,–,–,–,–,–,–,3.5,–,–,–,–,–,–,–,–,7,–,2.05,0.822,–,–,–,–,–,–,–,–,–,1,–,–,–,–,–,–,–,–,–,–,–,–,–,–,–,–,–,–
14th,–,2L,2L3-1/2X3X7/16LLBB,–,–,–,–,–,–,5.34,3,–,–,–,–,–,–,–,18.2,–,–,–,–,–,6.2,4.64,2.58,1.08,1.09,0.449,7.95,4.52,2.65,1.22,–,–,–,–,–,–,–,–,–,–,–,–,–,–,–,–,–,–,–,–,0.438,–,–,–,–,–,–,–,–,–,–,–,–,–,–,–,–,–,–,–,–,–,–,–,–,–,–,–,–,–,–,–,–,–,–,–,–,–,–,–,–,–,3.5,–,–,–,–,–,–,–,–,7.99,–,1.85,0.776,–,–,–,–,–,–,–,–,–,1,–,–,–,–,–,–,–,–,–,–,–,–,–,–,–,–,–,–
14th,–,2L,2L3-1/2X3X7/16X3/8LLBB,–,–,–,–,–,–,5.34,3,–,–,–,–,–,–,–,18.2,–,–,–,–,–,6.2,4.64,2.58,1.08,1.09,0.449,9.88,5.52,3.1,1.36,–,–,–,–,–,–,–,–,–,–,–,–,–,–,–,–,–,–,–,–,0.438,–,–,–,–,–,–,–,–,–,–,–,–,–,–,–,–,–,–,–,–,–,–,–,–,–,–,–,–,–,–,–,–,–,–,–,–,–,–,–,–,–,3.5,–,–,–,–,–,–,–,–,7.99,–,1.94,0.797,–,–,–,–,–,–,–,–,–,1,–,–,–,–,–,–,–,–,–,–,–,–,–,–,–,–,–,–
14th,–,2L,2L3-1/2X3X7/16X3/4LLBB,–,–,–,–,–,–,5.34,3,–,–,–,–,–,–,–,18.2,–,–,–,–,–,6.2,4.64,2.58,1.08,1.09,0.449,12.2,6.52,3.61,1.51,–,–,–,–,–,–,–,–,–,–,–,–,–,–,–,–,–,–,–,–,0.438,–,–,–,–,–,–,–,–,–,–,–,–,–,–,–,–,–,–,–,–,–,–,–,–,–,–,–,–,–,–,–,–,–,–,–,–,–,–,–,–,–,3.5,–,–,–,–,–,–,–,–,7.99,–,2.05,0.818,–,–,–,–,–,–,–,–,–,1,–,–,–,–,–,–,–,–,–,–,–,–,–,–,–,–,–,–
14th,–,2L,2L3-1/2X3X3/8LLBB,–,–,–,–,–,–,4.64,3,–,–,–,–,–,–,–,15.8,–,–,–,–,–,5.46,4.06,2.24,1.09,1.07,0.407,6.79,3.82,2.26,1.21,–,–,–,–,–,–,–,–,–,–,–,–,–,–,–,–,–,–,–,–,0.375,–,–,–,–,–,–,–,–,–,–,–,–,–,–,–,–,–,–,–,–,–,–,–,–,–,–,–,–,–,–,–,–,–,–,–,–,–,–,–,–,–,3.5,–,–,–,–,–,–,–,–,9.33,–,1.85,0.773,–,–,–,–,–,–,–,–,–,1,–,–,–,–,–,–,–,–,–,–,–,–,–,–,–,–,–,–
14th,–,2L,2L3-1/2X3X3/8X3/8LLBB,–,–,–,–,–,–,4.64,3,–,–,–,–,–,–,–,15.8,–,–,–,–,–,5.46,4.06,2.24,1.09,1.07,0.407,8.46,4.69,2.65,1.35,–,–,–,–,–,–,–,–,–,–,–,–,–,–,–,–,–,–,–,–,0.375,–,–,–,–,–,–,–,–,–,–,–,–,–,–,–,–,–,–,–,–,–,–,–,–,–,–,–,–,–,–,–,–,–,–,–,–,–,–,–,–,–,3.5,–,–,–,–,–,–,–,–,9.33,–,1.94,0.794,–,–,–,–,–,–,–,–,–,1,–,–,–,–,–,–,–,–,–,–,–,–,–,–,–,–,–,–
14th,–,2L,2L3-1/2X3X3/8X3/4LLBB,–,–,–,–,–,–,4.64,3,–,–,–,–,–,–,–,15.8,–,–,–,–,–,5.46,4.06,2.24,1.09,1.07,0.407,10.3,5.56,3.05,1.49,–,–,–,–,–,–,–,–,–,–,–,–,–,–,–,–,–,–,–,–,0.375,–,–,–,–,–,–,–,–,–,–,–,–,–,–,–,–,–,–,–,–,–,–,–,–,–,–,–,–,–,–,–,–,–,–,–,–,–,–,–,–,–,3.5,–,–,–,–,–,–,–,–,9.33,–,2.05,0.814,–,–,–,–,–,–,–,–,–,1,–,–,–,–,–,–,–,–,–,–,–,–,–,–,–,–,–,–
14th,–,2L,2L3-1/2X3X5/16LLBB,–,–,–,–,–,–,3.9,3,–,–,–,–,–,–,–,13.2,–,–,–,–,–,4.66,3.44,1.9,1.09,1.05,0.38,5.62,3.11,1.87,1.2,–,–,–,–,–,–,–,–,–,–,–,–,–,–,–,–,–,–,–,–,0.313,–,–,–,–,–,–,–,–,–,–,–,–,–,–,–,–,–,–,–,–,–,–,–,–,–,–,–,–,–,–,–,–,–,–,–,–,–,–,–,–,–,3.5,–,–,–,–,–,–,–,–,11.2,–,1.85,0.77,–,–,–,–,–,–,–,–,–,1,–,–,–,–,–,–,–,–,–,–,–,–,–,–,–,–,–,–
14th,–,2L,2L3-1/2X3X5/16X3/8LLBB,–,–,–,–,–,–,3.9,3,–,–,–,–,–,–,–,13.2,–,–,–,–,–,4.66,3.44,1.9,1.09,1.05,0.38,6.9,3.84,2.16,1.33,–,–,–,–,–,–,–,–,–,–,–,–,–,–,–,–,–,–,–,–,0.313,–,–,–,–,–,–,–,–,–,–,–,–,–,–,–,–,–,–,–,–,–,–,–,–,–,–,–,–,–,–,–,–,–,–,–,–,–,–,–,–,–,3.5,–,–,–,–,–,–,–,–,11.2,–,1.94,0.79,–,–,–,–,–,–,–,–,–,1,–,–,–,–,–,–,–,–,–,–,–,–,–,–,–,–,–,–
14th,–,2L,2L3-1/2X3X5/16X3/4LLBB,–,–,–,–,–,–,3.9,3,–,–,–,–,–,–,–,13.2,–,–,–,–,–,4.66,3.44,1.9,1.09,1.05,0.38,8.54,4.57,2.53,1.48,–,–,–,–,–,–,–,–,–,–,–,–,–,–,–,–,–,–,–,–,0.313,–,–,–,–,–,–,–,–,–,–,–,–,–,–,–,–,–,–,–,–,–,–,–,–,–,–,–,–,–,–,–,–,–,–,–,–,–,–,–,–,–,3.5,–,–,–,–,–,–,–,–,11.2,–,2.04,0.811,–,–,–,–,–,–,–,–,–,1,–,–,–,–,–,–,–,–,–,–,–,–,–,–,–,–,–,–
14th,–,2L,2L3-1/2X3X1/4LLBB,–,–,–,–,–,–,3.16,3,–,–,–,–,–,–,–,10.8,–,–,–,–,–,3.84,2.78,1.55,1.1,1.02,0.34,4.47,2.44,1.49,1.19,–,–,–,–,–,–,–,–,–,–,–,–,–,–,–,–,–,–,–,–,0.25,–,–,–,–,–,–,–,–,–,–,–,–,–,–,–,–,–,–,–,–,–,–,–,–,–,–,–,–,–,–,–,–,–,–,–,–,–,–,–,–,–,3.5,–,–,–,–,–,–,–,–,14,–,1.85,0.767,–,–,–,–,–,–,–,–,–,1,–,–,–,–,–,–,–,–,–,–,–,–,–,–,–,–,–,–
14th,–,2L,2L3-1/2X3X1/4X3/8LLBB,–,–,–,–,–,–,3.16,3,–,–,–,–,–,–,–,10.8,–,–,–,–,–,3.84,2.78,1.55,1.1,1.02,0.34,5.51,3.04,1.73,1.32,–,–,–,–,–,–,–,–,–,–,–,–,–,–,–,–,–,–,–,–,0.25,–,–,–,–,–,–,–,–,–,–,–,–,–,–,–,–,–,–,–,–,–,–,–,–,–,–,–,–,–,–,–,–,–,–,–,–,–,–,–,–,–,3.5,–,–,–,–,–,–,–,–,14,–,1.94,0.787,–,–,–,–,–,–,–,–,–,0.965,–,–,–,–,–,–,–,–,–,–,–,–,–,–,–,–,–,–
14th,–,2L,2L3-1/2X3X1/4X3/4LLBB,–,–,–,–,–,–,3.16,3,–,–,–,–,–,–,–,10.8,–,–,–,–,–,3.84,2.78,1.55,1.1,1.02,0.34,6.74,3.63,2,1.46,–,–,–,–,–,–,–,–,–,–,–,–,–,–,–,–,–,–,–,–,0.25,–,–,–,–,–,–,–,–,–,–,–,–,–,–,–,–,–,–,–,–,–,–,–,–,–,–,–,–,–,–,–,–,–,–,–,–,–,–,–,–,–,3.5,–,–,–,–,–,–,–,–,14,–,2.04,0.807,–,–,–,–,–,–,–,–,–,0.965,–,–,–,–,–,–,–,–,–,–,–,–,–,–,–,–,–,–
14th,–,2L,2L3-1/2X2-1/2X1/2LLBB,–,–,–,–,–,–,5.54,2.5,–,–,–,–,–,–,–,18.8,–,–,–,–,–,6.48,5.04,2.82,1.08,1.2,0.73,5.45,3.88,2.18,0.992,–,–,–,–,–,–,–,–,–,–,–,–,–,–,–,–,–,–,–,–,0.5,–,–,–,–,–,–,–,–,–,–,–,–,–,–,–,–,–,–,–,–,–,–,–,–,–,–,–,–,–,–,–,–,–,–,–,–,–,–,–,–,–,3.5,–,–,–,–,–,–,–,–,7,–,1.75,0.706,–,–,–,–,–,–,–,–,–,1,–,–,–,–,–,–,–,–,–,–,–,–,–,–,–,–,–,–
14th,–,2L,2L3-1/2X2-1/2X1/2X3/8LLBB,–,–,–,–,–,–,5.54,2.5,–,–,–,–,–,–,–,18.8,–,–,–,–,–,6.48,5.04,2.82,1.08,1.2,0.73,7.07,4.92,2.63,1.13,–,–,–,–,–,–,–,–,–,–,–,–,–,–,–,–,–,–,–,–,0.5,–,–,–,–,–,–,–,–,–,–,–,–,–,–,–,–,–,–,–,–,–,–,–,–,–,–,–,–,–,–,–,–,–,–,–,–,–,–,–,–,–,3.5,–,–,–,–,–,–,–,–,7,–,1.83,0.732,–,–,–,–,–,–,–,–,–,1,–,–,–,–,–,–,–,–,–,–,–,–,–,–,–,–,–,–
14th,–,2L,2L3-1/2X2-1/2X1/2X3/4LLBB,–,–,–,–,–,–,5.54,2.5,–,–,–,–,–,–,–,18.8,–,–,–,–,–,6.48,5.04,2.82,1.08,1.2,0.73,9.08,5.96,3.16,1.28,–,–,–,–,–,–,–,–,–,–,–,–,–,–,–,–,–,–,–,–,0.5,–,–,–,–,–,–,–,–,–,–,–,–,–,–,–,–,–,–,–,–,–,–,–,–,–,–,–,–,–,–,–,–,–,–,–,–,–,–,–,–,–,3.5,–,–,–,–,–,–,–,–,7,–,1.93,0.759,–,–,–,–,–,–,–,–,–,1,–,–,–,–,–,–,–,–,–,–,–,–,–,–,–,–,–,–
14th,–,2L,2L3-1/2X2-1/2X3/8LLBB,–,–,–,–,–,–,4.24,2.5,–,–,–,–,–,–,–,14.4,–,–,–,–,–,5.12,3.92,2.18,1.1,1.15,0.673,3.99,2.78,1.6,0.97,–,–,–,–,–,–,–,–,–,–,–,–,–,–,–,–,–,–,–,–,0.375,–,–,–,–,–,–,–,–,–,–,–,–,–,–,–,–,–,–,–,–,–,–,–,–,–,–,–,–,–,–,–,–,–,–,–,–,–,–,–,–,–,3.5,–,–,–,–,–,–,–,–,9.33,–,1.75,0.698,–,–,–,–,–,–,–,–,–,1,–,–,–,–,–,–,–,–,–,–,–,–,–,–,–,–,–,–
14th,–,2L,2L3-1/2X2-1/2X3/8X3/8LLBB,–,–,–,–,–,–,4.24,2.5,–,–,–,–,–,–,–,14.4,–,–,–,–,–,5.12,3.92,2.18,1.1,1.15,0.673,5.22,3.57,1.94,1.11,–,–,–,–,–,–,–,–,–,–,–,–,–,–,–,–,–,–,–,–,0.375,–,–,–,–,–,–,–,–,–,–,–,–,–,–,–,–,–,–,–,–,–,–,–,–,–,–,–,–,–,–,–,–,–,–,–,–,–,–,–,–,–,3.5,–,–,–,–,–,–,–,–,9.33,–,1.83,0.724,–,–,–,–,–,–,–,–,–,1,–,–,–,–,–,–,–,–,–,–,–,–,–,–,–,–,–,–
14th,–,2L,2L3-1/2X2-1/2X3/8X3/4LLBB,–,–,–,–,–,–,4.24,2.5,–,–,–,–,–,–,–,14.4,–,–,–,–,–,5.12,3.92,2.18,1.1,1.15,0.673,6.63,4.37,2.31,1.25,–,–,–,–,–,–,–,–,–,–,–,–,–,–,–,–,–,–,–,–,0.375,–,–,–,–,–,–,–,–,–,–,–,–,–,–,–,–,–,–,–,–,–,–,–,–,–,–,–,–,–,–,–,–,–,–,–,–,–,–,–,–,–,3.5,–,–,–,–,–,–,–,–,9.33,–,1.93,0.75,–,–,–,–,–,–,–,–,–,1,–,–,–,–,–,–,–,–,–,–,–,–,–,–,–,–,–,–
14th,–,2L,2L3-1/2X2-1/2X5/16LLBB,–,–,–,–,–,–,3.58,2.5,–,–,–,–,–,–,–,12.2,–,–,–,–,–,4.4,3.34,1.85,1.11,1.13,0.636,3.3,2.26,1.32,0.96,–,–,–,–,–,–,–,–,–,–,–,–,–,–,–,–,–,–,–,–,0.313,–,–,–,–,–,–,–,–,–,–,–,–,–,–,–,–,–,–,–,–,–,–,–,–,–,–,–,–,–,–,–,–,–,–,–,–,–,–,–,–,–,3.5,–,–,–,–,–,–,–,–,11.2,–,1.76,0.695,–,–,–,–,–,–,–,–,–,1,–,–,–,–,–,–,–,–,–,–,–,–,–,–,–,–,–,–
14th,–,2L,2L3-1/2X2-1/2X5/16X3/8LLBB,–,–,–,–,–,–,3.58,2.5,–,–,–,–,–,–,–,12.2,–,–,–,–,–,4.4,3.34,1.85,1.11,1.13,0.636,4.25,2.93,1.58,1.09,–,–,–,–,–,–,–,–,–,–,–,–,–,–,–,–,–,–,–,–,0.313,–,–,–,–,–,–,–,–,–,–,–,–,–,–,–,–,–,–,–,–,–,–,–,–,–,–,–,–,–,–,–,–,–,–,–,–,–,–,–,–,–,3.5,–,–,–,–,–,–,–,–,11.2,–,1.83,0.72,–,–,–,–,–,–,–,–,–,1,–,–,–,–,–,–,–,–,–,–,–,–,–,–,–,–,–,–
14th,–,2L,2L3-1/2X2-1/2X5/16X3/4LLBB,–,–,–,–,–,–,3.58,2.5,–,–,–,–,–,–,–,12.2,–,–,–,–,–,4.4,3.34,1.85,1.11,1.13,0.636,5.5,3.61,1.91,1.24,–,–,–,–,–,–,–,–,–,–,–,–,–,–,–,–,–,–,–,–,0.313,–,–,–,–,–,–,–,–,–,–,–,–,–,–,–,–,–,–,–,–,–,–,–,–,–,–,–,–,–,–,–,–,–,–,–,–,–,–,–,–,–,3.5,–,–,–,–,–,–,–,–,11.2,–,1.92,0.746,–,–,–,–,–,–,–,–,–,1,–,–,–,–,–,–,–,–,–,–,–,–,–,–,–,–,–,–
14th,–,2L,2L3-1/2X2-1/2X1/4LLBB,–,–,–,–,–,–,2.9,2.5,–,–,–,–,–,–,–,9.8,–,–,–,–,–,3.62,2.72,1.51,1.12,1.1,0.6,2.62,1.76,1.05,0.95,–,–,–,–,–,–,–,–,–,–,–,–,–,–,–,–,–,–,–,–,0.25,–,–,–,–,–,–,–,–,–,–,–,–,–,–,–,–,–,–,–,–,–,–,–,–,–,–,–,–,–,–,–,–,–,–,–,–,–,–,–,–,–,3.5,–,–,–,–,–,–,–,–,14,–,1.76,0.693,–,–,–,–,–,–,–,–,–,1,–,–,–,–,–,–,–,–,–,–,–,–,–,–,–,–,–,–
14th,–,2L,2L3-1/2X2-1/2X1/4X3/8LLBB,–,–,–,–,–,–,2.9,2.5,–,–,–,–,–,–,–,9.8,–,–,–,–,–,3.62,2.72,1.51,1.12,1.1,0.6,3.38,2.3,1.26,1.08,–,–,–,–,–,–,–,–,–,–,–,–,–,–,–,–,–,–,–,–,0.25,–,–,–,–,–,–,–,–,–,–,–,–,–,–,–,–,–,–,–,–,–,–,–,–,–,–,–,–,–,–,–,–,–,–,–,–,–,–,–,–,–,3.5,–,–,–,–,–,–,–,–,14,–,1.83,0.717,–,–,–,–,–,–,–,–,–,0.965,–,–,–,–,–,–,–,–,–,–,–,–,–,–,–,–,–,–
14th,–,2L,2L3-1/2X2-1/2X1/4X3/4LLBB,–,–,–,–,–,–,2.9,2.5,–,–,–,–,–,–,–,9.8,–,–,–,–,–,3.62,2.72,1.51,1.12,1.1,0.6,4.32,2.85,1.5,1.22,–,–,–,–,–,–,–,–,–,–,–,–,–,–,–,–,–,–,–,–,0.25,–,–,–,–,–,–,–,–,–,–,–,–,–,–,–,–,–,–,–,–,–,–,–,–,–,–,–,–,–,–,–,–,–,–,–,–,–,–,–,–,–,3.5,–,–,–,–,–,–,–,–,14,–,1.92,0.742,–,–,–,–,–,–,–,–,–,0.965,–,–,–,–,–,–,–,–,–,–,–,–,–,–,–,–,–,–
14th,–,2L,2L3X2-1/2X1/2LLBB,–,–,–,–,–,–,5,2.5,–,–,–,–,–,–,–,17,–,–,–,–,–,4.14,3.72,2.06,0.91,0.995,0.5,5.41,3.73,2.16,1.04,–,–,–,–,–,–,–,–,–,–,–,–,–,–,–,–,–,–,–,–,0.5,–,–,–,–,–,–,–,–,–,–,–,–,–,–,–,–,–,–,–,–,–,–,–,–,–,–,–,–,–,–,–,–,–,–,–,–,–,–,–,–,–,3,–,–,–,–,–,–,–,–,6,–,1.57,0.774,–,–,–,–,–,–,–,–,–,1,–,–,–,–,–,–,–,–,–,–,–,–,–,–,–,–,–,–
14th,–,2L,2L3X2-1/2X1/2X3/8LLBB,–,–,–,–,–,–,5,2.5,–,–,–,–,–,–,–,17,–,–,–,–,–,4.14,3.72,2.06,0.91,0.995,0.5,6.96,4.67,2.59,1.18,–,–,–,–,–,–,–,–,–,–,–,–,–,–,–,–,–,–,–,–,0.5,–,–,–,–,–,–,–,–,–,–,–,–,–,–,–,–,–,–,–,–,–,–,–,–,–,–,–,–,–,–,–,–,–,–,–,–,–,–,–,–,–,3,–,–,–,–,–,–,–,–,6,–,1.66,0.8,–,–,–,–,–,–,–,–,–,1,–,–,–,–,–,–,–,–,–,–,–,–,–,–,–,–,–,–
14th,–,2L,2L3X2-1/2X1/2X3/4LLBB,–,–,–,–,–,–,5,2.5,–,–,–,–,–,–,–,17,–,–,–,–,–,4.14,3.72,2.06,0.91,0.995,0.5,8.84,5.6,3.07,1.33,–,–,–,–,–,–,–,–,–,–,–,–,–,–,–,–,–,–,–,–,0.5,–,–,–,–,–,–,–,–,–,–,–,–,–,–,–,–,–,–,–,–,–,–,–,–,–,–,–,–,–,–,–,–,–,–,–,–,–,–,–,–,–,3,–,–,–,–,–,–,–,–,6,–,1.78,0.824,–,–,–,–,–,–,–,–,–,1,–,–,–,–,–,–,–,–,–,–,–,–,–,–,–,–,–,–
14th,–,2L,2L3X2-1/2X7/16LLBB,–,–,–,–,–,–,4.44,2.5,–,–,–,–,–,–,–,15.2,–,–,–,–,–,3.74,3.32,1.84,0.917,0.972,0.463,4.62,3.21,1.85,1.02,–,–,–,–,–,–,–,–,–,–,–,–,–,–,–,–,–,–,–,–,0.438,–,–,–,–,–,–,–,–,–,–,–,–,–,–,–,–,–,–,–,–,–,–,–,–,–,–,–,–,–,–,–,–,–,–,–,–,–,–,–,–,–,3,–,–,–,–,–,–,–,–,6.85,–,1.57,0.769,–,–,–,–,–,–,–,–,–,1,–,–,–,–,–,–,–,–,–,–,–,–,–,–,–,–,–,–
14th,–,2L,2L3X2-1/2X7/16X3/8LLBB,–,–,–,–,–,–,4.44,2.5,–,–,–,–,–,–,–,15.2,–,–,–,–,–,3.74,3.32,1.84,0.917,0.972,0.463,5.97,4.05,2.22,1.16,–,–,–,–,–,–,–,–,–,–,–,–,–,–,–,–,–,–,–,–,0.438,–,–,–,–,–,–,–,–,–,–,–,–,–,–,–,–,–,–,–,–,–,–,–,–,–,–,–,–,–,–,–,–,–,–,–,–,–,–,–,–,–,3,–,–,–,–,–,–,–,–,6.85,–,1.66,0.795,–,–,–,–,–,–,–,–,–,1,–,–,–,–,–,–,–,–,–,–,–,–,–,–,–,–,–,–
14th,–,2L,2L3X2-1/2X7/16X3/4LLBB,–,–,–,–,–,–,4.44,2.5,–,–,–,–,–,–,–,15.2,–,–,–,–,–,3.74,3.32,1.84,0.917,0.972,0.463,7.74,4.88,2.69,1.32,–,–,–,–,–,–,–,–,–,–,–,–,–,–,–,–,–,–,–,–,0.438,–,–,–,–,–,–,–,–,–,–,–,–,–,–,–,–,–,–,–,–,–,–,–,–,–,–,–,–,–,–,–,–,–,–,–,–,–,–,–,–,–,3,–,–,–,–,–,–,–,–,6.85,–,1.77,0.819,–,–,–,–,–,–,–,–,–,1,–,–,–,–,–,–,–,–,–,–,–,–,–,–,–,–,–,–
14th,–,2L,2L3X2-1/2X3/8LLBB,–,–,–,–,–,–,3.86,2.5,–,–,–,–,–,–,–,13.2,–,–,–,–,–,3.3,2.9,1.61,0.924,0.949,0.427,3.94,2.71,1.58,1.01,–,–,–,–,–,–,–,–,–,–,–,–,–,–,–,–,–,–,–,–,0.375,–,–,–,–,–,–,–,–,–,–,–,–,–,–,–,–,–,–,–,–,–,–,–,–,–,–,–,–,–,–,–,–,–,–,–,–,–,–,–,–,–,3,–,–,–,–,–,–,–,–,8,–,1.57,0.764,–,–,–,–,–,–,–,–,–,1,–,–,–,–,–,–,–,–,–,–,–,–,–,–,–,–,–,–
14th,–,2L,2L3X2-1/2X3/8X3/8LLBB,–,–,–,–,–,–,3.86,2.5,–,–,–,–,–,–,–,13.2,–,–,–,–,–,3.3,2.9,1.61,0.924,0.949,0.427,5.1,3.43,1.9,1.15,–,–,–,–,–,–,–,–,–,–,–,–,–,–,–,–,–,–,–,–,0.375,–,–,–,–,–,–,–,–,–,–,–,–,–,–,–,–,–,–,–,–,–,–,–,–,–,–,–,–,–,–,–,–,–,–,–,–,–,–,–,–,–,3,–,–,–,–,–,–,–,–,8,–,1.66,0.79,–,–,–,–,–,–,–,–,–,1,–,–,–,–,–,–,–,–,–,–,–,–,–,–,–,–,–,–
14th,–,2L,2L3X2-1/2X3/8X3/4LLBB,–,–,–,–,–,–,3.86,2.5,–,–,–,–,–,–,–,13.2,–,–,–,–,–,3.3,2.9,1.61,0.924,0.949,0.427,6.52,4.15,2.27,1.3,–,–,–,–,–,–,–,–,–,–,–,–,–,–,–,–,–,–,–,–,0.375,–,–,–,–,–,–,–,–,–,–,–,–,–,–,–,–,–,–,–,–,–,–,–,–,–,–,–,–,–,–,–,–,–,–,–,–,–,–,–,–,–,3,–,–,–,–,–,–,–,–,8,–,1.77,0.815,–,–,–,–,–,–,–,–,–,1,–,–,–,–,–,–,–,–,–,–,–,–,–,–,–,–,–,–
14th,–,2L,2L3X2-1/2X5/16LLBB,–,–,–,–,–,–,3.26,2.5,–,–,–,–,–,–,–,11.2,–,–,–,–,–,2.82,2.46,1.36,0.932,0.925,0.392,3.26,2.21,1.3,1,–,–,–,–,–,–,–,–,–,–,–,–,–,–,–,–,–,–,–,–,0.313,–,–,–,–,–,–,–,–,–,–,–,–,–,–,–,–,–,–,–,–,–,–,–,–,–,–,–,–,–,–,–,–,–,–,–,–,–,–,–,–,–,3,–,–,–,–,–,–,–,–,9.58,–,1.57,0.76,–,–,–,–,–,–,–,–,–,1,–,–,–,–,–,–,–,–,–,–,–,–,–,–,–,–,–,–
14th,–,2L,2L3X2-1/2X5/16X3/8LLBB,–,–,–,–,–,–,3.26,2.5,–,–,–,–,–,–,–,11.2,–,–,–,–,–,2.82,2.46,1.36,0.932,0.925,0.392,4.24,2.82,1.58,1.14,–,–,–,–,–,–,–,–,–,–,–,–,–,–,–,–,–,–,–,–,0.313,–,–,–,–,–,–,–,–,–,–,–,–,–,–,–,–,–,–,–,–,–,–,–,–,–,–,–,–,–,–,–,–,–,–,–,–,–,–,–,–,–,3,–,–,–,–,–,–,–,–,9.58,–,1.66,0.785,–,–,–,–,–,–,–,–,–,1,–,–,–,–,–,–,–,–,–,–,–,–,–,–,–,–,–,–
14th,–,2L,2L3X2-1/2X5/16X3/4LLBB,–,–,–,–,–,–,3.26,2.5,–,–,–,–,–,–,–,11.2,–,–,–,–,–,2.82,2.46,1.36,0.932,0.925,0.392,5.42,3.43,1.89,1.29,–,–,–,–,–,–,–,–,–,–,–,–,–,–,–,–,–,–,–,–,0.313,–,–,–,–,–,–,–,–,–,–,–,–,–,–,–,–,–,–,–,–,–,–,–,–,–,–,–,–,–,–,–,–,–,–,–,–,–,–,–,–,–,3,–,–,–,–,–,–,–,–,9.58,–,1.76,0.81,–,–,–,–,–,–,–,–,–,1,–,–,–,–,–,–,–,–,–,–,–,–,–,–,–,–,–,–
14th,–,2L,2L3X2-1/2X1/4LLBB,–,–,–,–,–,–,2.64,2.5,–,–,–,–,–,–,–,9,–,–,–,–,–,2.32,2,1.11,0.94,0.9,0.36,2.59,1.72,1.04,0.991,–,–,–,–,–,–,–,–,–,–,–,–,–,–,–,–,–,–,–,–,0.25,–,–,–,–,–,–,–,–,–,–,–,–,–,–,–,–,–,–,–,–,–,–,–,–,–,–,–,–,–,–,–,–,–,–,–,–,–,–,–,–,–,3,–,–,–,–,–,–,–,–,12,–,1.57,0.756,–,–,–,–,–,–,–,–,–,1,–,–,–,–,–,–,–,–,–,–,–,–,–,–,–,–,–,–
14th,–,2L,2L3X2-1/2X1/4X3/8LLBB,–,–,–,–,–,–,2.64,2.5,–,–,–,–,–,–,–,9,–,–,–,–,–,2.32,2,1.11,0.94,0.9,0.36,3.31,2.22,1.23,1.12,–,–,–,–,–,–,–,–,–,–,–,–,–,–,–,–,–,–,–,–,0.25,–,–,–,–,–,–,–,–,–,–,–,–,–,–,–,–,–,–,–,–,–,–,–,–,–,–,–,–,–,–,–,–,–,–,–,–,–,–,–,–,–,3,–,–,–,–,–,–,–,–,12,–,1.66,0.781,–,–,–,–,–,–,–,–,–,1,–,–,–,–,–,–,–,–,–,–,–,–,–,–,–,–,–,–
14th,–,2L,2L3X2-1/2X1/4X3/4LLBB,–,–,–,–,–,–,2.64,2.5,–,–,–,–,–,–,–,9,–,–,–,–,–,2.32,2,1.11,0.94,0.9,0.36,4.26,2.71,1.48,1.27,–,–,–,–,–,–,–,–,–,–,–,–,–,–,–,–,–,–,–,–,0.25,–,–,–,–,–,–,–,–,–,–,–,–,–,–,–,–,–,–,–,–,–,–,–,–,–,–,–,–,–,–,–,–,–,–,–,–,–,–,–,–,–,3,–,–,–,–,–,–,–,–,12,–,1.76,0.806,–,–,–,–,–,–,–,–,–,1,–,–,–,–,–,–,–,–,–,–,–,–,–,–,–,–,–,–
14th,–,2L,2L3X2-1/2X3/16LLBB,–,–,–,–,–,–,2,2.5,–,–,–,–,–,–,–,6.78,–,–,–,–,–,1.8,1.52,0.846,0.947,0.874,0.333,1.92,1.25,0.768,0.98,–,–,–,–,–,–,–,–,–,–,–,–,–,–,–,–,–,–,–,–,0.188,–,–,–,–,–,–,–,–,–,–,–,–,–,–,–,–,–,–,–,–,–,–,–,–,–,–,–,–,–,–,–,–,–,–,–,–,–,–,–,–,–,3,–,–,–,–,–,–,–,–,16,–,1.57,0.753,–,–,–,–,–,–,–,–,–,1,–,–,–,–,–,–,–,–,–,–,–,–,–,–,–,–,–,–
14th,–,2L,2L3X2-1/2X3/16X3/8LLBB,–,–,–,–,–,–,2,2.5,–,–,–,–,–,–,–,6.78,–,–,–,–,–,1.8,1.52,0.846,0.947,0.874,0.333,2.46,1.63,0.915,1.11,–,–,–,–,–,–,–,–,–,–,–,–,–,–,–,–,–,–,–,–,0.188,–,–,–,–,–,–,–,–,–,–,–,–,–,–,–,–,–,–,–,–,–,–,–,–,–,–,–,–,–,–,–,–,–,–,–,–,–,–,–,–,–,3,–,–,–,–,–,–,–,–,16,–,1.65,0.778,–,–,–,–,–,–,–,–,–,0.912,–,–,–,–,–,–,–,–,–,–,–,–,–,–,–,–,–,–
14th,–,2L,2L3X2-1/2X3/16X3/4LLBB,–,–,–,–,–,–,2,2.5,–,–,–,–,–,–,–,6.78,–,–,–,–,–,1.8,1.52,0.846,0.947,0.874,0.333,3.13,2,1.09,1.25,–,–,–,–,–,–,–,–,–,–,–,–,–,–,–,–,–,–,–,–,0.188,–,–,–,–,–,–,–,–,–,–,–,–,–,–,–,–,–,–,–,–,–,–,–,–,–,–,–,–,–,–,–,–,–,–,–,–,–,–,–,–,–,3,–,–,–,–,–,–,–,–,16,–,1.75,0.802,–,–,–,–,–,–,–,–,–,0.912,–,–,–,–,–,–,–,–,–,–,–,–,–,–,–,–,–,–
14th,–,2L,2L3X2X1/2LLBB,–,–,–,–,–,–,4.52,2,–,–,–,–,–,–,–,15.4,–,–,–,–,–,3.84,3.56,2,0.922,1.08,0.74,2.86,2.62,1.43,0.795,–,–,–,–,–,–,–,–,–,–,–,–,–,–,–,–,–,–,–,–,0.5,–,–,–,–,–,–,–,–,–,–,–,–,–,–,–,–,–,–,–,–,–,–,–,–,–,–,–,–,–,–,–,–,–,–,–,–,–,–,–,–,–,3,–,–,–,–,–,–,–,–,6,–,1.47,0.684,–,–,–,–,–,–,–,–,–,1,–,–,–,–,–,–,–,–,–,–,–,–,–,–,–,–,–,–
14th,–,2L,2L3X2X1/2X3/8LLBB,–,–,–,–,–,–,4.52,2,–,–,–,–,–,–,–,15.4,–,–,–,–,–,3.84,3.56,2,0.922,1.08,0.74,3.99,3.47,1.82,0.94,–,–,–,–,–,–,–,–,–,–,–,–,–,–,–,–,–,–,–,–,0.5,–,–,–,–,–,–,–,–,–,–,–,–,–,–,–,–,–,–,–,–,–,–,–,–,–,–,–,–,–,–,–,–,–,–,–,–,–,–,–,–,–,3,–,–,–,–,–,–,–,–,6,–,1.55,0.717,–,–,–,–,–,–,–,–,–,1,–,–,–,–,–,–,–,–,–,–,–,–,–,–,–,–,–,–
14th,–,2L,2L3X2X1/2X3/4LLBB,–,–,–,–,–,–,4.52,2,–,–,–,–,–,–,–,15.4,–,–,–,–,–,3.84,3.56,2,0.922,1.08,0.74,5.47,4.32,2.3,1.1,–,–,–,–,–,–,–,–,–,–,–,–,–,–,–,–,–,–,–,–,0.5,–,–,–,–,–,–,–,–,–,–,–,–,–,–,–,–,–,–,–,–,–,–,–,–,–,–,–,–,–,–,–,–,–,–,–,–,–,–,–,–,–,3,–,–,–,–,–,–,–,–,6,–,1.66,0.751,–,–,–,–,–,–,–,–,–,1,–,–,–,–,–,–,–,–,–,–,–,–,–,–,–,–,–,–
14th,–,2L,2L3X2X3/8LLBB,–,–,–,–,–,–,3.5,2,–,–,–,–,–,–,–,11.8,–,–,–,–,–,3.08,2.78,1.56,0.937,1.03,0.667,2.08,1.87,1.04,0.771,–,–,–,–,–,–,–,–,–,–,–,–,–,–,–,–,–,–,–,–,0.375,–,–,–,–,–,–,–,–,–,–,–,–,–,–,–,–,–,–,–,–,–,–,–,–,–,–,–,–,–,–,–,–,–,–,–,–,–,–,–,–,–,3,–,–,–,–,–,–,–,–,8,–,1.48,0.675,–,–,–,–,–,–,–,–,–,1,–,–,–,–,–,–,–,–,–,–,–,–,–,–,–,–,–,–
14th,–,2L,2L3X2X3/8X3/8LLBB,–,–,–,–,–,–,3.5,2,–,–,–,–,–,–,–,11.8,–,–,–,–,–,3.08,2.78,1.56,0.937,1.03,0.667,2.9,2.53,1.33,0.911,–,–,–,–,–,–,–,–,–,–,–,–,–,–,–,–,–,–,–,–,0.375,–,–,–,–,–,–,–,–,–,–,–,–,–,–,–,–,–,–,–,–,–,–,–,–,–,–,–,–,–,–,–,–,–,–,–,–,–,–,–,–,–,3,–,–,–,–,–,–,–,–,8,–,1.55,0.707,–,–,–,–,–,–,–,–,–,1,–,–,–,–,–,–,–,–,–,–,–,–,–,–,–,–,–,–
14th,–,2L,2L3X2X3/8X3/4LLBB,–,–,–,–,–,–,3.5,2,–,–,–,–,–,–,–,11.8,–,–,–,–,–,3.08,2.78,1.56,0.937,1.03,0.667,4.01,3.18,1.69,1.07,–,–,–,–,–,–,–,–,–,–,–,–,–,–,–,–,–,–,–,–,0.375,–,–,–,–,–,–,–,–,–,–,–,–,–,–,–,–,–,–,–,–,–,–,–,–,–,–,–,–,–,–,–,–,–,–,–,–,–,–,–,–,–,3,–,–,–,–,–,–,–,–,8,–,1.65,0.739,–,–,–,–,–,–,–,–,–,1,–,–,–,–,–,–,–,–,–,–,–,–,–,–,–,–,–,–
14th,–,2L,2L3X2X5/16LLBB,–,–,–,–,–,–,2.96,2,–,–,–,–,–,–,–,10,–,–,–,–,–,2.64,2.38,1.32,0.945,1.01,0.632,1.71,1.51,0.855,0.76,–,–,–,–,–,–,–,–,–,–,–,–,–,–,–,–,–,–,–,–,0.313,–,–,–,–,–,–,–,–,–,–,–,–,–,–,–,–,–,–,–,–,–,–,–,–,–,–,–,–,–,–,–,–,–,–,–,–,–,–,–,–,–,3,–,–,–,–,–,–,–,–,9.58,–,1.48,0.671,–,–,–,–,–,–,–,–,–,1,–,–,–,–,–,–,–,–,–,–,–,–,–,–,–,–,–,–
14th,–,2L,2L3X2X5/16X3/8LLBB,–,–,–,–,–,–,2.96,2,–,–,–,–,–,–,–,10,–,–,–,–,–,2.64,2.38,1.32,0.945,1.01,0.632,2.38,2.07,1.09,0.897,–,–,–,–,–,–,–,–,–,–,–,–,–,–,–,–,–,–,–,–,0.313,–,–,–,–,–,–,–,–,–,–,–,–,–,–,–,–,–,–,–,–,–,–,–,–,–,–,–,–,–,–,–,–,–,–,–,–,–,–,–,–,–,3,–,–,–,–,–,–,–,–,9.58,–,1.56,0.702,–,–,–,–,–,–,–,–,–,1,–,–,–,–,–,–,–,–,–,–,–,–,–,–,–,–,–,–
14th,–,2L,2L3X2X5/16X3/4LLBB,–,–,–,–,–,–,2.96,2,–,–,–,–,–,–,–,10,–,–,–,–,–,2.64,2.38,1.32,0.945,1.01,0.632,3.26,2.62,1.37,1.05,–,–,–,–,–,–,–,–,–,–,–,–,–,–,–,–,–,–,–,–,0.313,–,–,–,–,–,–,–,–,–,–,–,–,–,–,–,–,–,–,–,–,–,–,–,–,–,–,–,–,–,–,–,–,–,–,–,–,–,–,–,–,–,3,–,–,–,–,–,–,–,–,9.58,–,1.65,0.734,–,–,–,–,–,–,–,–,–,1,–,–,–,–,–,–,–,–,–,–,–,–,–,–,–,–,–,–
14th,–,2L,2L3X2X1/4LLBB,–,–,–,–,–,–,2.4,2,–,–,–,–,–,–,–,8.2,–,–,–,–,–,2.18,1.94,1.08,0.953,0.98,0.6,1.35,1.17,0.675,0.749,–,–,–,–,–,–,–,–,–,–,–,–,–,–,–,–,–,–,–,–,0.25,–,–,–,–,–,–,–,–,–,–,–,–,–,–,–,–,–,–,–,–,–,–,–,–,–,–,–,–,–,–,–,–,–,–,–,–,–,–,–,–,–,3,–,–,–,–,–,–,–,–,12,–,1.48,0.668,–,–,–,–,–,–,–,–,–,1,–,–,–,–,–,–,–,–,–,–,–,–,–,–,–,–,–,–
14th,–,2L,2L3X2X1/4X3/8LLBB,–,–,–,–,–,–,2.4,2,–,–,–,–,–,–,–,8.2,–,–,–,–,–,2.18,1.94,1.08,0.953,0.98,0.6,1.87,1.62,0.855,0.883,–,–,–,–,–,–,–,–,–,–,–,–,–,–,–,–,–,–,–,–,0.25,–,–,–,–,–,–,–,–,–,–,–,–,–,–,–,–,–,–,–,–,–,–,–,–,–,–,–,–,–,–,–,–,–,–,–,–,–,–,–,–,–,3,–,–,–,–,–,–,–,–,12,–,1.56,0.698,–,–,–,–,–,–,–,–,–,1,–,–,–,–,–,–,–,–,–,–,–,–,–,–,–,–,–,–
14th,–,2L,2L3X2X1/4X3/4LLBB,–,–,–,–,–,–,2.4,2,–,–,–,–,–,–,–,8.2,–,–,–,–,–,2.18,1.94,1.08,0.953,0.98,0.6,2.55,2.07,1.07,1.03,–,–,–,–,–,–,–,–,–,–,–,–,–,–,–,–,–,–,–,–,0.25,–,–,–,–,–,–,–,–,–,–,–,–,–,–,–,–,–,–,–,–,–,–,–,–,–,–,–,–,–,–,–,–,–,–,–,–,–,–,–,–,–,3,–,–,–,–,–,–,–,–,12,–,1.65,0.73,–,–,–,–,–,–,–,–,–,1,–,–,–,–,–,–,–,–,–,–,–,–,–,–,–,–,–,–
14th,–,2L,2L3X2X3/16LLBB,–,–,–,–,–,–,1.83,2,–,–,–,–,–,–,–,6.14,–,–,–,–,–,1.69,1.49,0.828,0.961,0.952,0.555,0.999,0.847,0.5,0.739,–,–,–,–,–,–,–,–,–,–,–,–,–,–,–,–,–,–,–,–,0.188,–,–,–,–,–,–,–,–,–,–,–,–,–,–,–,–,–,–,–,–,–,–,–,–,–,–,–,–,–,–,–,–,–,–,–,–,–,–,–,–,–,3,–,–,–,–,–,–,–,–,16,–,1.49,0.666,–,–,–,–,–,–,–,–,–,1,–,–,–,–,–,–,–,–,–,–,–,–,–,–,–,–,–,–
14th,–,2L,2L3X2X3/16X3/8LLBB,–,–,–,–,–,–,1.83,2,–,–,–,–,–,–,–,6.14,–,–,–,–,–,1.69,1.49,0.828,0.961,0.952,0.555,1.38,1.19,0.631,0.869,–,–,–,–,–,–,–,–,–,–,–,–,–,–,–,–,–,–,–,–,0.188,–,–,–,–,–,–,–,–,–,–,–,–,–,–,–,–,–,–,–,–,–,–,–,–,–,–,–,–,–,–,–,–,–,–,–,–,–,–,–,–,–,3,–,–,–,–,–,–,–,–,16,–,1.55,0.695,–,–,–,–,–,–,–,–,–,0.912,–,–,–,–,–,–,–,–,–,–,–,–,–,–,–,–,–,–
14th,–,2L,2L3X2X3/16X3/4LLBB,–,–,–,–,–,–,1.83,2,–,–,–,–,–,–,–,6.14,–,–,–,–,–,1.69,1.49,0.828,0.961,0.952,0.555,1.9,1.54,0.8,1.02,–,–,–,–,–,–,–,–,–,–,–,–,–,–,–,–,–,–,–,–,0.188,–,–,–,–,–,–,–,–,–,–,–,–,–,–,–,–,–,–,–,–,–,–,–,–,–,–,–,–,–,–,–,–,–,–,–,–,–,–,–,–,–,3,–,–,–,–,–,–,–,–,16,–,1.64,0.726,–,–,–,–,–,–,–,–,–,0.912,–,–,–,–,–,–,–,–,–,–,–,–,–,–,–,–,–,–
14th,–,2L,2L2-1/2X2X3/8LLBB,–,–,–,–,–,–,3.1,2,–,–,–,–,–,–,–,10.6,–,–,–,–,–,1.83,1.96,1.09,0.766,0.826,0.433,2.06,1.79,1.03,0.815,–,–,–,–,–,–,–,–,–,–,–,–,–,–,–,–,–,–,–,–,0.375,–,–,–,–,–,–,–,–,–,–,–,–,–,–,–,–,–,–,–,–,–,–,–,–,–,–,–,–,–,–,–,–,–,–,–,–,–,–,–,–,–,2.5,–,–,–,–,–,–,–,–,6.67,–,1.29,0.754,–,–,–,–,–,–,–,–,–,1,–,–,–,–,–,–,–,–,–,–,–,–,–,–,–,–,–,–
14th,–,2L,2L2-1/2X2X3/8X3/8LLBB,–,–,–,–,–,–,3.1,2,–,–,–,–,–,–,–,10.6,–,–,–,–,–,1.83,1.96,1.09,0.766,0.826,0.433,2.84,2.37,1.3,0.957,–,–,–,–,–,–,–,–,–,–,–,–,–,–,–,–,–,–,–,–,0.375,–,–,–,–,–,–,–,–,–,–,–,–,–,–,–,–,–,–,–,–,–,–,–,–,–,–,–,–,–,–,–,–,–,–,–,–,–,–,–,–,–,2.5,–,–,–,–,–,–,–,–,6.67,–,1.38,0.786,–,–,–,–,–,–,–,–,–,1,–,–,–,–,–,–,–,–,–,–,–,–,–,–,–,–,–,–
14th,–,2L,2L2-1/2X2X3/8X3/4LLBB,–,–,–,–,–,–,3.1,2,–,–,–,–,–,–,–,10.6,–,–,–,–,–,1.83,1.96,1.09,0.766,0.826,0.433,3.82,2.95,1.61,1.11,–,–,–,–,–,–,–,–,–,–,–,–,–,–,–,–,–,–,–,–,0.375,–,–,–,–,–,–,–,–,–,–,–,–,–,–,–,–,–,–,–,–,–,–,–,–,–,–,–,–,–,–,–,–,–,–,–,–,–,–,–,–,–,2.5,–,–,–,–,–,–,–,–,6.67,–,1.49,0.817,–,–,–,–,–,–,–,–,–,1,–,–,–,–,–,–,–,–,–,–,–,–,–,–,–,–,–,–
14th,–,2L,2L2-1/2X2X5/16LLBB,–,–,–,–,–,–,2.64,2,–,–,–,–,–,–,–,9,–,–,–,–,–,1.58,1.68,0.93,0.774,0.803,0.388,1.71,1.47,0.855,0.804,–,–,–,–,–,–,–,–,–,–,–,–,–,–,–,–,–,–,–,–,0.313,–,–,–,–,–,–,–,–,–,–,–,–,–,–,–,–,–,–,–,–,–,–,–,–,–,–,–,–,–,–,–,–,–,–,–,–,–,–,–,–,–,2.5,–,–,–,–,–,–,–,–,7.99,–,1.29,0.748,–,–,–,–,–,–,–,–,–,1,–,–,–,–,–,–,–,–,–,–,–,–,–,–,–,–,–,–
14th,–,2L,2L2-1/2X2X5/16X3/8LLBB,–,–,–,–,–,–,2.64,2,–,–,–,–,–,–,–,9,–,–,–,–,–,1.58,1.68,0.93,0.774,0.803,0.388,2.35,1.96,1.07,0.943,–,–,–,–,–,–,–,–,–,–,–,–,–,–,–,–,–,–,–,–,0.313,–,–,–,–,–,–,–,–,–,–,–,–,–,–,–,–,–,–,–,–,–,–,–,–,–,–,–,–,–,–,–,–,–,–,–,–,–,–,–,–,–,2.5,–,–,–,–,–,–,–,–,7.99,–,1.38,0.781,–,–,–,–,–,–,–,–,–,1,–,–,–,–,–,–,–,–,–,–,–,–,–,–,–,–,–,–
14th,–,2L,2L2-1/2X2X5/16X3/4LLBB,–,–,–,–,–,–,2.64,2,–,–,–,–,–,–,–,9,–,–,–,–,–,1.58,1.68,0.93,0.774,0.803,0.388,3.19,2.46,1.34,1.1,–,–,–,–,–,–,–,–,–,–,–,–,–,–,–,–,–,–,–,–,0.313,–,–,–,–,–,–,–,–,–,–,–,–,–,–,–,–,–,–,–,–,–,–,–,–,–,–,–,–,–,–,–,–,–,–,–,–,–,–,–,–,–,2.5,–,–,–,–,–,–,–,–,7.99,–,1.49,0.812,–,–,–,–,–,–,–,–,–,1,–,–,–,–,–,–,–,–,–,–,–,–,–,–,–,–,–,–
14th,–,2L,2L2-1/2X2X1/4LLBB,–,–,–,–,–,–,2.14,2,–,–,–,–,–,–,–,7.24,–,–,–,–,–,1.31,1.38,0.762,0.782,0.779,0.36,1.35,1.14,0.675,0.794,–,–,–,–,–,–,–,–,–,–,–,–,–,–,–,–,–,–,–,–,0.25,–,–,–,–,–,–,–,–,–,–,–,–,–,–,–,–,–,–,–,–,–,–,–,–,–,–,–,–,–,–,–,–,–,–,–,–,–,–,–,–,–,2.5,–,–,–,–,–,–,–,–,10,–,1.29,0.744,–,–,–,–,–,–,–,–,–,1,–,–,–,–,–,–,–,–,–,–,–,–,–,–,–,–,–,–
14th,–,2L,2L2-1/2X2X1/4X3/8LLBB,–,–,–,–,–,–,2.14,2,–,–,–,–,–,–,–,7.24,–,–,–,–,–,1.31,1.38,0.762,0.782,0.779,0.36,1.85,1.54,0.846,0.93,–,–,–,–,–,–,–,–,–,–,–,–,–,–,–,–,–,–,–,–,0.25,–,–,–,–,–,–,–,–,–,–,–,–,–,–,–,–,–,–,–,–,–,–,–,–,–,–,–,–,–,–,–,–,–,–,–,–,–,–,–,–,–,2.5,–,–,–,–,–,–,–,–,10,–,1.38,0.775,–,–,–,–,–,–,–,–,–,1,–,–,–,–,–,–,–,–,–,–,–,–,–,–,–,–,–,–
14th,–,2L,2L2-1/2X2X1/4X3/4LLBB,–,–,–,–,–,–,2.14,2,–,–,–,–,–,–,–,7.24,–,–,–,–,–,1.31,1.38,0.762,0.782,0.779,0.36,2.5,1.94,1.05,1.08,–,–,–,–,–,–,–,–,–,–,–,–,–,–,–,–,–,–,–,–,0.25,–,–,–,–,–,–,–,–,–,–,–,–,–,–,–,–,–,–,–,–,–,–,–,–,–,–,–,–,–,–,–,–,–,–,–,–,–,–,–,–,–,2.5,–,–,–,–,–,–,–,–,10,–,1.49,0.806,–,–,–,–,–,–,–,–,–,1,–,–,–,–,–,–,–,–,–,–,–,–,–,–,–,–,–,–
14th,–,2L,2L2-1/2X2X3/16LLBB,–,–,–,–,–,–,1.64,2,–,–,–,–,–,–,–,5.5,–,–,–,–,–,1.02,1.06,0.586,0.79,0.754,0.319,1.01,0.831,0.505,0.784,–,–,–,–,–,–,–,–,–,–,–,–,–,–,–,–,–,–,–,–,0.188,–,–,–,–,–,–,–,–,–,–,–,–,–,–,–,–,–,–,–,–,–,–,–,–,–,–,–,–,–,–,–,–,–,–,–,–,–,–,–,–,–,2.5,–,–,–,–,–,–,–,–,13.3,–,1.29,0.74,–,–,–,–,–,–,–,–,–,1,–,–,–,–,–,–,–,–,–,–,–,–,–,–,–,–,–,–
14th,–,2L,2L2-1/2X2X3/16X3/8LLBB,–,–,–,–,–,–,1.64,2,–,–,–,–,–,–,–,5.5,–,–,–,–,–,1.02,1.06,0.586,0.79,0.754,0.319,1.38,1.14,0.631,0.916,–,–,–,–,–,–,–,–,–,–,–,–,–,–,–,–,–,–,–,–,0.188,–,–,–,–,–,–,–,–,–,–,–,–,–,–,–,–,–,–,–,–,–,–,–,–,–,–,–,–,–,–,–,–,–,–,–,–,–,–,–,–,–,2.5,–,–,–,–,–,–,–,–,13.3,–,1.38,0.771,–,–,–,–,–,–,–,–,–,0.983,–,–,–,–,–,–,–,–,–,–,–,–,–,–,–,–,–,–
14th,–,2L,2L2-1/2X2X3/16X3/4LLBB,–,–,–,–,–,–,1.64,2,–,–,–,–,–,–,–,5.5,–,–,–,–,–,1.02,1.06,0.586,0.79,0.754,0.319,1.88,1.44,0.792,1.07,–,–,–,–,–,–,–,–,–,–,–,–,–,–,–,–,–,–,–,–,0.188,–,–,–,–,–,–,–,–,–,–,–,–,–,–,–,–,–,–,–,–,–,–,–,–,–,–,–,–,–,–,–,–,–,–,–,–,–,–,–,–,–,2.5,–,–,–,–,–,–,–,–,13.3,–,1.48,0.801,–,–,–,–,–,–,–,–,–,0.983,–,–,–,–,–,–,–,–,–,–,–,–,–,–,–,–,–,–
14th,–,2L,2L2-1/2X1-1/2X1/4LLBB,–,–,–,–,–,–,1.89,1.5,–,–,–,–,–,–,–,6.38,–,–,–,–,–,1.19,1.29,0.728,0.79,0.866,0.606,0.574,0.705,0.383,0.551,–,–,–,–,–,–,–,–,–,–,–,–,–,–,–,–,–,–,–,–,0.25,–,–,–,–,–,–,–,–,–,–,–,–,–,–,–,–,–,–,–,–,–,–,–,–,–,–,–,–,–,–,–,–,–,–,–,–,–,–,–,–,–,2.5,–,–,–,–,–,–,–,–,10,–,1.21,0.629,–,–,–,–,–,–,–,–,–,1,–,–,–,–,–,–,–,–,–,–,–,–,–,–,–,–,–,–
14th,–,2L,2L2-1/2X1-1/2X1/4X3/8LLBB,–,–,–,–,–,–,1.89,1.5,–,–,–,–,–,–,–,6.38,–,–,–,–,–,1.19,1.29,0.728,0.79,0.866,0.606,0.902,1.06,0.535,0.691,–,–,–,–,–,–,–,–,–,–,–,–,–,–,–,–,–,–,–,–,0.25,–,–,–,–,–,–,–,–,–,–,–,–,–,–,–,–,–,–,–,–,–,–,–,–,–,–,–,–,–,–,–,–,–,–,–,–,–,–,–,–,–,2.5,–,–,–,–,–,–,–,–,10,–,1.28,0.668,–,–,–,–,–,–,–,–,–,1,–,–,–,–,–,–,–,–,–,–,–,–,–,–,–,–,–,–
14th,–,2L,2L2-1/2X1-1/2X1/4X3/4LLBB,–,–,–,–,–,–,1.89,1.5,–,–,–,–,–,–,–,6.38,–,–,–,–,–,1.19,1.29,0.728,0.79,0.866,0.606,1.37,1.41,0.731,0.85,–,–,–,–,–,–,–,–,–,–,–,–,–,–,–,–,–,–,–,–,0.25,–,–,–,–,–,–,–,–,–,–,–,–,–,–,–,–,–,–,–,–,–,–,–,–,–,–,–,–,–,–,–,–,–,–,–,–,–,–,–,–,–,2.5,–,–,–,–,–,–,–,–,10,–,1.38,0.711,–,–,–,–,–,–,–,–,–,1,–,–,–,–,–,–,–,–,–,–,–,–,–,–,–,–,–,–
14th,–,2L,2L2-1/2X1-1/2X3/16LLBB,–,–,–,–,–,–,1.45,1.5,–,–,–,–,–,–,–,4.88,–,–,–,–,–,0.928,0.994,0.56,0.8,0.839,0.569,0.424,0.502,0.283,0.541,–,–,–,–,–,–,–,–,–,–,–,–,–,–,–,–,–,–,–,–,0.188,–,–,–,–,–,–,–,–,–,–,–,–,–,–,–,–,–,–,–,–,–,–,–,–,–,–,–,–,–,–,–,–,–,–,–,–,–,–,–,–,–,2.5,–,–,–,–,–,–,–,–,13.3,–,1.22,0.625,–,–,–,–,–,–,–,–,–,1,–,–,–,–,–,–,–,–,–,–,–,–,–,–,–,–,–,–
14th,–,2L,2L2-1/2X1-1/2X3/16X3/8LLBB,–,–,–,–,–,–,1.45,1.5,–,–,–,–,–,–,–,4.88,–,–,–,–,–,0.928,0.994,0.56,0.8,0.839,0.569,0.665,0.774,0.394,0.677,–,–,–,–,–,–,–,–,–,–,–,–,–,–,–,–,–,–,–,–,0.188,–,–,–,–,–,–,–,–,–,–,–,–,–,–,–,–,–,–,–,–,–,–,–,–,–,–,–,–,–,–,–,–,–,–,–,–,–,–,–,–,–,2.5,–,–,–,–,–,–,–,–,13.3,–,1.29,0.662,–,–,–,–,–,–,–,–,–,1,–,–,–,–,–,–,–,–,–,–,–,–,–,–,–,–,–,–
14th,–,2L,2L2-1/2X1-1/2X3/16X3/4LLBB,–,–,–,–,–,–,1.45,1.5,–,–,–,–,–,–,–,4.88,–,–,–,–,–,0.928,0.994,0.56,0.8,0.839,0.569,1.01,1.05,0.539,0.833,–,–,–,–,–,–,–,–,–,–,–,–,–,–,–,–,–,–,–,–,0.188,–,–,–,–,–,–,–,–,–,–,–,–,–,–,–,–,–,–,–,–,–,–,–,–,–,–,–,–,–,–,–,–,–,–,–,–,–,–,–,–,–,2.5,–,–,–,–,–,–,–,–,13.3,–,1.38,0.704,–,–,–,–,–,–,–,–,–,1,–,–,–,–,–,–,–,–,–,–,–,–,–,–,–,–,–,–
14th,–,2L,2L8X6X1SLBB,–,–,–,–,–,–,26.2,6,–,–,–,–,–,–,–,88.4,–,–,–,–,–,77.6,32.4,17.8,1.72,1.65,0.819,345,69.4,43.1,3.63,–,–,–,–,–,–,–,–,–,–,–,–,–,–,–,–,–,–,–,–,1,–,–,–,–,–,–,–,–,–,–,–,–,–,–,–,–,–,–,–,–,–,–,–,–,–,–,–,–,–,–,–,–,–,–,–,–,–,–,–,–,–,8,–,–,–,–,–,–,–,–,8,–,4.18,0.924,–,–,–,–,–,–,–,–,–,1,–,–,–,–,–,–,–,–,–,–,–,–,–,–,–,–,–,–
14th,–,2L,2L8X6X1X3/8SLBB,–,–,–,–,–,–,26.2,6,–,–,–,–,–,–,–,88.4,–,–,–,–,–,77.6,32.4,17.8,1.72,1.65,0.819,372,74.3,45.4,3.77,–,–,–,–,–,–,–,–,–,–,–,–,–,–,–,–,–,–,–,–,1,–,–,–,–,–,–,–,–,–,–,–,–,–,–,–,–,–,–,–,–,–,–,–,–,–,–,–,–,–,–,–,–,–,–,–,–,–,–,–,–,–,8,–,–,–,–,–,–,–,–,8,–,4.3,0.929,–,–,–,–,–,–,–,–,–,1,–,–,–,–,–,–,–,–,–,–,–,–,–,–,–,–,–,–
14th,–,2L,2L8X6X1X3/4SLBB,–,–,–,–,–,–,26.2,6,–,–,–,–,–,–,–,88.4,–,–,–,–,–,77.6,32.4,17.8,1.72,1.65,0.819,401,79.3,47.9,3.91,–,–,–,–,–,–,–,–,–,–,–,–,–,–,–,–,–,–,–,–,1,–,–,–,–,–,–,–,–,–,–,–,–,–,–,–,–,–,–,–,–,–,–,–,–,–,–,–,–,–,–,–,–,–,–,–,–,–,–,–,–,–,8,–,–,–,–,–,–,–,–,8,–,4.43,0.933,–,–,–,–,–,–,–,–,–,1,–,–,–,–,–,–,–,–,–,–,–,–,–,–,–,–,–,–
14th,–,2L,2L8X6X7/8SLBB,–,–,–,–,–,–,23,6,–,–,–,–,–,–,–,78.2,–,–,–,–,–,69.8,28.7,15.9,1.74,1.6,0.719,300,59.8,37.5,3.61,–,–,–,–,–,–,–,–,–,–,–,–,–,–,–,–,–,–,–,–,0.875,–,–,–,–,–,–,–,–,–,–,–,–,–,–,–,–,–,–,–,–,–,–,–,–,–,–,–,–,–,–,–,–,–,–,–,–,–,–,–,–,–,8,–,–,–,–,–,–,–,–,9.14,–,4.17,0.922,–,–,–,–,–,–,–,–,–,1,–,–,–,–,–,–,–,–,–,–,–,–,–,–,–,–,–,–
14th,–,2L,2L8X6X7/8X3/8SLBB,–,–,–,–,–,–,23,6,–,–,–,–,–,–,–,78.2,–,–,–,–,–,69.8,28.7,15.9,1.74,1.6,0.719,323,64.1,39.5,3.75,–,–,–,–,–,–,–,–,–,–,–,–,–,–,–,–,–,–,–,–,0.875,–,–,–,–,–,–,–,–,–,–,–,–,–,–,–,–,–,–,–,–,–,–,–,–,–,–,–,–,–,–,–,–,–,–,–,–,–,–,–,–,–,8,–,–,–,–,–,–,–,–,9.14,–,4.29,0.926,–,–,–,–,–,–,–,–,–,1,–,–,–,–,–,–,–,–,–,–,–,–,–,–,–,–,–,–
14th,–,2L,2L8X6X7/8X3/4SLBB,–,–,–,–,–,–,23,6,–,–,–,–,–,–,–,78.2,–,–,–,–,–,69.8,28.7,15.9,1.74,1.6,0.719,348,68.4,41.6,3.89,–,–,–,–,–,–,–,–,–,–,–,–,–,–,–,–,–,–,–,–,0.875,–,–,–,–,–,–,–,–,–,–,–,–,–,–,–,–,–,–,–,–,–,–,–,–,–,–,–,–,–,–,–,–,–,–,–,–,–,–,–,–,–,8,–,–,–,–,–,–,–,–,9.14,–,4.42,0.93,–,–,–,–,–,–,–,–,–,1,–,–,–,–,–,–,–,–,–,–,–,–,–,–,–,–,–,–
14th,–,2L,2L8X6X3/4SLBB,–,–,–,–,–,–,20,6,–,–,–,–,–,–,–,67.6,–,–,–,–,–,61.5,24.9,13.8,1.75,1.56,0.624,258,50.9,32.2,3.59,–,–,–,–,–,–,–,–,–,–,–,–,–,–,–,–,–,–,–,–,0.75,–,–,–,–,–,–,–,–,–,–,–,–,–,–,–,–,–,–,–,–,–,–,–,–,–,–,–,–,–,–,–,–,–,–,–,–,–,–,–,–,–,8,–,–,–,–,–,–,–,–,10.7,–,4.17,0.919,–,–,–,–,–,–,–,–,–,1,–,–,–,–,–,–,–,–,–,–,–,–,–,–,–,–,–,–
14th,–,2L,2L8X6X3/4X3/8SLBB,–,–,–,–,–,–,20,6,–,–,–,–,–,–,–,67.6,–,–,–,–,–,61.5,24.9,13.8,1.75,1.56,0.624,277,54.7,33.8,3.72,–,–,–,–,–,–,–,–,–,–,–,–,–,–,–,–,–,–,–,–,0.75,–,–,–,–,–,–,–,–,–,–,–,–,–,–,–,–,–,–,–,–,–,–,–,–,–,–,–,–,–,–,–,–,–,–,–,–,–,–,–,–,–,8,–,–,–,–,–,–,–,–,10.7,–,4.28,0.924,–,–,–,–,–,–,–,–,–,1,–,–,–,–,–,–,–,–,–,–,–,–,–,–,–,–,–,–
14th,–,2L,2L8X6X3/4X3/4SLBB,–,–,–,–,–,–,20,6,–,–,–,–,–,–,–,67.6,–,–,–,–,–,61.5,24.9,13.8,1.75,1.56,0.624,298,58.4,35.6,3.86,–,–,–,–,–,–,–,–,–,–,–,–,–,–,–,–,–,–,–,–,0.75,–,–,–,–,–,–,–,–,–,–,–,–,–,–,–,–,–,–,–,–,–,–,–,–,–,–,–,–,–,–,–,–,–,–,–,–,–,–,–,–,–,8,–,–,–,–,–,–,–,–,10.7,–,4.4,0.928,–,–,–,–,–,–,–,–,–,1,–,–,–,–,–,–,–,–,–,–,–,–,–,–,–,–,–,–
14th,–,2L,2L8X6X5/8SLBB,–,–,–,–,–,–,16.8,6,–,–,–,–,–,–,–,57,–,–,–,–,–,52.8,21,11.8,1.77,1.51,0.526,214,42,26.8,3.57,–,–,–,–,–,–,–,–,–,–,–,–,–,–,–,–,–,–,–,–,0.625,–,–,–,–,–,–,–,–,–,–,–,–,–,–,–,–,–,–,–,–,–,–,–,–,–,–,–,–,–,–,–,–,–,–,–,–,–,–,–,–,–,8,–,–,–,–,–,–,–,–,12.8,–,4.16,0.917,–,–,–,–,–,–,–,–,–,1,–,–,–,–,–,–,–,–,–,–,–,–,–,–,–,–,–,–
14th,–,2L,2L8X6X5/8X3/8SLBB,–,–,–,–,–,–,16.8,6,–,–,–,–,–,–,–,57,–,–,–,–,–,52.8,21,11.8,1.77,1.51,0.526,230,45.2,28.1,3.7,–,–,–,–,–,–,–,–,–,–,–,–,–,–,–,–,–,–,–,–,0.625,–,–,–,–,–,–,–,–,–,–,–,–,–,–,–,–,–,–,–,–,–,–,–,–,–,–,–,–,–,–,–,–,–,–,–,–,–,–,–,–,–,8,–,–,–,–,–,–,–,–,12.8,–,4.27,0.921,–,–,–,–,–,–,–,–,–,0.997,–,–,–,–,–,–,–,–,–,–,–,–,–,–,–,–,–,–
14th,–,2L,2L8X6X5/8X3/4SLBB,–,–,–,–,–,–,16.8,6,–,–,–,–,–,–,–,57,–,–,–,–,–,52.8,21,11.8,1.77,1.51,0.526,248,48.4,29.6,3.84,–,–,–,–,–,–,–,–,–,–,–,–,–,–,–,–,–,–,–,–,0.625,–,–,–,–,–,–,–,–,–,–,–,–,–,–,–,–,–,–,–,–,–,–,–,–,–,–,–,–,–,–,–,–,–,–,–,–,–,–,–,–,–,8,–,–,–,–,–,–,–,–,12.8,–,4.39,0.926,–,–,–,–,–,–,–,–,–,0.997,–,–,–,–,–,–,–,–,–,–,–,–,–,–,–,–,–,–
14th,–,2L,2L8X6X9/16SLBB,–,–,–,–,–,–,15.2,6,–,–,–,–,–,–,–,51.4,–,–,–,–,–,48.2,19,10.7,1.78,1.49,0.476,192,37.7,24,3.55,–,–,–,–,–,–,–,–,–,–,–,–,–,–,–,–,–,–,–,–,0.563,–,–,–,–,–,–,–,–,–,–,–,–,–,–,–,–,–,–,–,–,–,–,–,–,–,–,–,–,–,–,–,–,–,–,–,–,–,–,–,–,–,8,–,–,–,–,–,–,–,–,14.2,–,4.15,0.916,–,–,–,–,–,–,–,–,–,1,–,–,–,–,–,–,–,–,–,–,–,–,–,–,–,–,–,–
14th,–,2L,2L8X6X9/16X3/8SLBB,–,–,–,–,–,–,15.2,6,–,–,–,–,–,–,–,51.4,–,–,–,–,–,48.2,19,10.7,1.78,1.49,0.476,207,40.6,25.3,3.69,–,–,–,–,–,–,–,–,–,–,–,–,–,–,–,–,–,–,–,–,0.563,–,–,–,–,–,–,–,–,–,–,–,–,–,–,–,–,–,–,–,–,–,–,–,–,–,–,–,–,–,–,–,–,–,–,–,–,–,–,–,–,–,8,–,–,–,–,–,–,–,–,14.2,–,4.27,0.92,–,–,–,–,–,–,–,–,–,0.959,–,–,–,–,–,–,–,–,–,–,–,–,–,–,–,–,–,–
14th,–,2L,2L8X6X9/16X3/4SLBB,–,–,–,–,–,–,15.2,6,–,–,–,–,–,–,–,51.4,–,–,–,–,–,48.2,19,10.7,1.78,1.49,0.476,223,43.5,26.6,3.83,–,–,–,–,–,–,–,–,–,–,–,–,–,–,–,–,–,–,–,–,0.563,–,–,–,–,–,–,–,–,–,–,–,–,–,–,–,–,–,–,–,–,–,–,–,–,–,–,–,–,–,–,–,–,–,–,–,–,–,–,–,–,–,8,–,–,–,–,–,–,–,–,14.2,–,4.39,0.924,–,–,–,–,–,–,–,–,–,0.959,–,–,–,–,–,–,–,–,–,–,–,–,–,–,–,–,–,–
14th,–,2L,2L8X6X1/2SLBB,–,–,–,–,–,–,13.6,6,–,–,–,–,–,–,–,46,–,–,–,–,–,43.5,17,9.58,1.79,1.46,0.425,170,33.5,21.2,3.54,–,–,–,–,–,–,–,–,–,–,–,–,–,–,–,–,–,–,–,–,0.5,–,–,–,–,–,–,–,–,–,–,–,–,–,–,–,–,–,–,–,–,–,–,–,–,–,–,–,–,–,–,–,–,–,–,–,–,–,–,–,–,–,8,–,–,–,–,–,–,–,–,16,–,4.15,0.915,–,–,–,–,–,–,–,–,–,0.998,–,–,–,–,–,–,–,–,–,–,–,–,–,–,–,–,–,–
14th,–,2L,2L8X6X1/2X3/8SLBB,–,–,–,–,–,–,13.6,6,–,–,–,–,–,–,–,46,–,–,–,–,–,43.5,17,9.58,1.79,1.46,0.425,184,36,22.5,3.68,–,–,–,–,–,–,–,–,–,–,–,–,–,–,–,–,–,–,–,–,0.5,–,–,–,–,–,–,–,–,–,–,–,–,–,–,–,–,–,–,–,–,–,–,–,–,–,–,–,–,–,–,–,–,–,–,–,–,–,–,–,–,–,8,–,–,–,–,–,–,–,–,16,–,4.26,0.919,–,–,–,–,–,–,–,–,–,0.912,–,–,–,–,–,–,–,–,–,–,–,–,–,–,–,–,–,–
14th,–,2L,2L8X6X1/2X3/4SLBB,–,–,–,–,–,–,13.6,6,–,–,–,–,–,–,–,46,–,–,–,–,–,43.5,17,9.58,1.79,1.46,0.425,197,38.6,23.5,3.81,–,–,–,–,–,–,–,–,–,–,–,–,–,–,–,–,–,–,–,–,0.5,–,–,–,–,–,–,–,–,–,–,–,–,–,–,–,–,–,–,–,–,–,–,–,–,–,–,–,–,–,–,–,–,–,–,–,–,–,–,–,–,–,8,–,–,–,–,–,–,–,–,16,–,4.38,0.923,–,–,–,–,–,–,–,–,–,0.912,–,–,–,–,–,–,–,–,–,–,–,–,–,–,–,–,–,–
14th,–,2L,2L8X6X7/16SLBB,–,–,–,–,–,–,12,6,–,–,–,–,–,–,–,40.4,–,–,–,–,–,38.6,15,8.46,1.8,1.44,0.374,150,29.1,18.8,3.53,–,–,–,–,–,–,–,–,–,–,–,–,–,–,–,–,–,–,–,–,0.438,–,–,–,–,–,–,–,–,–,–,–,–,–,–,–,–,–,–,–,–,–,–,–,–,–,–,–,–,–,–,–,–,–,–,–,–,–,–,–,–,–,8,–,–,–,–,–,–,–,–,18.3,–,4.15,0.913,–,–,–,–,–,–,–,–,–,0.938,–,–,–,–,–,–,–,–,–,–,–,–,–,–,–,–,–,–
14th,–,2L,2L8X6X7/16X3/8SLBB,–,–,–,–,–,–,12,6,–,–,–,–,–,–,–,40.4,–,–,–,–,–,38.6,15,8.46,1.8,1.44,0.374,161,31.4,19.7,3.66,–,–,–,–,–,–,–,–,–,–,–,–,–,–,–,–,–,–,–,–,0.438,–,–,–,–,–,–,–,–,–,–,–,–,–,–,–,–,–,–,–,–,–,–,–,–,–,–,–,–,–,–,–,–,–,–,–,–,–,–,–,–,–,8,–,–,–,–,–,–,–,–,18.3,–,4.26,0.918,–,–,–,–,–,–,–,–,–,0.85,–,–,–,–,–,–,–,–,–,–,–,–,–,–,–,–,–,–
14th,–,2L,2L8X6X7/16X3/4SLBB,–,–,–,–,–,–,12,6,–,–,–,–,–,–,–,40.4,–,–,–,–,–,38.6,15,8.46,1.8,1.44,0.374,173,33.6,20.7,3.8,–,–,–,–,–,–,–,–,–,–,–,–,–,–,–,–,–,–,–,–,0.438,–,–,–,–,–,–,–,–,–,–,–,–,–,–,–,–,–,–,–,–,–,–,–,–,–,–,–,–,–,–,–,–,–,–,–,–,–,–,–,–,–,8,–,–,–,–,–,–,–,–,18.3,–,4.38,0.922,–,–,–,–,–,–,–,–,–,0.85,–,–,–,–,–,–,–,–,–,–,–,–,–,–,–,–,–,–
14th,–,2L,2L8X4X1SLBB,–,–,–,–,–,–,22.2,4,–,–,–,–,–,–,–,74.8,–,–,–,–,–,23.3,15.5,7.87,1.03,1.04,0.694,345,67.3,43.1,3.94,–,–,–,–,–,–,–,–,–,–,–,–,–,–,–,–,–,–,–,–,1,–,–,–,–,–,–,–,–,–,–,–,–,–,–,–,–,–,–,–,–,–,–,–,–,–,–,–,–,–,–,–,–,–,–,–,–,–,–,–,–,–,8,–,–,–,–,–,–,–,–,8,–,4.11,0.983,–,–,–,–,–,–,–,–,–,1,–,–,–,–,–,–,–,–,–,–,–,–,–,–,–,–,–,–
14th,–,2L,2L8X4X1X3/8SLBB,–,–,–,–,–,–,22.2,4,–,–,–,–,–,–,–,74.8,–,–,–,–,–,23.3,15.5,7.87,1.03,1.04,0.694,370,71.4,45.2,4.08,–,–,–,–,–,–,–,–,–,–,–,–,–,–,–,–,–,–,–,–,1,–,–,–,–,–,–,–,–,–,–,–,–,–,–,–,–,–,–,–,–,–,–,–,–,–,–,–,–,–,–,–,–,–,–,–,–,–,–,–,–,–,8,–,–,–,–,–,–,–,–,8,–,4.25,0.984,–,–,–,–,–,–,–,–,–,1,–,–,–,–,–,–,–,–,–,–,–,–,–,–,–,–,–,–
14th,–,2L,2L8X4X1X3/4SLBB,–,–,–,–,–,–,22.2,4,–,–,–,–,–,–,–,74.8,–,–,–,–,–,23.3,15.5,7.87,1.03,1.04,0.694,397,75.6,47.4,4.23,–,–,–,–,–,–,–,–,–,–,–,–,–,–,–,–,–,–,–,–,1,–,–,–,–,–,–,–,–,–,–,–,–,–,–,–,–,–,–,–,–,–,–,–,–,–,–,–,–,–,–,–,–,–,–,–,–,–,–,–,–,–,8,–,–,–,–,–,–,–,–,8,–,4.39,0.985,–,–,–,–,–,–,–,–,–,1,–,–,–,–,–,–,–,–,–,–,–,–,–,–,–,–,–,–
14th,–,2L,2L8X4X7/8SLBB,–,–,–,–,–,–,19.6,4,–,–,–,–,–,–,–,66.2,–,–,–,–,–,21.1,13.5,7.02,1.04,0.997,0.612,300,58.5,37.5,3.91,–,–,–,–,–,–,–,–,–,–,–,–,–,–,–,–,–,–,–,–,0.875,–,–,–,–,–,–,–,–,–,–,–,–,–,–,–,–,–,–,–,–,–,–,–,–,–,–,–,–,–,–,–,–,–,–,–,–,–,–,–,–,–,8,–,–,–,–,–,–,–,–,9.14,–,4.09,0.981,–,–,–,–,–,–,–,–,–,1,–,–,–,–,–,–,–,–,–,–,–,–,–,–,–,–,–,–
14th,–,2L,2L8X4X7/8X3/8SLBB,–,–,–,–,–,–,19.6,4,–,–,–,–,–,–,–,66.2,–,–,–,–,–,21.1,13.5,7.02,1.04,0.997,0.612,323,62.2,39.5,4.06,–,–,–,–,–,–,–,–,–,–,–,–,–,–,–,–,–,–,–,–,0.875,–,–,–,–,–,–,–,–,–,–,–,–,–,–,–,–,–,–,–,–,–,–,–,–,–,–,–,–,–,–,–,–,–,–,–,–,–,–,–,–,–,8,–,–,–,–,–,–,–,–,9.14,–,4.22,0.982,–,–,–,–,–,–,–,–,–,1,–,–,–,–,–,–,–,–,–,–,–,–,–,–,–,–,–,–
14th,–,2L,2L8X4X7/8X3/4SLBB,–,–,–,–,–,–,19.6,4,–,–,–,–,–,–,–,66.2,–,–,–,–,–,21.1,13.5,7.02,1.04,0.997,0.612,347,65.9,41.4,4.21,–,–,–,–,–,–,–,–,–,–,–,–,–,–,–,–,–,–,–,–,0.875,–,–,–,–,–,–,–,–,–,–,–,–,–,–,–,–,–,–,–,–,–,–,–,–,–,–,–,–,–,–,–,–,–,–,–,–,–,–,–,–,–,8,–,–,–,–,–,–,–,–,9.14,–,4.37,0.984,–,–,–,–,–,–,–,–,–,1,–,–,–,–,–,–,–,–,–,–,–,–,–,–,–,–,–,–
14th,–,2L,2L8X4X3/4SLBB,–,–,–,–,–,–,17,4,–,–,–,–,–,–,–,57.4,–,–,–,–,–,18.7,11.6,6.14,1.05,0.949,0.531,257,49.9,32.1,3.89,–,–,–,–,–,–,–,–,–,–,–,–,–,–,–,–,–,–,–,–,0.75,–,–,–,–,–,–,–,–,–,–,–,–,–,–,–,–,–,–,–,–,–,–,–,–,–,–,–,–,–,–,–,–,–,–,–,–,–,–,–,–,–,8,–,–,–,–,–,–,–,–,10.7,–,4.07,0.98,–,–,–,–,–,–,–,–,–,1,–,–,–,–,–,–,–,–,–,–,–,–,–,–,–,–,–,–
14th,–,2L,2L8X4X3/4X3/8SLBB,–,–,–,–,–,–,17,4,–,–,–,–,–,–,–,57.4,–,–,–,–,–,18.7,11.6,6.14,1.05,0.949,0.531,276,53.1,33.7,4.03,–,–,–,–,–,–,–,–,–,–,–,–,–,–,–,–,–,–,–,–,0.75,–,–,–,–,–,–,–,–,–,–,–,–,–,–,–,–,–,–,–,–,–,–,–,–,–,–,–,–,–,–,–,–,–,–,–,–,–,–,–,–,–,8,–,–,–,–,–,–,–,–,10.7,–,4.2,0.981,–,–,–,–,–,–,–,–,–,1,–,–,–,–,–,–,–,–,–,–,–,–,–,–,–,–,–,–
14th,–,2L,2L8X4X3/4X3/4SLBB,–,–,–,–,–,–,17,4,–,–,–,–,–,–,–,57.4,–,–,–,–,–,18.7,11.6,6.14,1.05,0.949,0.531,297,56.3,35.5,4.18,–,–,–,–,–,–,–,–,–,–,–,–,–,–,–,–,–,–,–,–,0.75,–,–,–,–,–,–,–,–,–,–,–,–,–,–,–,–,–,–,–,–,–,–,–,–,–,–,–,–,–,–,–,–,–,–,–,–,–,–,–,–,–,8,–,–,–,–,–,–,–,–,10.7,–,4.35,0.983,–,–,–,–,–,–,–,–,–,1,–,–,–,–,–,–,–,–,–,–,–,–,–,–,–,–,–,–
14th,–,2L,2L8X4X5/8SLBB,–,–,–,–,–,–,14.3,4,–,–,–,–,–,–,–,48.4,–,–,–,–,–,16.2,9.73,5.23,1.06,0.902,0.448,213,41.4,26.6,3.86,–,–,–,–,–,–,–,–,–,–,–,–,–,–,–,–,–,–,–,–,0.625,–,–,–,–,–,–,–,–,–,–,–,–,–,–,–,–,–,–,–,–,–,–,–,–,–,–,–,–,–,–,–,–,–,–,–,–,–,–,–,–,–,8,–,–,–,–,–,–,–,–,12.8,–,4.05,0.979,–,–,–,–,–,–,–,–,–,1,–,–,–,–,–,–,–,–,–,–,–,–,–,–,–,–,–,–
14th,–,2L,2L8X4X5/8X3/8SLBB,–,–,–,–,–,–,14.3,4,–,–,–,–,–,–,–,48.4,–,–,–,–,–,16.2,9.73,5.23,1.06,0.902,0.448,229,44.1,28,4,–,–,–,–,–,–,–,–,–,–,–,–,–,–,–,–,–,–,–,–,0.625,–,–,–,–,–,–,–,–,–,–,–,–,–,–,–,–,–,–,–,–,–,–,–,–,–,–,–,–,–,–,–,–,–,–,–,–,–,–,–,–,–,8,–,–,–,–,–,–,–,–,12.8,–,4.18,0.98,–,–,–,–,–,–,–,–,–,0.997,–,–,–,–,–,–,–,–,–,–,–,–,–,–,–,–,–,–
14th,–,2L,2L8X4X5/8X3/4SLBB,–,–,–,–,–,–,14.3,4,–,–,–,–,–,–,–,48.4,–,–,–,–,–,16.2,9.73,5.23,1.06,0.902,0.448,246,46.8,29.4,4.15,–,–,–,–,–,–,–,–,–,–,–,–,–,–,–,–,–,–,–,–,0.625,–,–,–,–,–,–,–,–,–,–,–,–,–,–,–,–,–,–,–,–,–,–,–,–,–,–,–,–,–,–,–,–,–,–,–,–,–,–,–,–,–,8,–,–,–,–,–,–,–,–,12.8,–,4.32,0.981,–,–,–,–,–,–,–,–,–,0.997,–,–,–,–,–,–,–,–,–,–,–,–,–,–,–,–,–,–
14th,–,2L,2L8X4X9/16SLBB,–,–,–,–,–,–,13,4,–,–,–,–,–,–,–,43.8,–,–,–,–,–,14.9,8.77,4.77,1.07,0.878,0.406,193,37.1,24.1,3.85,–,–,–,–,–,–,–,–,–,–,–,–,–,–,–,–,–,–,–,–,0.563,–,–,–,–,–,–,–,–,–,–,–,–,–,–,–,–,–,–,–,–,–,–,–,–,–,–,–,–,–,–,–,–,–,–,–,–,–,–,–,–,–,8,–,–,–,–,–,–,–,–,14.2,–,4.04,0.978,–,–,–,–,–,–,–,–,–,1,–,–,–,–,–,–,–,–,–,–,–,–,–,–,–,–,–,–
14th,–,2L,2L8X4X9/16X3/8SLBB,–,–,–,–,–,–,13,4,–,–,–,–,–,–,–,43.8,–,–,–,–,–,14.9,8.77,4.77,1.07,0.878,0.406,207,39.6,25.3,3.99,–,–,–,–,–,–,–,–,–,–,–,–,–,–,–,–,–,–,–,–,0.563,–,–,–,–,–,–,–,–,–,–,–,–,–,–,–,–,–,–,–,–,–,–,–,–,–,–,–,–,–,–,–,–,–,–,–,–,–,–,–,–,–,8,–,–,–,–,–,–,–,–,14.2,–,4.17,0.98,–,–,–,–,–,–,–,–,–,0.959,–,–,–,–,–,–,–,–,–,–,–,–,–,–,–,–,–,–
14th,–,2L,2L8X4X9/16X3/4SLBB,–,–,–,–,–,–,13,4,–,–,–,–,–,–,–,43.8,–,–,–,–,–,14.9,8.77,4.77,1.07,0.878,0.406,222,42,26.5,4.13,–,–,–,–,–,–,–,–,–,–,–,–,–,–,–,–,–,–,–,–,0.563,–,–,–,–,–,–,–,–,–,–,–,–,–,–,–,–,–,–,–,–,–,–,–,–,–,–,–,–,–,–,–,–,–,–,–,–,–,–,–,–,–,8,–,–,–,–,–,–,–,–,14.2,–,4.31,0.981,–,–,–,–,–,–,–,–,–,0.959,–,–,–,–,–,–,–,–,–,–,–,–,–,–,–,–,–,–
14th,–,2L,2L8X4X1/2SLBB,–,–,–,–,–,–,11.6,4,–,–,–,–,–,–,–,39.2,–,–,–,–,–,13.5,7.81,4.29,1.08,0.854,0.363,170,32.9,21.2,3.83,–,–,–,–,–,–,–,–,–,–,–,–,–,–,–,–,–,–,–,–,0.5,–,–,–,–,–,–,–,–,–,–,–,–,–,–,–,–,–,–,–,–,–,–,–,–,–,–,–,–,–,–,–,–,–,–,–,–,–,–,–,–,–,8,–,–,–,–,–,–,–,–,16,–,4.03,0.978,–,–,–,–,–,–,–,–,–,0.998,–,–,–,–,–,–,–,–,–,–,–,–,–,–,–,–,–,–
14th,–,2L,2L8X4X1/2X3/8SLBB,–,–,–,–,–,–,11.6,4,–,–,–,–,–,–,–,39.2,–,–,–,–,–,13.5,7.81,4.29,1.08,0.854,0.363,183,35.1,22.4,3.97,–,–,–,–,–,–,–,–,–,–,–,–,–,–,–,–,–,–,–,–,0.5,–,–,–,–,–,–,–,–,–,–,–,–,–,–,–,–,–,–,–,–,–,–,–,–,–,–,–,–,–,–,–,–,–,–,–,–,–,–,–,–,–,8,–,–,–,–,–,–,–,–,16,–,4.16,0.979,–,–,–,–,–,–,–,–,–,0.912,–,–,–,–,–,–,–,–,–,–,–,–,–,–,–,–,–,–
14th,–,2L,2L8X4X1/2X3/4SLBB,–,–,–,–,–,–,11.6,4,–,–,–,–,–,–,–,39.2,–,–,–,–,–,13.5,7.81,4.29,1.08,0.854,0.363,197,37.3,23.5,4.12,–,–,–,–,–,–,–,–,–,–,–,–,–,–,–,–,–,–,–,–,0.5,–,–,–,–,–,–,–,–,–,–,–,–,–,–,–,–,–,–,–,–,–,–,–,–,–,–,–,–,–,–,–,–,–,–,–,–,–,–,–,–,–,8,–,–,–,–,–,–,–,–,16,–,4.3,0.98,–,–,–,–,–,–,–,–,–,0.912,–,–,–,–,–,–,–,–,–,–,–,–,–,–,–,–,–,–
14th,–,2L,2L8X4X7/16SLBB,–,–,–,–,–,–,10.2,4,–,–,–,–,–,–,–,34.4,–,–,–,–,–,12.1,6.85,3.81,1.09,0.829,0.319,149,28.7,18.6,3.82,–,–,–,–,–,–,–,–,–,–,–,–,–,–,–,–,–,–,–,–,0.438,–,–,–,–,–,–,–,–,–,–,–,–,–,–,–,–,–,–,–,–,–,–,–,–,–,–,–,–,–,–,–,–,–,–,–,–,–,–,–,–,–,8,–,–,–,–,–,–,–,–,18.3,–,4.02,0.977,–,–,–,–,–,–,–,–,–,0.938,–,–,–,–,–,–,–,–,–,–,–,–,–,–,–,–,–,–
14th,–,2L,2L8X4X7/16X3/8SLBB,–,–,–,–,–,–,10.2,4,–,–,–,–,–,–,–,34.4,–,–,–,–,–,12.1,6.85,3.81,1.09,0.829,0.319,160,30.6,19.5,3.96,–,–,–,–,–,–,–,–,–,–,–,–,–,–,–,–,–,–,–,–,0.438,–,–,–,–,–,–,–,–,–,–,–,–,–,–,–,–,–,–,–,–,–,–,–,–,–,–,–,–,–,–,–,–,–,–,–,–,–,–,–,–,–,8,–,–,–,–,–,–,–,–,18.3,–,4.15,0.978,–,–,–,–,–,–,–,–,–,0.85,–,–,–,–,–,–,–,–,–,–,–,–,–,–,–,–,–,–
14th,–,2L,2L8X4X7/16X3/4SLBB,–,–,–,–,–,–,10.2,4,–,–,–,–,–,–,–,34.4,–,–,–,–,–,12.1,6.85,3.81,1.09,0.829,0.319,171,32.6,20.4,4.1,–,–,–,–,–,–,–,–,–,–,–,–,–,–,–,–,–,–,–,–,0.438,–,–,–,–,–,–,–,–,–,–,–,–,–,–,–,–,–,–,–,–,–,–,–,–,–,–,–,–,–,–,–,–,–,–,–,–,–,–,–,–,–,8,–,–,–,–,–,–,–,–,18.3,–,4.29,0.98,–,–,–,–,–,–,–,–,–,0.85,–,–,–,–,–,–,–,–,–,–,–,–,–,–,–,–,–,–
14th,–,2L,2L7X4X3/4SLBB,–,–,–,–,–,–,15.5,4,–,–,–,–,–,–,–,52.4,–,–,–,–,–,18,11.2,6.01,1.08,1,0.553,173,38.7,24.7,3.34,–,–,–,–,–,–,–,–,–,–,–,–,–,–,–,–,–,–,–,–,0.75,–,–,–,–,–,–,–,–,–,–,–,–,–,–,–,–,–,–,–,–,–,–,–,–,–,–,–,–,–,–,–,–,–,–,–,–,–,–,–,–,–,7,–,–,–,–,–,–,–,–,9.33,–,3.57,0.969,–,–,–,–,–,–,–,–,–,1,–,–,–,–,–,–,–,–,–,–,–,–,–,–,–,–,–,–
14th,–,2L,2L7X4X3/4X3/8SLBB,–,–,–,–,–,–,15.5,4,–,–,–,–,–,–,–,52.4,–,–,–,–,–,18,11.2,6.01,1.08,1,0.553,188,41.6,26.2,3.48,–,–,–,–,–,–,–,–,–,–,–,–,–,–,–,–,–,–,–,–,0.75,–,–,–,–,–,–,–,–,–,–,–,–,–,–,–,–,–,–,–,–,–,–,–,–,–,–,–,–,–,–,–,–,–,–,–,–,–,–,–,–,–,7,–,–,–,–,–,–,–,–,9.33,–,3.7,0.971,–,–,–,–,–,–,–,–,–,1,–,–,–,–,–,–,–,–,–,–,–,–,–,–,–,–,–,–
14th,–,2L,2L7X4X3/4X3/4SLBB,–,–,–,–,–,–,15.5,4,–,–,–,–,–,–,–,52.4,–,–,–,–,–,18,11.2,6.01,1.08,1,0.553,204,44.5,27.7,3.63,–,–,–,–,–,–,–,–,–,–,–,–,–,–,–,–,–,–,–,–,0.75,–,–,–,–,–,–,–,–,–,–,–,–,–,–,–,–,–,–,–,–,–,–,–,–,–,–,–,–,–,–,–,–,–,–,–,–,–,–,–,–,–,7,–,–,–,–,–,–,–,–,9.33,–,3.84,0.973,–,–,–,–,–,–,–,–,–,1,–,–,–,–,–,–,–,–,–,–,–,–,–,–,–,–,–,–
14th,–,2L,2L7X4X5/8SLBB,–,–,–,–,–,–,13,4,–,–,–,–,–,–,–,44.2,–,–,–,–,–,15.6,9.38,5.12,1.1,0.958,0.464,142,31.8,20.3,3.31,–,–,–,–,–,–,–,–,–,–,–,–,–,–,–,–,–,–,–,–,0.625,–,–,–,–,–,–,–,–,–,–,–,–,–,–,–,–,–,–,–,–,–,–,–,–,–,–,–,–,–,–,–,–,–,–,–,–,–,–,–,–,–,7,–,–,–,–,–,–,–,–,11.2,–,3.55,0.967,–,–,–,–,–,–,–,–,–,1,–,–,–,–,–,–,–,–,–,–,–,–,–,–,–,–,–,–
14th,–,2L,2L7X4X5/8X3/8SLBB,–,–,–,–,–,–,13,4,–,–,–,–,–,–,–,44.2,–,–,–,–,–,15.6,9.38,5.12,1.1,0.958,0.464,156,34.3,21.7,3.46,–,–,–,–,–,–,–,–,–,–,–,–,–,–,–,–,–,–,–,–,0.625,–,–,–,–,–,–,–,–,–,–,–,–,–,–,–,–,–,–,–,–,–,–,–,–,–,–,–,–,–,–,–,–,–,–,–,–,–,–,–,–,–,7,–,–,–,–,–,–,–,–,11.2,–,3.68,0.969,–,–,–,–,–,–,–,–,–,1,–,–,–,–,–,–,–,–,–,–,–,–,–,–,–,–,–,–
14th,–,2L,2L7X4X5/8X3/4SLBB,–,–,–,–,–,–,13,4,–,–,–,–,–,–,–,44.2,–,–,–,–,–,15.6,9.38,5.12,1.1,0.958,0.464,168,36.7,22.8,3.6,–,–,–,–,–,–,–,–,–,–,–,–,–,–,–,–,–,–,–,–,0.625,–,–,–,–,–,–,–,–,–,–,–,–,–,–,–,–,–,–,–,–,–,–,–,–,–,–,–,–,–,–,–,–,–,–,–,–,–,–,–,–,–,7,–,–,–,–,–,–,–,–,11.2,–,3.82,0.971,–,–,–,–,–,–,–,–,–,1,–,–,–,–,–,–,–,–,–,–,–,–,–,–,–,–,–,–
14th,–,2L,2L7X4X1/2SLBB,–,–,–,–,–,–,10.5,4,–,–,–,–,–,–,–,35.8,–,–,–,–,–,13,7.54,4.2,1.11,0.91,0.376,114,25.2,16.3,3.29,–,–,–,–,–,–,–,–,–,–,–,–,–,–,–,–,–,–,–,–,0.5,–,–,–,–,–,–,–,–,–,–,–,–,–,–,–,–,–,–,–,–,–,–,–,–,–,–,–,–,–,–,–,–,–,–,–,–,–,–,–,–,–,7,–,–,–,–,–,–,–,–,14,–,3.53,0.965,–,–,–,–,–,–,–,–,–,1,–,–,–,–,–,–,–,–,–,–,–,–,–,–,–,–,–,–
14th,–,2L,2L7X4X1/2X3/8SLBB,–,–,–,–,–,–,10.5,4,–,–,–,–,–,–,–,35.8,–,–,–,–,–,13,7.54,4.2,1.11,0.91,0.376,124,27.2,17.3,3.43,–,–,–,–,–,–,–,–,–,–,–,–,–,–,–,–,–,–,–,–,0.5,–,–,–,–,–,–,–,–,–,–,–,–,–,–,–,–,–,–,–,–,–,–,–,–,–,–,–,–,–,–,–,–,–,–,–,–,–,–,–,–,–,7,–,–,–,–,–,–,–,–,14,–,3.66,0.968,–,–,–,–,–,–,–,–,–,0.965,–,–,–,–,–,–,–,–,–,–,–,–,–,–,–,–,–,–
14th,–,2L,2L7X4X1/2X3/4SLBB,–,–,–,–,–,–,10.5,4,–,–,–,–,–,–,–,35.8,–,–,–,–,–,13,7.54,4.2,1.11,0.91,0.376,134,29.2,18.2,3.57,–,–,–,–,–,–,–,–,–,–,–,–,–,–,–,–,–,–,–,–,0.5,–,–,–,–,–,–,–,–,–,–,–,–,–,–,–,–,–,–,–,–,–,–,–,–,–,–,–,–,–,–,–,–,–,–,–,–,–,–,–,–,–,7,–,–,–,–,–,–,–,–,14,–,3.8,0.97,–,–,–,–,–,–,–,–,–,0.965,–,–,–,–,–,–,–,–,–,–,–,–,–,–,–,–,–,–
14th,–,2L,2L7X4X7/16SLBB,–,–,–,–,–,–,9.26,4,–,–,–,–,–,–,–,31.4,–,–,–,–,–,11.6,6.61,3.72,1.12,0.886,0.331,99.6,22,14.2,3.28,–,–,–,–,–,–,–,–,–,–,–,–,–,–,–,–,–,–,–,–,0.438,–,–,–,–,–,–,–,–,–,–,–,–,–,–,–,–,–,–,–,–,–,–,–,–,–,–,–,–,–,–,–,–,–,–,–,–,–,–,–,–,–,7,–,–,–,–,–,–,–,–,16,–,3.53,0.964,–,–,–,–,–,–,–,–,–,0.998,–,–,–,–,–,–,–,–,–,–,–,–,–,–,–,–,–,–
14th,–,2L,2L7X4X7/16X3/8SLBB,–,–,–,–,–,–,9.26,4,–,–,–,–,–,–,–,31.4,–,–,–,–,–,11.6,6.61,3.72,1.12,0.886,0.331,108,23.8,15,3.42,–,–,–,–,–,–,–,–,–,–,–,–,–,–,–,–,–,–,–,–,0.438,–,–,–,–,–,–,–,–,–,–,–,–,–,–,–,–,–,–,–,–,–,–,–,–,–,–,–,–,–,–,–,–,–,–,–,–,–,–,–,–,–,7,–,–,–,–,–,–,–,–,16,–,3.66,0.967,–,–,–,–,–,–,–,–,–,0.912,–,–,–,–,–,–,–,–,–,–,–,–,–,–,–,–,–,–
14th,–,2L,2L7X4X7/16X3/4SLBB,–,–,–,–,–,–,9.26,4,–,–,–,–,–,–,–,31.4,–,–,–,–,–,11.6,6.61,3.72,1.12,0.886,0.331,117,25.5,15.9,3.56,–,–,–,–,–,–,–,–,–,–,–,–,–,–,–,–,–,–,–,–,0.438,–,–,–,–,–,–,–,–,–,–,–,–,–,–,–,–,–,–,–,–,–,–,–,–,–,–,–,–,–,–,–,–,–,–,–,–,–,–,–,–,–,7,–,–,–,–,–,–,–,–,16,–,3.79,0.969,–,–,–,–,–,–,–,–,–,0.912,–,–,–,–,–,–,–,–,–,–,–,–,–,–,–,–,–,–
14th,–,2L,2L7X4X3/8SLBB,–,–,–,–,–,–,8,4,–,–,–,–,–,–,–,27.2,–,–,–,–,–,10.1,5.68,3.22,1.12,0.861,0.286,85,18.8,12.1,3.26,–,–,–,–,–,–,–,–,–,–,–,–,–,–,–,–,–,–,–,–,0.375,–,–,–,–,–,–,–,–,–,–,–,–,–,–,–,–,–,–,–,–,–,–,–,–,–,–,–,–,–,–,–,–,–,–,–,–,–,–,–,–,–,7,–,–,–,–,–,–,–,–,18.7,–,3.52,0.963,–,–,–,–,–,–,–,–,–,0.928,–,–,–,–,–,–,–,–,–,–,–,–,–,–,–,–,–,–
14th,–,2L,2L7X4X3/8X3/8SLBB,–,–,–,–,–,–,8,4,–,–,–,–,–,–,–,27.2,–,–,–,–,–,10.1,5.68,3.22,1.12,0.861,0.286,92.5,20.3,12.9,3.4,–,–,–,–,–,–,–,–,–,–,–,–,–,–,–,–,–,–,–,–,0.375,–,–,–,–,–,–,–,–,–,–,–,–,–,–,–,–,–,–,–,–,–,–,–,–,–,–,–,–,–,–,–,–,–,–,–,–,–,–,–,–,–,7,–,–,–,–,–,–,–,–,18.7,–,3.65,0.966,–,–,–,–,–,–,–,–,–,0.84,–,–,–,–,–,–,–,–,–,–,–,–,–,–,–,–,–,–
14th,–,2L,2L7X4X3/8X3/4SLBB,–,–,–,–,–,–,8,4,–,–,–,–,–,–,–,27.2,–,–,–,–,–,10.1,5.68,3.22,1.12,0.861,0.286,100,21.8,13.6,3.54,–,–,–,–,–,–,–,–,–,–,–,–,–,–,–,–,–,–,–,–,0.375,–,–,–,–,–,–,–,–,–,–,–,–,–,–,–,–,–,–,–,–,–,–,–,–,–,–,–,–,–,–,–,–,–,–,–,–,–,–,–,–,–,7,–,–,–,–,–,–,–,–,18.7,–,3.78,0.968,–,–,–,–,–,–,–,–,–,0.84,–,–,–,–,–,–,–,–,–,–,–,–,–,–,–,–,–,–
14th,–,2L,2L6X4X7/8SLBB,–,–,–,–,–,–,16,4,–,–,–,–,–,–,–,54.4,–,–,–,–,–,19.4,12.5,6.74,1.1,1.12,0.667,127,33.9,21.2,2.82,–,–,–,–,–,–,–,–,–,–,–,–,–,–,–,–,–,–,–,–,0.875,–,–,–,–,–,–,–,–,–,–,–,–,–,–,–,–,–,–,–,–,–,–,–,–,–,–,–,–,–,–,–,–,–,–,–,–,–,–,–,–,–,6,–,–,–,–,–,–,–,–,6.86,–,3.1,0.952,–,–,–,–,–,–,–,–,–,1,–,–,–,–,–,–,–,–,–,–,–,–,–,–,–,–,–,–
14th,–,2L,2L6X4X7/8X3/8SLBB,–,–,–,–,–,–,16,4,–,–,–,–,–,–,–,54.4,–,–,–,–,–,19.4,12.5,6.74,1.1,1.12,0.667,140,36.9,22.6,2.96,–,–,–,–,–,–,–,–,–,–,–,–,–,–,–,–,–,–,–,–,0.875,–,–,–,–,–,–,–,–,–,–,–,–,–,–,–,–,–,–,–,–,–,–,–,–,–,–,–,–,–,–,–,–,–,–,–,–,–,–,–,–,–,6,–,–,–,–,–,–,–,–,6.86,–,3.23,0.956,–,–,–,–,–,–,–,–,–,1,–,–,–,–,–,–,–,–,–,–,–,–,–,–,–,–,–,–
14th,–,2L,2L6X4X7/8X3/4SLBB,–,–,–,–,–,–,16,4,–,–,–,–,–,–,–,54.4,–,–,–,–,–,19.4,12.5,6.74,1.1,1.12,0.667,155,39.9,24.3,3.11,–,–,–,–,–,–,–,–,–,–,–,–,–,–,–,–,–,–,–,–,0.875,–,–,–,–,–,–,–,–,–,–,–,–,–,–,–,–,–,–,–,–,–,–,–,–,–,–,–,–,–,–,–,–,–,–,–,–,–,–,–,–,–,6,–,–,–,–,–,–,–,–,6.86,–,3.37,0.959,–,–,–,–,–,–,–,–,–,1,–,–,–,–,–,–,–,–,–,–,–,–,–,–,–,–,–,–
14th,–,2L,2L6X4X3/4SLBB,–,–,–,–,–,–,13.9,4,–,–,–,–,–,–,–,47.2,–,–,–,–,–,17.3,10.8,5.9,1.12,1.07,0.578,109,28.7,18.2,2.8,–,–,–,–,–,–,–,–,–,–,–,–,–,–,–,–,–,–,–,–,0.75,–,–,–,–,–,–,–,–,–,–,–,–,–,–,–,–,–,–,–,–,–,–,–,–,–,–,–,–,–,–,–,–,–,–,–,–,–,–,–,–,–,6,–,–,–,–,–,–,–,–,8,–,3.09,0.949,–,–,–,–,–,–,–,–,–,1,–,–,–,–,–,–,–,–,–,–,–,–,–,–,–,–,–,–
14th,–,2L,2L6X4X3/4X3/8SLBB,–,–,–,–,–,–,13.9,4,–,–,–,–,–,–,–,47.2,–,–,–,–,–,17.3,10.8,5.9,1.12,1.07,0.578,120,31.3,19.4,2.94,–,–,–,–,–,–,–,–,–,–,–,–,–,–,–,–,–,–,–,–,0.75,–,–,–,–,–,–,–,–,–,–,–,–,–,–,–,–,–,–,–,–,–,–,–,–,–,–,–,–,–,–,–,–,–,–,–,–,–,–,–,–,–,6,–,–,–,–,–,–,–,–,8,–,3.22,0.953,–,–,–,–,–,–,–,–,–,1,–,–,–,–,–,–,–,–,–,–,–,–,–,–,–,–,–,–
14th,–,2L,2L6X4X3/4X3/4SLBB,–,–,–,–,–,–,13.9,4,–,–,–,–,–,–,–,47.2,–,–,–,–,–,17.3,10.8,5.9,1.12,1.07,0.578,132,33.9,20.7,3.08,–,–,–,–,–,–,–,–,–,–,–,–,–,–,–,–,–,–,–,–,0.75,–,–,–,–,–,–,–,–,–,–,–,–,–,–,–,–,–,–,–,–,–,–,–,–,–,–,–,–,–,–,–,–,–,–,–,–,–,–,–,–,–,6,–,–,–,–,–,–,–,–,8,–,3.35,0.957,–,–,–,–,–,–,–,–,–,1,–,–,–,–,–,–,–,–,–,–,–,–,–,–,–,–,–,–
14th,–,2L,2L6X4X5/8SLBB,–,–,–,–,–,–,11.7,4,–,–,–,–,–,–,–,40,–,–,–,–,–,15,9.13,5.03,1.13,1.03,0.488,89.8,23.8,15,2.77,–,–,–,–,–,–,–,–,–,–,–,–,–,–,–,–,–,–,–,–,0.625,–,–,–,–,–,–,–,–,–,–,–,–,–,–,–,–,–,–,–,–,–,–,–,–,–,–,–,–,–,–,–,–,–,–,–,–,–,–,–,–,–,6,–,–,–,–,–,–,–,–,9.6,–,3.08,0.946,–,–,–,–,–,–,–,–,–,1,–,–,–,–,–,–,–,–,–,–,–,–,–,–,–,–,–,–
14th,–,2L,2L6X4X5/8X3/8SLBB,–,–,–,–,–,–,11.7,4,–,–,–,–,–,–,–,40,–,–,–,–,–,15,9.13,5.03,1.13,1.03,0.488,99.1,26,16,2.91,–,–,–,–,–,–,–,–,–,–,–,–,–,–,–,–,–,–,–,–,0.625,–,–,–,–,–,–,–,–,–,–,–,–,–,–,–,–,–,–,–,–,–,–,–,–,–,–,–,–,–,–,–,–,–,–,–,–,–,–,–,–,–,6,–,–,–,–,–,–,–,–,9.6,–,3.21,0.95,–,–,–,–,–,–,–,–,–,1,–,–,–,–,–,–,–,–,–,–,–,–,–,–,–,–,–,–
14th,–,2L,2L6X4X5/8X3/4SLBB,–,–,–,–,–,–,11.7,4,–,–,–,–,–,–,–,40,–,–,–,–,–,15,9.13,5.03,1.13,1.03,0.488,110,28.2,17.3,3.06,–,–,–,–,–,–,–,–,–,–,–,–,–,–,–,–,–,–,–,–,0.625,–,–,–,–,–,–,–,–,–,–,–,–,–,–,–,–,–,–,–,–,–,–,–,–,–,–,–,–,–,–,–,–,–,–,–,–,–,–,–,–,–,6,–,–,–,–,–,–,–,–,9.6,–,3.34,0.954,–,–,–,–,–,–,–,–,–,1,–,–,–,–,–,–,–,–,–,–,–,–,–,–,–,–,–,–
14th,–,2L,2L6X4X9/16SLBB,–,–,–,–,–,–,10.6,4,–,–,–,–,–,–,–,36.2,–,–,–,–,–,13.7,8.26,4.58,1.14,1,0.443,80.7,21.2,13.4,2.76,–,–,–,–,–,–,–,–,–,–,–,–,–,–,–,–,–,–,–,–,0.563,–,–,–,–,–,–,–,–,–,–,–,–,–,–,–,–,–,–,–,–,–,–,–,–,–,–,–,–,–,–,–,–,–,–,–,–,–,–,–,–,–,6,–,–,–,–,–,–,–,–,10.7,–,3.07,0.945,–,–,–,–,–,–,–,–,–,1,–,–,–,–,–,–,–,–,–,–,–,–,–,–,–,–,–,–
14th,–,2L,2L6X4X9/16X3/8SLBB,–,–,–,–,–,–,10.6,4,–,–,–,–,–,–,–,36.2,–,–,–,–,–,13.7,8.26,4.58,1.14,1,0.443,89.1,23.2,14.4,2.9,–,–,–,–,–,–,–,–,–,–,–,–,–,–,–,–,–,–,–,–,0.563,–,–,–,–,–,–,–,–,–,–,–,–,–,–,–,–,–,–,–,–,–,–,–,–,–,–,–,–,–,–,–,–,–,–,–,–,–,–,–,–,–,6,–,–,–,–,–,–,–,–,10.7,–,3.2,0.949,–,–,–,–,–,–,–,–,–,1,–,–,–,–,–,–,–,–,–,–,–,–,–,–,–,–,–,–
14th,–,2L,2L6X4X9/16X3/4SLBB,–,–,–,–,–,–,10.6,4,–,–,–,–,–,–,–,36.2,–,–,–,–,–,13.7,8.26,4.58,1.14,1,0.443,98,25.2,15.4,3.04,–,–,–,–,–,–,–,–,–,–,–,–,–,–,–,–,–,–,–,–,0.563,–,–,–,–,–,–,–,–,–,–,–,–,–,–,–,–,–,–,–,–,–,–,–,–,–,–,–,–,–,–,–,–,–,–,–,–,–,–,–,–,–,6,–,–,–,–,–,–,–,–,10.7,–,3.33,0.953,–,–,–,–,–,–,–,–,–,1,–,–,–,–,–,–,–,–,–,–,–,–,–,–,–,–,–,–
14th,–,2L,2L6X4X1/2SLBB,–,–,–,–,–,–,9.5,4,–,–,–,–,–,–,–,32.4,–,–,–,–,–,12.4,7.38,4.12,1.14,0.981,0.396,71.8,18.8,12,2.75,–,–,–,–,–,–,–,–,–,–,–,–,–,–,–,–,–,–,–,–,0.5,–,–,–,–,–,–,–,–,–,–,–,–,–,–,–,–,–,–,–,–,–,–,–,–,–,–,–,–,–,–,–,–,–,–,–,–,–,–,–,–,–,6,–,–,–,–,–,–,–,–,12,–,3.07,0.943,–,–,–,–,–,–,–,–,–,1,–,–,–,–,–,–,–,–,–,–,–,–,–,–,–,–,–,–
14th,–,2L,2L6X4X1/2X3/8SLBB,–,–,–,–,–,–,9.5,4,–,–,–,–,–,–,–,32.4,–,–,–,–,–,12.4,7.38,4.12,1.14,0.981,0.396,79.3,20.6,12.8,2.89,–,–,–,–,–,–,–,–,–,–,–,–,–,–,–,–,–,–,–,–,0.5,–,–,–,–,–,–,–,–,–,–,–,–,–,–,–,–,–,–,–,–,–,–,–,–,–,–,–,–,–,–,–,–,–,–,–,–,–,–,–,–,–,6,–,–,–,–,–,–,–,–,12,–,3.19,0.948,–,–,–,–,–,–,–,–,–,1,–,–,–,–,–,–,–,–,–,–,–,–,–,–,–,–,–,–
14th,–,2L,2L6X4X1/2X3/4SLBB,–,–,–,–,–,–,9.5,4,–,–,–,–,–,–,–,32.4,–,–,–,–,–,12.4,7.38,4.12,1.14,0.981,0.396,87.2,22.4,13.7,3.03,–,–,–,–,–,–,–,–,–,–,–,–,–,–,–,–,–,–,–,–,0.5,–,–,–,–,–,–,–,–,–,–,–,–,–,–,–,–,–,–,–,–,–,–,–,–,–,–,–,–,–,–,–,–,–,–,–,–,–,–,–,–,–,6,–,–,–,–,–,–,–,–,12,–,3.32,0.952,–,–,–,–,–,–,–,–,–,1,–,–,–,–,–,–,–,–,–,–,–,–,–,–,–,–,–,–
14th,–,2L,2L6X4X7/16SLBB,–,–,–,–,–,–,8.36,4,–,–,–,–,–,–,–,28.6,–,–,–,–,–,11.1,6.49,3.65,1.15,0.957,0.348,62.8,16.3,10.5,2.74,–,–,–,–,–,–,–,–,–,–,–,–,–,–,–,–,–,–,–,–,0.438,–,–,–,–,–,–,–,–,–,–,–,–,–,–,–,–,–,–,–,–,–,–,–,–,–,–,–,–,–,–,–,–,–,–,–,–,–,–,–,–,–,6,–,–,–,–,–,–,–,–,13.7,–,3.06,0.942,–,–,–,–,–,–,–,–,–,1,–,–,–,–,–,–,–,–,–,–,–,–,–,–,–,–,–,–
14th,–,2L,2L6X4X7/16X3/8SLBB,–,–,–,–,–,–,8.36,4,–,–,–,–,–,–,–,28.6,–,–,–,–,–,11.1,6.49,3.65,1.15,0.957,0.348,69.3,17.9,11.2,2.88,–,–,–,–,–,–,–,–,–,–,–,–,–,–,–,–,–,–,–,–,0.438,–,–,–,–,–,–,–,–,–,–,–,–,–,–,–,–,–,–,–,–,–,–,–,–,–,–,–,–,–,–,–,–,–,–,–,–,–,–,–,–,–,6,–,–,–,–,–,–,–,–,13.7,–,3.19,0.946,–,–,–,–,–,–,–,–,–,0.973,–,–,–,–,–,–,–,–,–,–,–,–,–,–,–,–,–,–
14th,–,2L,2L6X4X7/16X3/4SLBB,–,–,–,–,–,–,8.36,4,–,–,–,–,–,–,–,28.6,–,–,–,–,–,11.1,6.49,3.65,1.15,0.957,0.348,76.2,19.4,12,3.02,–,–,–,–,–,–,–,–,–,–,–,–,–,–,–,–,–,–,–,–,0.438,–,–,–,–,–,–,–,–,–,–,–,–,–,–,–,–,–,–,–,–,–,–,–,–,–,–,–,–,–,–,–,–,–,–,–,–,–,–,–,–,–,6,–,–,–,–,–,–,–,–,13.7,–,3.31,0.95,–,–,–,–,–,–,–,–,–,0.973,–,–,–,–,–,–,–,–,–,–,–,–,–,–,–,–,–,–
14th,–,2L,2L6X4X3/8SLBB,–,–,–,–,–,–,7.22,4,–,–,–,–,–,–,–,24.6,–,–,–,–,–,9.72,5.58,3.17,1.16,0.933,0.301,53.8,13.9,8.97,2.73,–,–,–,–,–,–,–,–,–,–,–,–,–,–,–,–,–,–,–,–,0.375,–,–,–,–,–,–,–,–,–,–,–,–,–,–,–,–,–,–,–,–,–,–,–,–,–,–,–,–,–,–,–,–,–,–,–,–,–,–,–,–,–,6,–,–,–,–,–,–,–,–,16,–,3.06,0.94,–,–,–,–,–,–,–,–,–,0.998,–,–,–,–,–,–,–,–,–,–,–,–,–,–,–,–,–,–
14th,–,2L,2L6X4X3/8X3/8SLBB,–,–,–,–,–,–,7.22,4,–,–,–,–,–,–,–,24.6,–,–,–,–,–,9.72,5.58,3.17,1.16,0.933,0.301,59.1,15.3,9.55,2.86,–,–,–,–,–,–,–,–,–,–,–,–,–,–,–,–,–,–,–,–,0.375,–,–,–,–,–,–,–,–,–,–,–,–,–,–,–,–,–,–,–,–,–,–,–,–,–,–,–,–,–,–,–,–,–,–,–,–,–,–,–,–,–,6,–,–,–,–,–,–,–,–,16,–,3.18,0.945,–,–,–,–,–,–,–,–,–,0.912,–,–,–,–,–,–,–,–,–,–,–,–,–,–,–,–,–,–
14th,–,2L,2L6X4X3/8X3/4SLBB,–,–,–,–,–,–,7.22,4,–,–,–,–,–,–,–,24.6,–,–,–,–,–,9.72,5.58,3.17,1.16,0.933,0.301,65,16.6,10.2,3,–,–,–,–,–,–,–,–,–,–,–,–,–,–,–,–,–,–,–,–,0.375,–,–,–,–,–,–,–,–,–,–,–,–,–,–,–,–,–,–,–,–,–,–,–,–,–,–,–,–,–,–,–,–,–,–,–,–,–,–,–,–,–,6,–,–,–,–,–,–,–,–,16,–,3.31,0.949,–,–,–,–,–,–,–,–,–,0.912,–,–,–,–,–,–,–,–,–,–,–,–,–,–,–,–,–,–
14th,–,2L,2L6X4X5/16SLBB,–,–,–,–,–,–,6.06,4,–,–,–,–,–,–,–,20.6,–,–,–,–,–,8.26,4.67,2.67,1.17,0.908,0.253,44.8,11.5,7.47,2.72,–,–,–,–,–,–,–,–,–,–,–,–,–,–,–,–,–,–,–,–,0.313,–,–,–,–,–,–,–,–,–,–,–,–,–,–,–,–,–,–,–,–,–,–,–,–,–,–,–,–,–,–,–,–,–,–,–,–,–,–,–,–,–,6,–,–,–,–,–,–,–,–,19.2,–,3.05,0.939,–,–,–,–,–,–,–,–,–,0.914,–,–,–,–,–,–,–,–,–,–,–,–,–,–,–,–,–,–
14th,–,2L,2L6X4X5/16X3/8SLBB,–,–,–,–,–,–,6.06,4,–,–,–,–,–,–,–,20.6,–,–,–,–,–,8.26,4.67,2.67,1.17,0.908,0.253,49.2,12.7,7.95,2.85,–,–,–,–,–,–,–,–,–,–,–,–,–,–,–,–,–,–,–,–,0.313,–,–,–,–,–,–,–,–,–,–,–,–,–,–,–,–,–,–,–,–,–,–,–,–,–,–,–,–,–,–,–,–,–,–,–,–,–,–,–,–,–,6,–,–,–,–,–,–,–,–,19.2,–,3.17,0.944,–,–,–,–,–,–,–,–,–,0.826,–,–,–,–,–,–,–,–,–,–,–,–,–,–,–,–,–,–
14th,–,2L,2L6X4X5/16X3/4SLBB,–,–,–,–,–,–,6.06,4,–,–,–,–,–,–,–,20.6,–,–,–,–,–,8.26,4.67,2.67,1.17,0.908,0.253,54.2,13.8,8.5,2.99,–,–,–,–,–,–,–,–,–,–,–,–,–,–,–,–,–,–,–,–,0.313,–,–,–,–,–,–,–,–,–,–,–,–,–,–,–,–,–,–,–,–,–,–,–,–,–,–,–,–,–,–,–,–,–,–,–,–,–,–,–,–,–,6,–,–,–,–,–,–,–,–,19.2,–,3.3,0.948,–,–,–,–,–,–,–,–,–,0.826,–,–,–,–,–,–,–,–,–,–,–,–,–,–,–,–,–,–
14th,–,2L,2L6X3-1/2X1/2SLBB,–,–,–,–,–,–,9,3.5,–,–,–,–,–,–,–,30.6,–,–,–,–,–,8.47,5.77,3.17,0.968,0.829,0.375,71.6,18.6,11.9,2.82,–,–,–,–,–,–,–,–,–,–,–,–,–,–,–,–,–,–,–,–,0.5,–,–,–,–,–,–,–,–,–,–,–,–,–,–,–,–,–,–,–,–,–,–,–,–,–,–,–,–,–,–,–,–,–,–,–,–,–,–,–,–,–,6,–,–,–,–,–,–,–,–,12,–,3.04,0.964,–,–,–,–,–,–,–,–,–,1,–,–,–,–,–,–,–,–,–,–,–,–,–,–,–,–,–,–
14th,–,2L,2L6X3-1/2X1/2X3/8SLBB,–,–,–,–,–,–,9,3.5,–,–,–,–,–,–,–,30.6,–,–,–,–,–,8.47,5.77,3.17,0.968,0.829,0.375,78.9,20.3,12.8,2.96,–,–,–,–,–,–,–,–,–,–,–,–,–,–,–,–,–,–,–,–,0.5,–,–,–,–,–,–,–,–,–,–,–,–,–,–,–,–,–,–,–,–,–,–,–,–,–,–,–,–,–,–,–,–,–,–,–,–,–,–,–,–,–,6,–,–,–,–,–,–,–,–,12,–,3.17,0.967,–,–,–,–,–,–,–,–,–,1,–,–,–,–,–,–,–,–,–,–,–,–,–,–,–,–,–,–
14th,–,2L,2L6X3-1/2X1/2X3/4SLBB,–,–,–,–,–,–,9,3.5,–,–,–,–,–,–,–,30.6,–,–,–,–,–,8.47,5.77,3.17,0.968,0.829,0.375,87,22,13.6,3.11,–,–,–,–,–,–,–,–,–,–,–,–,–,–,–,–,–,–,–,–,0.5,–,–,–,–,–,–,–,–,–,–,–,–,–,–,–,–,–,–,–,–,–,–,–,–,–,–,–,–,–,–,–,–,–,–,–,–,–,–,–,–,–,6,–,–,–,–,–,–,–,–,12,–,3.31,0.969,–,–,–,–,–,–,–,–,–,1,–,–,–,–,–,–,–,–,–,–,–,–,–,–,–,–,–,–
14th,–,2L,2L6X3-1/2X3/8SLBB,–,–,–,–,–,–,6.88,3.5,–,–,–,–,–,–,–,23.4,–,–,–,–,–,6.65,4.36,2.45,0.984,0.781,0.287,53.9,13.9,8.98,2.8,–,–,–,–,–,–,–,–,–,–,–,–,–,–,–,–,–,–,–,–,0.375,–,–,–,–,–,–,–,–,–,–,–,–,–,–,–,–,–,–,–,–,–,–,–,–,–,–,–,–,–,–,–,–,–,–,–,–,–,–,–,–,–,6,–,–,–,–,–,–,–,–,16,–,3.02,0.962,–,–,–,–,–,–,–,–,–,0.998,–,–,–,–,–,–,–,–,–,–,–,–,–,–,–,–,–,–
14th,–,2L,2L6X3-1/2X3/8X3/8SLBB,–,–,–,–,–,–,6.88,3.5,–,–,–,–,–,–,–,23.4,–,–,–,–,–,6.65,4.36,2.45,0.984,0.781,0.287,59.5,15.2,9.62,2.94,–,–,–,–,–,–,–,–,–,–,–,–,–,–,–,–,–,–,–,–,0.375,–,–,–,–,–,–,–,–,–,–,–,–,–,–,–,–,–,–,–,–,–,–,–,–,–,–,–,–,–,–,–,–,–,–,–,–,–,–,–,–,–,6,–,–,–,–,–,–,–,–,16,–,3.15,0.965,–,–,–,–,–,–,–,–,–,0.912,–,–,–,–,–,–,–,–,–,–,–,–,–,–,–,–,–,–
14th,–,2L,2L6X3-1/2X3/8X3/4SLBB,–,–,–,–,–,–,6.88,3.5,–,–,–,–,–,–,–,23.4,–,–,–,–,–,6.65,4.36,2.45,0.984,0.781,0.287,65.3,16.5,10.2,3.08,–,–,–,–,–,–,–,–,–,–,–,–,–,–,–,–,–,–,–,–,0.375,–,–,–,–,–,–,–,–,–,–,–,–,–,–,–,–,–,–,–,–,–,–,–,–,–,–,–,–,–,–,–,–,–,–,–,–,–,–,–,–,–,6,–,–,–,–,–,–,–,–,16,–,3.29,0.967,–,–,–,–,–,–,–,–,–,0.912,–,–,–,–,–,–,–,–,–,–,–,–,–,–,–,–,–,–
14th,–,2L,2L6X3-1/2X5/16SLBB,–,–,–,–,–,–,5.78,3.5,–,–,–,–,–,–,–,19.6,–,–,–,–,–,5.68,3.65,2.07,0.991,0.756,0.241,44.7,11.6,7.45,2.78,–,–,–,–,–,–,–,–,–,–,–,–,–,–,–,–,–,–,–,–,0.313,–,–,–,–,–,–,–,–,–,–,–,–,–,–,–,–,–,–,–,–,–,–,–,–,–,–,–,–,–,–,–,–,–,–,–,–,–,–,–,–,–,6,–,–,–,–,–,–,–,–,19.2,–,3.02,0.96,–,–,–,–,–,–,–,–,–,0.914,–,–,–,–,–,–,–,–,–,–,–,–,–,–,–,–,–,–
14th,–,2L,2L6X3-1/2X5/16X3/8SLBB,–,–,–,–,–,–,5.78,3.5,–,–,–,–,–,–,–,19.6,–,–,–,–,–,5.68,3.65,2.07,0.991,0.756,0.241,49.3,12.6,7.97,2.92,–,–,–,–,–,–,–,–,–,–,–,–,–,–,–,–,–,–,–,–,0.313,–,–,–,–,–,–,–,–,–,–,–,–,–,–,–,–,–,–,–,–,–,–,–,–,–,–,–,–,–,–,–,–,–,–,–,–,–,–,–,–,–,6,–,–,–,–,–,–,–,–,19.2,–,3.14,0.964,–,–,–,–,–,–,–,–,–,0.826,–,–,–,–,–,–,–,–,–,–,–,–,–,–,–,–,–,–
14th,–,2L,2L6X3-1/2X5/16X3/4SLBB,–,–,–,–,–,–,5.78,3.5,–,–,–,–,–,–,–,19.6,–,–,–,–,–,5.68,3.65,2.07,0.991,0.756,0.241,54.1,13.7,8.49,3.06,–,–,–,–,–,–,–,–,–,–,–,–,–,–,–,–,–,–,–,–,0.313,–,–,–,–,–,–,–,–,–,–,–,–,–,–,–,–,–,–,–,–,–,–,–,–,–,–,–,–,–,–,–,–,–,–,–,–,–,–,–,–,–,6,–,–,–,–,–,–,–,–,19.2,–,3.28,0.966,–,–,–,–,–,–,–,–,–,0.826,–,–,–,–,–,–,–,–,–,–,–,–,–,–,–,–,–,–
14th,–,2L,2L5X3-1/2X3/4SLBB,–,–,–,–,–,–,11.7,3.5,–,–,–,–,–,–,–,39.6,–,–,–,–,–,11,8.13,4.4,0.974,0.993,0.585,63.5,20.4,12.7,2.33,–,–,–,–,–,–,–,–,–,–,–,–,–,–,–,–,–,–,–,–,0.75,–,–,–,–,–,–,–,–,–,–,–,–,–,–,–,–,–,–,–,–,–,–,–,–,–,–,–,–,–,–,–,–,–,–,–,–,–,–,–,–,–,5,–,–,–,–,–,–,–,–,6.67,–,2.6,0.943,–,–,–,–,–,–,–,–,–,1,–,–,–,–,–,–,–,–,–,–,–,–,–,–,–,–,–,–
14th,–,2L,2L5X3-1/2X3/4X3/8SLBB,–,–,–,–,–,–,11.7,3.5,–,–,–,–,–,–,–,39.6,–,–,–,–,–,11,8.13,4.4,0.974,0.993,0.585,71.4,22.6,13.8,2.47,–,–,–,–,–,–,–,–,–,–,–,–,–,–,–,–,–,–,–,–,0.75,–,–,–,–,–,–,–,–,–,–,–,–,–,–,–,–,–,–,–,–,–,–,–,–,–,–,–,–,–,–,–,–,–,–,–,–,–,–,–,–,–,5,–,–,–,–,–,–,–,–,6.67,–,2.73,0.949,–,–,–,–,–,–,–,–,–,1,–,–,–,–,–,–,–,–,–,–,–,–,–,–,–,–,–,–
14th,–,2L,2L5X3-1/2X3/4X3/4SLBB,–,–,–,–,–,–,11.7,3.5,–,–,–,–,–,–,–,39.6,–,–,–,–,–,11,8.13,4.4,0.974,0.993,0.585,80.3,24.7,14.9,2.62,–,–,–,–,–,–,–,–,–,–,–,–,–,–,–,–,–,–,–,–,0.75,–,–,–,–,–,–,–,–,–,–,–,–,–,–,–,–,–,–,–,–,–,–,–,–,–,–,–,–,–,–,–,–,–,–,–,–,–,–,–,–,–,5,–,–,–,–,–,–,–,–,6.67,–,2.86,0.953,–,–,–,–,–,–,–,–,–,1,–,–,–,–,–,–,–,–,–,–,–,–,–,–,–,–,–,–
14th,–,2L,2L5X3-1/2X5/8SLBB,–,–,–,–,–,–,9.86,3.5,–,–,–,–,–,–,–,33.6,–,–,–,–,–,9.6,6.87,3.76,0.987,0.947,0.493,52.2,16.7,10.4,2.3,–,–,–,–,–,–,–,–,–,–,–,–,–,–,–,–,–,–,–,–,0.625,–,–,–,–,–,–,–,–,–,–,–,–,–,–,–,–,–,–,–,–,–,–,–,–,–,–,–,–,–,–,–,–,–,–,–,–,–,–,–,–,–,5,–,–,–,–,–,–,–,–,8,–,2.59,0.94,–,–,–,–,–,–,–,–,–,1,–,–,–,–,–,–,–,–,–,–,–,–,–,–,–,–,–,–
14th,–,2L,2L5X3-1/2X5/8X3/8SLBB,–,–,–,–,–,–,9.86,3.5,–,–,–,–,–,–,–,33.6,–,–,–,–,–,9.6,6.87,3.76,0.987,0.947,0.493,59.2,18.5,11.4,2.45,–,–,–,–,–,–,–,–,–,–,–,–,–,–,–,–,–,–,–,–,0.625,–,–,–,–,–,–,–,–,–,–,–,–,–,–,–,–,–,–,–,–,–,–,–,–,–,–,–,–,–,–,–,–,–,–,–,–,–,–,–,–,–,5,–,–,–,–,–,–,–,–,8,–,2.71,0.945,–,–,–,–,–,–,–,–,–,1,–,–,–,–,–,–,–,–,–,–,–,–,–,–,–,–,–,–
14th,–,2L,2L5X3-1/2X5/8X3/4SLBB,–,–,–,–,–,–,9.86,3.5,–,–,–,–,–,–,–,33.6,–,–,–,–,–,9.6,6.87,3.76,0.987,0.947,0.493,66.1,20.4,12.3,2.59,–,–,–,–,–,–,–,–,–,–,–,–,–,–,–,–,–,–,–,–,0.625,–,–,–,–,–,–,–,–,–,–,–,–,–,–,–,–,–,–,–,–,–,–,–,–,–,–,–,–,–,–,–,–,–,–,–,–,–,–,–,–,–,5,–,–,–,–,–,–,–,–,8,–,2.85,0.95,–,–,–,–,–,–,–,–,–,1,–,–,–,–,–,–,–,–,–,–,–,–,–,–,–,–,–,–
14th,–,2L,2L5X3-1/2X1/2SLBB,–,–,–,–,–,–,8,3.5,–,–,–,–,–,–,–,27.2,–,–,–,–,–,8.04,5.57,3.09,1,0.901,0.4,41.6,13.2,8.32,2.28,–,–,–,–,–,–,–,–,–,–,–,–,–,–,–,–,–,–,–,–,0.5,–,–,–,–,–,–,–,–,–,–,–,–,–,–,–,–,–,–,–,–,–,–,–,–,–,–,–,–,–,–,–,–,–,–,–,–,–,–,–,–,–,5,–,–,–,–,–,–,–,–,10,–,2.58,0.936,–,–,–,–,–,–,–,–,–,1,–,–,–,–,–,–,–,–,–,–,–,–,–,–,–,–,–,–
14th,–,2L,2L5X3-1/2X1/2X3/8SLBB,–,–,–,–,–,–,8,3.5,–,–,–,–,–,–,–,27.2,–,–,–,–,–,8.04,5.57,3.09,1,0.901,0.4,46.9,14.7,9.04,2.42,–,–,–,–,–,–,–,–,–,–,–,–,–,–,–,–,–,–,–,–,0.5,–,–,–,–,–,–,–,–,–,–,–,–,–,–,–,–,–,–,–,–,–,–,–,–,–,–,–,–,–,–,–,–,–,–,–,–,–,–,–,–,–,5,–,–,–,–,–,–,–,–,10,–,2.7,0.942,–,–,–,–,–,–,–,–,–,1,–,–,–,–,–,–,–,–,–,–,–,–,–,–,–,–,–,–
14th,–,2L,2L5X3-1/2X1/2X3/4SLBB,–,–,–,–,–,–,8,3.5,–,–,–,–,–,–,–,27.2,–,–,–,–,–,8.04,5.57,3.09,1,0.901,0.4,52.8,16.2,9.82,2.57,–,–,–,–,–,–,–,–,–,–,–,–,–,–,–,–,–,–,–,–,0.5,–,–,–,–,–,–,–,–,–,–,–,–,–,–,–,–,–,–,–,–,–,–,–,–,–,–,–,–,–,–,–,–,–,–,–,–,–,–,–,–,–,5,–,–,–,–,–,–,–,–,10,–,2.83,0.947,–,–,–,–,–,–,–,–,–,1,–,–,–,–,–,–,–,–,–,–,–,–,–,–,–,–,–,–
14th,–,2L,2L5X3-1/2X3/8SLBB,–,–,–,–,–,–,6.1,3.5,–,–,–,–,–,–,–,20.8,–,–,–,–,–,6.31,4.23,2.38,1.02,0.854,0.305,31.2,9.76,6.24,2.26,–,–,–,–,–,–,–,–,–,–,–,–,–,–,–,–,–,–,–,–,0.375,–,–,–,–,–,–,–,–,–,–,–,–,–,–,–,–,–,–,–,–,–,–,–,–,–,–,–,–,–,–,–,–,–,–,–,–,–,–,–,–,–,5,–,–,–,–,–,–,–,–,13.3,–,2.56,0.933,–,–,–,–,–,–,–,–,–,1,–,–,–,–,–,–,–,–,–,–,–,–,–,–,–,–,–,–
14th,–,2L,2L5X3-1/2X3/8X3/8SLBB,–,–,–,–,–,–,6.1,3.5,–,–,–,–,–,–,–,20.8,–,–,–,–,–,6.31,4.23,2.38,1.02,0.854,0.305,34.8,10.9,6.71,2.39,–,–,–,–,–,–,–,–,–,–,–,–,–,–,–,–,–,–,–,–,0.375,–,–,–,–,–,–,–,–,–,–,–,–,–,–,–,–,–,–,–,–,–,–,–,–,–,–,–,–,–,–,–,–,–,–,–,–,–,–,–,–,–,5,–,–,–,–,–,–,–,–,13.3,–,2.69,0.938,–,–,–,–,–,–,–,–,–,0.983,–,–,–,–,–,–,–,–,–,–,–,–,–,–,–,–,–,–
14th,–,2L,2L5X3-1/2X3/8X3/4SLBB,–,–,–,–,–,–,6.1,3.5,–,–,–,–,–,–,–,20.8,–,–,–,–,–,6.31,4.23,2.38,1.02,0.854,0.305,39.4,12,7.33,2.54,–,–,–,–,–,–,–,–,–,–,–,–,–,–,–,–,–,–,–,–,0.375,–,–,–,–,–,–,–,–,–,–,–,–,–,–,–,–,–,–,–,–,–,–,–,–,–,–,–,–,–,–,–,–,–,–,–,–,–,–,–,–,–,5,–,–,–,–,–,–,–,–,13.3,–,2.81,0.944,–,–,–,–,–,–,–,–,–,0.983,–,–,–,–,–,–,–,–,–,–,–,–,–,–,–,–,–,–
14th,–,2L,2L5X3-1/2X5/16SLBB,–,–,–,–,–,–,5.12,3.5,–,–,–,–,–,–,–,17.4,–,–,–,–,–,5.38,3.55,2.01,1.02,0.829,0.256,25.9,8.04,5.18,2.25,–,–,–,–,–,–,–,–,–,–,–,–,–,–,–,–,–,–,–,–,0.313,–,–,–,–,–,–,–,–,–,–,–,–,–,–,–,–,–,–,–,–,–,–,–,–,–,–,–,–,–,–,–,–,–,–,–,–,–,–,–,–,–,5,–,–,–,–,–,–,–,–,16,–,2.56,0.931,–,–,–,–,–,–,–,–,–,0.998,–,–,–,–,–,–,–,–,–,–,–,–,–,–,–,–,–,–
14th,–,2L,2L5X3-1/2X5/16X3/8SLBB,–,–,–,–,–,–,5.12,3.5,–,–,–,–,–,–,–,17.4,–,–,–,–,–,5.38,3.55,2.01,1.02,0.829,0.256,29,9,5.59,2.38,–,–,–,–,–,–,–,–,–,–,–,–,–,–,–,–,–,–,–,–,0.313,–,–,–,–,–,–,–,–,–,–,–,–,–,–,–,–,–,–,–,–,–,–,–,–,–,–,–,–,–,–,–,–,–,–,–,–,–,–,–,–,–,5,–,–,–,–,–,–,–,–,16,–,2.68,0.937,–,–,–,–,–,–,–,–,–,0.912,–,–,–,–,–,–,–,–,–,–,–,–,–,–,–,–,–,–
14th,–,2L,2L5X3-1/2X5/16X3/4SLBB,–,–,–,–,–,–,5.12,3.5,–,–,–,–,–,–,–,17.4,–,–,–,–,–,5.38,3.55,2.01,1.02,0.829,0.256,32.5,9.96,6.05,2.52,–,–,–,–,–,–,–,–,–,–,–,–,–,–,–,–,–,–,–,–,0.313,–,–,–,–,–,–,–,–,–,–,–,–,–,–,–,–,–,–,–,–,–,–,–,–,–,–,–,–,–,–,–,–,–,–,–,–,–,–,–,–,–,5,–,–,–,–,–,–,–,–,16,–,2.81,0.942,–,–,–,–,–,–,–,–,–,0.912,–,–,–,–,–,–,–,–,–,–,–,–,–,–,–,–,–,–
14th,–,2L,2L5X3-1/2X1/4SLBB,–,–,–,–,–,–,4.14,3.5,–,–,–,–,–,–,–,14,–,–,–,–,–,4.4,2.85,1.63,1.03,0.804,0.207,20.6,6.42,4.12,2.23,–,–,–,–,–,–,–,–,–,–,–,–,–,–,–,–,–,–,–,–,0.25,–,–,–,–,–,–,–,–,–,–,–,–,–,–,–,–,–,–,–,–,–,–,–,–,–,–,–,–,–,–,–,–,–,–,–,–,–,–,–,–,–,5,–,–,–,–,–,–,–,–,20,–,2.55,0.929,–,–,–,–,–,–,–,–,–,0.894,–,–,–,–,–,–,–,–,–,–,–,–,–,–,–,–,–,–
14th,–,2L,2L5X3-1/2X1/4X3/8SLBB,–,–,–,–,–,–,4.14,3.5,–,–,–,–,–,–,–,14,–,–,–,–,–,4.4,2.85,1.63,1.03,0.804,0.207,23.3,7.19,4.49,2.37,–,–,–,–,–,–,–,–,–,–,–,–,–,–,–,–,–,–,–,–,0.25,–,–,–,–,–,–,–,–,–,–,–,–,–,–,–,–,–,–,–,–,–,–,–,–,–,–,–,–,–,–,–,–,–,–,–,–,–,–,–,–,–,5,–,–,–,–,–,–,–,–,20,–,2.67,0.935,–,–,–,–,–,–,–,–,–,0.804,–,–,–,–,–,–,–,–,–,–,–,–,–,–,–,–,–,–
14th,–,2L,2L5X3-1/2X1/4X3/4SLBB,–,–,–,–,–,–,4.14,3.5,–,–,–,–,–,–,–,14,–,–,–,–,–,4.4,2.85,1.63,1.03,0.804,0.207,26.1,7.97,4.86,2.51,–,–,–,–,–,–,–,–,–,–,–,–,–,–,–,–,–,–,–,–,0.25,–,–,–,–,–,–,–,–,–,–,–,–,–,–,–,–,–,–,–,–,–,–,–,–,–,–,–,–,–,–,–,–,–,–,–,–,–,–,–,–,–,5,–,–,–,–,–,–,–,–,20,–,2.8,0.941,–,–,–,–,–,–,–,–,–,0.804,–,–,–,–,–,–,–,–,–,–,–,–,–,–,–,–,–,–
14th,–,2L,2L5X3X1/2SLBB,–,–,–,–,–,–,7.5,3,–,–,–,–,–,–,–,25.6,–,–,–,–,–,5.1,4.15,2.26,0.824,0.746,0.375,41.4,13,8.28,2.35,–,–,–,–,–,–,–,–,–,–,–,–,–,–,–,–,–,–,–,–,0.5,–,–,–,–,–,–,–,–,–,–,–,–,–,–,–,–,–,–,–,–,–,–,–,–,–,–,–,–,–,–,–,–,–,–,–,–,–,–,–,–,–,5,–,–,–,–,–,–,–,–,10,–,2.54,0.962,–,–,–,–,–,–,–,–,–,1,–,–,–,–,–,–,–,–,–,–,–,–,–,–,–,–,–,–
14th,–,2L,2L5X3X1/2X3/8SLBB,–,–,–,–,–,–,7.5,3,–,–,–,–,–,–,–,25.6,–,–,–,–,–,5.1,4.15,2.26,0.824,0.746,0.375,46.9,14.5,9.04,2.5,–,–,–,–,–,–,–,–,–,–,–,–,–,–,–,–,–,–,–,–,0.5,–,–,–,–,–,–,–,–,–,–,–,–,–,–,–,–,–,–,–,–,–,–,–,–,–,–,–,–,–,–,–,–,–,–,–,–,–,–,–,–,–,5,–,–,–,–,–,–,–,–,10,–,2.68,0.966,–,–,–,–,–,–,–,–,–,1,–,–,–,–,–,–,–,–,–,–,–,–,–,–,–,–,–,–
14th,–,2L,2L5X3X1/2X3/4SLBB,–,–,–,–,–,–,7.5,3,–,–,–,–,–,–,–,25.6,–,–,–,–,–,5.1,4.15,2.26,0.824,0.746,0.375,52.3,15.9,9.73,2.64,–,–,–,–,–,–,–,–,–,–,–,–,–,–,–,–,–,–,–,–,0.5,–,–,–,–,–,–,–,–,–,–,–,–,–,–,–,–,–,–,–,–,–,–,–,–,–,–,–,–,–,–,–,–,–,–,–,–,–,–,–,–,–,5,–,–,–,–,–,–,–,–,10,–,2.81,0.969,–,–,–,–,–,–,–,–,–,1,–,–,–,–,–,–,–,–,–,–,–,–,–,–,–,–,–,–
14th,–,2L,2L5X3X7/16SLBB,–,–,–,–,–,–,6.62,3,–,–,–,–,–,–,–,22.6,–,–,–,–,–,4.58,3.65,2.01,0.831,0.722,0.331,36.2,11.4,7.24,2.34,–,–,–,–,–,–,–,–,–,–,–,–,–,–,–,–,–,–,–,–,0.438,–,–,–,–,–,–,–,–,–,–,–,–,–,–,–,–,–,–,–,–,–,–,–,–,–,–,–,–,–,–,–,–,–,–,–,–,–,–,–,–,–,5,–,–,–,–,–,–,–,–,11.4,–,2.54,0.961,–,–,–,–,–,–,–,–,–,1,–,–,–,–,–,–,–,–,–,–,–,–,–,–,–,–,–,–
14th,–,2L,2L5X3X7/16X3/8SLBB,–,–,–,–,–,–,6.62,3,–,–,–,–,–,–,–,22.6,–,–,–,–,–,4.58,3.65,2.01,0.831,0.722,0.331,40.7,12.6,7.85,2.48,–,–,–,–,–,–,–,–,–,–,–,–,–,–,–,–,–,–,–,–,0.438,–,–,–,–,–,–,–,–,–,–,–,–,–,–,–,–,–,–,–,–,–,–,–,–,–,–,–,–,–,–,–,–,–,–,–,–,–,–,–,–,–,5,–,–,–,–,–,–,–,–,11.4,–,2.67,0.964,–,–,–,–,–,–,–,–,–,1,–,–,–,–,–,–,–,–,–,–,–,–,–,–,–,–,–,–
14th,–,2L,2L5X3X7/16X3/4SLBB,–,–,–,–,–,–,6.62,3,–,–,–,–,–,–,–,22.6,–,–,–,–,–,4.58,3.65,2.01,0.831,0.722,0.331,45.8,13.9,8.52,2.63,–,–,–,–,–,–,–,–,–,–,–,–,–,–,–,–,–,–,–,–,0.438,–,–,–,–,–,–,–,–,–,–,–,–,–,–,–,–,–,–,–,–,–,–,–,–,–,–,–,–,–,–,–,–,–,–,–,–,–,–,–,–,–,5,–,–,–,–,–,–,–,–,11.4,–,2.8,0.968,–,–,–,–,–,–,–,–,–,1,–,–,–,–,–,–,–,–,–,–,–,–,–,–,–,–,–,–
14th,–,2L,2L5X3X3/8SLBB,–,–,–,–,–,–,5.72,3,–,–,–,–,–,–,–,19.6,–,–,–,–,–,4.02,3.14,1.75,0.838,0.698,0.286,31.1,9.67,6.22,2.33,–,–,–,–,–,–,–,–,–,–,–,–,–,–,–,–,–,–,–,–,0.375,–,–,–,–,–,–,–,–,–,–,–,–,–,–,–,–,–,–,–,–,–,–,–,–,–,–,–,–,–,–,–,–,–,–,–,–,–,–,–,–,–,5,–,–,–,–,–,–,–,–,13.3,–,2.53,0.959,–,–,–,–,–,–,–,–,–,1,–,–,–,–,–,–,–,–,–,–,–,–,–,–,–,–,–,–
14th,–,2L,2L5X3X3/8X3/8SLBB,–,–,–,–,–,–,5.72,3,–,–,–,–,–,–,–,19.6,–,–,–,–,–,4.02,3.14,1.75,0.838,0.698,0.286,34.9,10.7,6.73,2.47,–,–,–,–,–,–,–,–,–,–,–,–,–,–,–,–,–,–,–,–,0.375,–,–,–,–,–,–,–,–,–,–,–,–,–,–,–,–,–,–,–,–,–,–,–,–,–,–,–,–,–,–,–,–,–,–,–,–,–,–,–,–,–,5,–,–,–,–,–,–,–,–,13.3,–,2.66,0.963,–,–,–,–,–,–,–,–,–,0.983,–,–,–,–,–,–,–,–,–,–,–,–,–,–,–,–,–,–
14th,–,2L,2L5X3X3/8X3/4SLBB,–,–,–,–,–,–,5.72,3,–,–,–,–,–,–,–,19.6,–,–,–,–,–,4.02,3.14,1.75,0.838,0.698,0.286,39.3,11.8,7.31,2.62,–,–,–,–,–,–,–,–,–,–,–,–,–,–,–,–,–,–,–,–,0.375,–,–,–,–,–,–,–,–,–,–,–,–,–,–,–,–,–,–,–,–,–,–,–,–,–,–,–,–,–,–,–,–,–,–,–,–,–,–,–,–,–,5,–,–,–,–,–,–,–,–,13.3,–,2.79,0.967,–,–,–,–,–,–,–,–,–,0.983,–,–,–,–,–,–,–,–,–,–,–,–,–,–,–,–,–,–
14th,–,2L,2L5X3X5/16SLBB,–,–,–,–,–,–,4.82,3,–,–,–,–,–,–,–,16.4,–,–,–,–,–,3.44,2.62,1.48,0.846,0.673,0.241,25.9,8.05,5.18,2.32,–,–,–,–,–,–,–,–,–,–,–,–,–,–,–,–,–,–,–,–,0.313,–,–,–,–,–,–,–,–,–,–,–,–,–,–,–,–,–,–,–,–,–,–,–,–,–,–,–,–,–,–,–,–,–,–,–,–,–,–,–,–,–,5,–,–,–,–,–,–,–,–,16,–,2.52,0.958,–,–,–,–,–,–,–,–,–,0.998,–,–,–,–,–,–,–,–,–,–,–,–,–,–,–,–,–,–
14th,–,2L,2L5X3X5/16X3/8SLBB,–,–,–,–,–,–,4.82,3,–,–,–,–,–,–,–,16.4,–,–,–,–,–,3.44,2.62,1.48,0.846,0.673,0.241,29.2,8.95,5.63,2.46,–,–,–,–,–,–,–,–,–,–,–,–,–,–,–,–,–,–,–,–,0.313,–,–,–,–,–,–,–,–,–,–,–,–,–,–,–,–,–,–,–,–,–,–,–,–,–,–,–,–,–,–,–,–,–,–,–,–,–,–,–,–,–,5,–,–,–,–,–,–,–,–,16,–,2.65,0.962,–,–,–,–,–,–,–,–,–,0.912,–,–,–,–,–,–,–,–,–,–,–,–,–,–,–,–,–,–
14th,–,2L,2L5X3X5/16X3/4SLBB,–,–,–,–,–,–,4.82,3,–,–,–,–,–,–,–,16.4,–,–,–,–,–,3.44,2.62,1.48,0.846,0.673,0.241,32.6,9.86,6.07,2.6,–,–,–,–,–,–,–,–,–,–,–,–,–,–,–,–,–,–,–,–,0.313,–,–,–,–,–,–,–,–,–,–,–,–,–,–,–,–,–,–,–,–,–,–,–,–,–,–,–,–,–,–,–,–,–,–,–,–,–,–,–,–,–,5,–,–,–,–,–,–,–,–,16,–,2.78,0.965,–,–,–,–,–,–,–,–,–,0.912,–,–,–,–,–,–,–,–,–,–,–,–,–,–,–,–,–,–
14th,–,2L,2L5X3X1/4SLBB,–,–,–,–,–,–,3.88,3,–,–,–,–,–,–,–,13.2,–,–,–,–,–,2.82,2.1,1.2,0.853,0.648,0.194,20.5,6.36,4.1,2.3,–,–,–,–,–,–,–,–,–,–,–,–,–,–,–,–,–,–,–,–,0.25,–,–,–,–,–,–,–,–,–,–,–,–,–,–,–,–,–,–,–,–,–,–,–,–,–,–,–,–,–,–,–,–,–,–,–,–,–,–,–,–,–,5,–,–,–,–,–,–,–,–,20,–,2.51,0.957,–,–,–,–,–,–,–,–,–,0.894,–,–,–,–,–,–,–,–,–,–,–,–,–,–,–,–,–,–
14th,–,2L,2L5X3X1/4X3/8SLBB,–,–,–,–,–,–,3.88,3,–,–,–,–,–,–,–,13.2,–,–,–,–,–,2.82,2.1,1.2,0.853,0.648,0.194,23.1,7.09,4.45,2.44,–,–,–,–,–,–,–,–,–,–,–,–,–,–,–,–,–,–,–,–,0.25,–,–,–,–,–,–,–,–,–,–,–,–,–,–,–,–,–,–,–,–,–,–,–,–,–,–,–,–,–,–,–,–,–,–,–,–,–,–,–,–,–,5,–,–,–,–,–,–,–,–,20,–,2.64,0.961,–,–,–,–,–,–,–,–,–,0.804,–,–,–,–,–,–,–,–,–,–,–,–,–,–,–,–,–,–
14th,–,2L,2L5X3X1/4X3/4SLBB,–,–,–,–,–,–,3.88,3,–,–,–,–,–,–,–,13.2,–,–,–,–,–,2.82,2.1,1.2,0.853,0.648,0.194,25.8,7.82,4.8,2.58,–,–,–,–,–,–,–,–,–,–,–,–,–,–,–,–,–,–,–,–,0.25,–,–,–,–,–,–,–,–,–,–,–,–,–,–,–,–,–,–,–,–,–,–,–,–,–,–,–,–,–,–,–,–,–,–,–,–,–,–,–,–,–,5,–,–,–,–,–,–,–,–,20,–,2.77,0.964,–,–,–,–,–,–,–,–,–,0.804,–,–,–,–,–,–,–,–,–,–,–,–,–,–,–,–,–,–
14th,–,2L,2L4X3-1/2X1/2SLBB,–,–,–,–,–,–,7,3.5,–,–,–,–,–,–,–,23.8,–,–,–,–,–,7.53,5.39,3,1.04,0.994,0.438,21.4,8.68,5.35,1.75,–,–,–,–,–,–,–,–,–,–,–,–,–,–,–,–,–,–,–,–,0.5,–,–,–,–,–,–,–,–,–,–,–,–,–,–,–,–,–,–,–,–,–,–,–,–,–,–,–,–,–,–,–,–,–,–,–,–,–,–,–,–,–,4,–,–,–,–,–,–,–,–,8,–,2.16,0.882,–,–,–,–,–,–,–,–,–,1,–,–,–,–,–,–,–,–,–,–,–,–,–,–,–,–,–,–
14th,–,2L,2L4X3-1/2X1/2X3/8SLBB,–,–,–,–,–,–,7,3.5,–,–,–,–,–,–,–,23.8,–,–,–,–,–,7.53,5.39,3,1.04,0.994,0.438,25,9.99,5.97,1.89,–,–,–,–,–,–,–,–,–,–,–,–,–,–,–,–,–,–,–,–,0.5,–,–,–,–,–,–,–,–,–,–,–,–,–,–,–,–,–,–,–,–,–,–,–,–,–,–,–,–,–,–,–,–,–,–,–,–,–,–,–,–,–,4,–,–,–,–,–,–,–,–,8,–,2.28,0.893,–,–,–,–,–,–,–,–,–,1,–,–,–,–,–,–,–,–,–,–,–,–,–,–,–,–,–,–
14th,–,2L,2L4X3-1/2X1/2X3/4SLBB,–,–,–,–,–,–,7,3.5,–,–,–,–,–,–,–,23.8,–,–,–,–,–,7.53,5.39,3,1.04,0.994,0.438,28.8,11.3,6.58,2.03,–,–,–,–,–,–,–,–,–,–,–,–,–,–,–,–,–,–,–,–,0.5,–,–,–,–,–,–,–,–,–,–,–,–,–,–,–,–,–,–,–,–,–,–,–,–,–,–,–,–,–,–,–,–,–,–,–,–,–,–,–,–,–,4,–,–,–,–,–,–,–,–,8,–,2.4,0.904,–,–,–,–,–,–,–,–,–,1,–,–,–,–,–,–,–,–,–,–,–,–,–,–,–,–,–,–
14th,–,2L,2L4X3-1/2X3/8SLBB,–,–,–,–,–,–,5.36,3.5,–,–,–,–,–,–,–,18.2,–,–,–,–,–,5.92,4.13,2.32,1.05,0.947,0.335,16,6.43,4,1.73,–,–,–,–,–,–,–,–,–,–,–,–,–,–,–,–,–,–,–,–,0.375,–,–,–,–,–,–,–,–,–,–,–,–,–,–,–,–,–,–,–,–,–,–,–,–,–,–,–,–,–,–,–,–,–,–,–,–,–,–,–,–,–,4,–,–,–,–,–,–,–,–,10.7,–,2.16,0.876,–,–,–,–,–,–,–,–,–,1,–,–,–,–,–,–,–,–,–,–,–,–,–,–,–,–,–,–
14th,–,2L,2L4X3-1/2X3/8X3/8SLBB,–,–,–,–,–,–,5.36,3.5,–,–,–,–,–,–,–,18.2,–,–,–,–,–,5.92,4.13,2.32,1.05,0.947,0.335,18.5,7.44,4.42,1.86,–,–,–,–,–,–,–,–,–,–,–,–,–,–,–,–,–,–,–,–,0.375,–,–,–,–,–,–,–,–,–,–,–,–,–,–,–,–,–,–,–,–,–,–,–,–,–,–,–,–,–,–,–,–,–,–,–,–,–,–,–,–,–,4,–,–,–,–,–,–,–,–,10.7,–,2.27,0.888,–,–,–,–,–,–,–,–,–,1,–,–,–,–,–,–,–,–,–,–,–,–,–,–,–,–,–,–
14th,–,2L,2L4X3-1/2X3/8X3/4SLBB,–,–,–,–,–,–,5.36,3.5,–,–,–,–,–,–,–,18.2,–,–,–,–,–,5.92,4.13,2.32,1.05,0.947,0.335,21.4,8.44,4.89,2,–,–,–,–,–,–,–,–,–,–,–,–,–,–,–,–,–,–,–,–,0.375,–,–,–,–,–,–,–,–,–,–,–,–,–,–,–,–,–,–,–,–,–,–,–,–,–,–,–,–,–,–,–,–,–,–,–,–,–,–,–,–,–,4,–,–,–,–,–,–,–,–,10.7,–,2.39,0.899,–,–,–,–,–,–,–,–,–,1,–,–,–,–,–,–,–,–,–,–,–,–,–,–,–,–,–,–
14th,–,2L,2L4X3-1/2X5/16SLBB,–,–,–,–,–,–,4.5,3.5,–,–,–,–,–,–,–,15.4,–,–,–,–,–,5.05,3.48,1.96,1.06,0.923,0.281,13.3,5.26,3.32,1.72,–,–,–,–,–,–,–,–,–,–,–,–,–,–,–,–,–,–,–,–,0.313,–,–,–,–,–,–,–,–,–,–,–,–,–,–,–,–,–,–,–,–,–,–,–,–,–,–,–,–,–,–,–,–,–,–,–,–,–,–,–,–,–,4,–,–,–,–,–,–,–,–,12.8,–,2.16,0.874,–,–,–,–,–,–,–,–,–,1,–,–,–,–,–,–,–,–,–,–,–,–,–,–,–,–,–,–
14th,–,2L,2L4X3-1/2X5/16X3/8SLBB,–,–,–,–,–,–,4.5,3.5,–,–,–,–,–,–,–,15.4,–,–,–,–,–,5.05,3.48,1.96,1.06,0.923,0.281,15.4,6.11,3.68,1.85,–,–,–,–,–,–,–,–,–,–,–,–,–,–,–,–,–,–,–,–,0.313,–,–,–,–,–,–,–,–,–,–,–,–,–,–,–,–,–,–,–,–,–,–,–,–,–,–,–,–,–,–,–,–,–,–,–,–,–,–,–,–,–,4,–,–,–,–,–,–,–,–,12.8,–,2.26,0.885,–,–,–,–,–,–,–,–,–,0.997,–,–,–,–,–,–,–,–,–,–,–,–,–,–,–,–,–,–
14th,–,2L,2L4X3-1/2X5/16X3/4SLBB,–,–,–,–,–,–,4.5,3.5,–,–,–,–,–,–,–,15.4,–,–,–,–,–,5.05,3.48,1.96,1.06,0.923,0.281,17.8,6.95,4.07,1.99,–,–,–,–,–,–,–,–,–,–,–,–,–,–,–,–,–,–,–,–,0.313,–,–,–,–,–,–,–,–,–,–,–,–,–,–,–,–,–,–,–,–,–,–,–,–,–,–,–,–,–,–,–,–,–,–,–,–,–,–,–,–,–,4,–,–,–,–,–,–,–,–,12.8,–,2.38,0.896,–,–,–,–,–,–,–,–,–,0.997,–,–,–,–,–,–,–,–,–,–,–,–,–,–,–,–,–,–
14th,–,2L,2L4X3-1/2X1/4SLBB,–,–,–,–,–,–,3.64,3.5,–,–,–,–,–,–,–,12.4,–,–,–,–,–,4.13,2.8,1.59,1.07,0.897,0.228,10.5,4.15,2.62,1.7,–,–,–,–,–,–,–,–,–,–,–,–,–,–,–,–,–,–,–,–,0.25,–,–,–,–,–,–,–,–,–,–,–,–,–,–,–,–,–,–,–,–,–,–,–,–,–,–,–,–,–,–,–,–,–,–,–,–,–,–,–,–,–,4,–,–,–,–,–,–,–,–,16,–,2.15,0.871,–,–,–,–,–,–,–,–,–,0.998,–,–,–,–,–,–,–,–,–,–,–,–,–,–,–,–,–,–
14th,–,2L,2L4X3-1/2X1/4X3/8SLBB,–,–,–,–,–,–,3.64,3.5,–,–,–,–,–,–,–,12.4,–,–,–,–,–,4.13,2.8,1.59,1.07,0.897,0.228,12.2,4.83,2.91,1.83,–,–,–,–,–,–,–,–,–,–,–,–,–,–,–,–,–,–,–,–,0.25,–,–,–,–,–,–,–,–,–,–,–,–,–,–,–,–,–,–,–,–,–,–,–,–,–,–,–,–,–,–,–,–,–,–,–,–,–,–,–,–,–,4,–,–,–,–,–,–,–,–,16,–,2.26,0.883,–,–,–,–,–,–,–,–,–,0.912,–,–,–,–,–,–,–,–,–,–,–,–,–,–,–,–,–,–
14th,–,2L,2L4X3-1/2X1/4X3/4SLBB,–,–,–,–,–,–,3.64,3.5,–,–,–,–,–,–,–,12.4,–,–,–,–,–,4.13,2.8,1.59,1.07,0.897,0.228,14.1,5.51,3.22,1.97,–,–,–,–,–,–,–,–,–,–,–,–,–,–,–,–,–,–,–,–,0.25,–,–,–,–,–,–,–,–,–,–,–,–,–,–,–,–,–,–,–,–,–,–,–,–,–,–,–,–,–,–,–,–,–,–,–,–,–,–,–,–,–,4,–,–,–,–,–,–,–,–,16,–,2.37,0.894,–,–,–,–,–,–,–,–,–,0.912,–,–,–,–,–,–,–,–,–,–,–,–,–,–,–,–,–,–
14th,–,2L,2L4X3X5/8SLBB,–,–,–,–,–,–,7.98,3,–,–,–,–,–,–,–,27.2,–,–,–,–,–,5.7,4.9,2.67,0.845,0.867,0.499,27,10.9,6.75,1.84,–,–,–,–,–,–,–,–,–,–,–,–,–,–,–,–,–,–,–,–,0.625,–,–,–,–,–,–,–,–,–,–,–,–,–,–,–,–,–,–,–,–,–,–,–,–,–,–,–,–,–,–,–,–,–,–,–,–,–,–,–,–,–,4,–,–,–,–,–,–,–,–,6.4,–,2.1,0.93,–,–,–,–,–,–,–,–,–,1,–,–,–,–,–,–,–,–,–,–,–,–,–,–,–,–,–,–
14th,–,2L,2L4X3X5/8X3/8SLBB,–,–,–,–,–,–,7.98,3,–,–,–,–,–,–,–,27.2,–,–,–,–,–,5.7,4.9,2.67,0.845,0.867,0.499,31.3,12.4,7.47,1.98,–,–,–,–,–,–,–,–,–,–,–,–,–,–,–,–,–,–,–,–,0.625,–,–,–,–,–,–,–,–,–,–,–,–,–,–,–,–,–,–,–,–,–,–,–,–,–,–,–,–,–,–,–,–,–,–,–,–,–,–,–,–,–,4,–,–,–,–,–,–,–,–,6.4,–,2.22,0.938,–,–,–,–,–,–,–,–,–,1,–,–,–,–,–,–,–,–,–,–,–,–,–,–,–,–,–,–
14th,–,2L,2L4X3X5/8X3/4SLBB,–,–,–,–,–,–,7.98,3,–,–,–,–,–,–,–,27.2,–,–,–,–,–,5.7,4.9,2.67,0.845,0.867,0.499,36.2,13.9,8.27,2.13,–,–,–,–,–,–,–,–,–,–,–,–,–,–,–,–,–,–,–,–,0.625,–,–,–,–,–,–,–,–,–,–,–,–,–,–,–,–,–,–,–,–,–,–,–,–,–,–,–,–,–,–,–,–,–,–,–,–,–,–,–,–,–,4,–,–,–,–,–,–,–,–,6.4,–,2.36,0.945,–,–,–,–,–,–,–,–,–,1,–,–,–,–,–,–,–,–,–,–,–,–,–,–,–,–,–,–
14th,–,2L,2L4X3X1/2SLBB,–,–,–,–,–,–,6.5,3,–,–,–,–,–,–,–,22.2,–,–,–,–,–,4.79,3.99,2.2,0.858,0.822,0.406,21.3,8.58,5.32,1.81,–,–,–,–,–,–,–,–,–,–,–,–,–,–,–,–,–,–,–,–,0.5,–,–,–,–,–,–,–,–,–,–,–,–,–,–,–,–,–,–,–,–,–,–,–,–,–,–,–,–,–,–,–,–,–,–,–,–,–,–,–,–,–,4,–,–,–,–,–,–,–,–,8,–,2.09,0.925,–,–,–,–,–,–,–,–,–,1,–,–,–,–,–,–,–,–,–,–,–,–,–,–,–,–,–,–
14th,–,2L,2L4X3X1/2X3/8SLBB,–,–,–,–,–,–,6.5,3,–,–,–,–,–,–,–,22.2,–,–,–,–,–,4.79,3.99,2.2,0.858,0.822,0.406,24.7,9.8,5.9,1.95,–,–,–,–,–,–,–,–,–,–,–,–,–,–,–,–,–,–,–,–,0.5,–,–,–,–,–,–,–,–,–,–,–,–,–,–,–,–,–,–,–,–,–,–,–,–,–,–,–,–,–,–,–,–,–,–,–,–,–,–,–,–,–,4,–,–,–,–,–,–,–,–,8,–,2.21,0.933,–,–,–,–,–,–,–,–,–,1,–,–,–,–,–,–,–,–,–,–,–,–,–,–,–,–,–,–
14th,–,2L,2L4X3X1/2X3/4SLBB,–,–,–,–,–,–,6.5,3,–,–,–,–,–,–,–,22.2,–,–,–,–,–,4.79,3.99,2.2,0.858,0.822,0.406,28.7,11,6.56,2.1,–,–,–,–,–,–,–,–,–,–,–,–,–,–,–,–,–,–,–,–,0.5,–,–,–,–,–,–,–,–,–,–,–,–,–,–,–,–,–,–,–,–,–,–,–,–,–,–,–,–,–,–,–,–,–,–,–,–,–,–,–,–,–,4,–,–,–,–,–,–,–,–,8,–,2.34,0.94,–,–,–,–,–,–,–,–,–,1,–,–,–,–,–,–,–,–,–,–,–,–,–,–,–,–,–,–
14th,–,2L,2L4X3X3/8SLBB,–,–,–,–,–,–,4.98,3,–,–,–,–,–,–,–,17,–,–,–,–,–,3.79,3.04,1.7,0.873,0.775,0.311,16,6.32,4,1.79,–,–,–,–,–,–,–,–,–,–,–,–,–,–,–,–,–,–,–,–,0.375,–,–,–,–,–,–,–,–,–,–,–,–,–,–,–,–,–,–,–,–,–,–,–,–,–,–,–,–,–,–,–,–,–,–,–,–,–,–,–,–,–,4,–,–,–,–,–,–,–,–,10.7,–,2.08,0.92,–,–,–,–,–,–,–,–,–,1,–,–,–,–,–,–,–,–,–,–,–,–,–,–,–,–,–,–
14th,–,2L,2L4X3X3/8X3/8SLBB,–,–,–,–,–,–,4.98,3,–,–,–,–,–,–,–,17,–,–,–,–,–,3.79,3.04,1.7,0.873,0.775,0.311,18.6,7.26,4.44,1.93,–,–,–,–,–,–,–,–,–,–,–,–,–,–,–,–,–,–,–,–,0.375,–,–,–,–,–,–,–,–,–,–,–,–,–,–,–,–,–,–,–,–,–,–,–,–,–,–,–,–,–,–,–,–,–,–,–,–,–,–,–,–,–,4,–,–,–,–,–,–,–,–,10.7,–,2.2,0.928,–,–,–,–,–,–,–,–,–,1,–,–,–,–,–,–,–,–,–,–,–,–,–,–,–,–,–,–
14th,–,2L,2L4X3X3/8X3/4SLBB,–,–,–,–,–,–,4.98,3,–,–,–,–,–,–,–,17,–,–,–,–,–,3.79,3.04,1.7,0.873,0.775,0.311,21.3,8.19,4.87,2.07,–,–,–,–,–,–,–,–,–,–,–,–,–,–,–,–,–,–,–,–,0.375,–,–,–,–,–,–,–,–,–,–,–,–,–,–,–,–,–,–,–,–,–,–,–,–,–,–,–,–,–,–,–,–,–,–,–,–,–,–,–,–,–,4,–,–,–,–,–,–,–,–,10.7,–,2.32,0.936,–,–,–,–,–,–,–,–,–,1,–,–,–,–,–,–,–,–,–,–,–,–,–,–,–,–,–,–
14th,–,2L,2L4X3X5/16SLBB,–,–,–,–,–,–,4.18,3,–,–,–,–,–,–,–,14.4,–,–,–,–,–,3.24,2.56,1.44,0.88,0.75,0.261,13.2,5.22,3.3,1.78,–,–,–,–,–,–,–,–,–,–,–,–,–,–,–,–,–,–,–,–,0.313,–,–,–,–,–,–,–,–,–,–,–,–,–,–,–,–,–,–,–,–,–,–,–,–,–,–,–,–,–,–,–,–,–,–,–,–,–,–,–,–,–,4,–,–,–,–,–,–,–,–,12.8,–,2.07,0.918,–,–,–,–,–,–,–,–,–,1,–,–,–,–,–,–,–,–,–,–,–,–,–,–,–,–,–,–
14th,–,2L,2L4X3X5/16X3/8SLBB,–,–,–,–,–,–,4.18,3,–,–,–,–,–,–,–,14.4,–,–,–,–,–,3.24,2.56,1.44,0.88,0.75,0.261,15.2,6.01,3.63,1.91,–,–,–,–,–,–,–,–,–,–,–,–,–,–,–,–,–,–,–,–,0.313,–,–,–,–,–,–,–,–,–,–,–,–,–,–,–,–,–,–,–,–,–,–,–,–,–,–,–,–,–,–,–,–,–,–,–,–,–,–,–,–,–,4,–,–,–,–,–,–,–,–,12.8,–,2.19,0.926,–,–,–,–,–,–,–,–,–,0.997,–,–,–,–,–,–,–,–,–,–,–,–,–,–,–,–,–,–
14th,–,2L,2L4X3X5/16X3/4SLBB,–,–,–,–,–,–,4.18,3,–,–,–,–,–,–,–,14.4,–,–,–,–,–,3.24,2.56,1.44,0.88,0.75,0.261,17.7,6.79,4.05,2.06,–,–,–,–,–,–,–,–,–,–,–,–,–,–,–,–,–,–,–,–,0.313,–,–,–,–,–,–,–,–,–,–,–,–,–,–,–,–,–,–,–,–,–,–,–,–,–,–,–,–,–,–,–,–,–,–,–,–,–,–,–,–,–,4,–,–,–,–,–,–,–,–,12.8,–,2.32,0.934,–,–,–,–,–,–,–,–,–,0.997,–,–,–,–,–,–,–,–,–,–,–,–,–,–,–,–,–,–
14th,–,2L,2L4X3X1/4SLBB,–,–,–,–,–,–,3.38,3,–,–,–,–,–,–,–,11.6,–,–,–,–,–,2.66,2.06,1.17,0.887,0.725,0.211,10.5,4.12,2.62,1.76,–,–,–,–,–,–,–,–,–,–,–,–,–,–,–,–,–,–,–,–,0.25,–,–,–,–,–,–,–,–,–,–,–,–,–,–,–,–,–,–,–,–,–,–,–,–,–,–,–,–,–,–,–,–,–,–,–,–,–,–,–,–,–,4,–,–,–,–,–,–,–,–,16,–,2.06,0.915,–,–,–,–,–,–,–,–,–,0.998,–,–,–,–,–,–,–,–,–,–,–,–,–,–,–,–,–,–
14th,–,2L,2L4X3X1/4X3/8SLBB,–,–,–,–,–,–,3.38,3,–,–,–,–,–,–,–,11.6,–,–,–,–,–,2.66,2.06,1.17,0.887,0.725,0.211,12.2,4.76,2.91,1.9,–,–,–,–,–,–,–,–,–,–,–,–,–,–,–,–,–,–,–,–,0.25,–,–,–,–,–,–,–,–,–,–,–,–,–,–,–,–,–,–,–,–,–,–,–,–,–,–,–,–,–,–,–,–,–,–,–,–,–,–,–,–,–,4,–,–,–,–,–,–,–,–,16,–,2.18,0.924,–,–,–,–,–,–,–,–,–,0.912,–,–,–,–,–,–,–,–,–,–,–,–,–,–,–,–,–,–
14th,–,2L,2L4X3X1/4X3/4SLBB,–,–,–,–,–,–,3.38,3,–,–,–,–,–,–,–,11.6,–,–,–,–,–,2.66,2.06,1.17,0.887,0.725,0.211,14.1,5.39,3.22,2.04,–,–,–,–,–,–,–,–,–,–,–,–,–,–,–,–,–,–,–,–,0.25,–,–,–,–,–,–,–,–,–,–,–,–,–,–,–,–,–,–,–,–,–,–,–,–,–,–,–,–,–,–,–,–,–,–,–,–,–,–,–,–,–,4,–,–,–,–,–,–,–,–,16,–,2.31,0.932,–,–,–,–,–,–,–,–,–,0.912,–,–,–,–,–,–,–,–,–,–,–,–,–,–,–,–,–,–
14th,–,2L,2L3-1/2X3X1/2SLBB,–,–,–,–,–,–,6.04,3,–,–,–,–,–,–,–,20.4,–,–,–,–,–,4.65,3.94,2.18,0.877,0.869,0.431,14.5,6.76,4.14,1.55,–,–,–,–,–,–,–,–,–,–,–,–,–,–,–,–,–,–,–,–,0.5,–,–,–,–,–,–,–,–,–,–,–,–,–,–,–,–,–,–,–,–,–,–,–,–,–,–,–,–,–,–,–,–,–,–,–,–,–,–,–,–,–,3.5,–,–,–,–,–,–,–,–,7,–,1.88,0.892,–,–,–,–,–,–,–,–,–,1,–,–,–,–,–,–,–,–,–,–,–,–,–,–,–,–,–,–
14th,–,2L,2L3-1/2X3X1/2X3/8SLBB,–,–,–,–,–,–,6.04,3,–,–,–,–,–,–,–,20.4,–,–,–,–,–,4.65,3.94,2.18,0.877,0.869,0.431,17.3,7.9,4.69,1.69,–,–,–,–,–,–,–,–,–,–,–,–,–,–,–,–,–,–,–,–,0.5,–,–,–,–,–,–,–,–,–,–,–,–,–,–,–,–,–,–,–,–,–,–,–,–,–,–,–,–,–,–,–,–,–,–,–,–,–,–,–,–,–,3.5,–,–,–,–,–,–,–,–,7,–,2,0.904,–,–,–,–,–,–,–,–,–,1,–,–,–,–,–,–,–,–,–,–,–,–,–,–,–,–,–,–
14th,–,2L,2L3-1/2X3X1/2X3/4SLBB,–,–,–,–,–,–,6.04,3,–,–,–,–,–,–,–,20.4,–,–,–,–,–,4.65,3.94,2.18,0.877,0.869,0.431,20.4,9.03,5.26,1.84,–,–,–,–,–,–,–,–,–,–,–,–,–,–,–,–,–,–,–,–,0.5,–,–,–,–,–,–,–,–,–,–,–,–,–,–,–,–,–,–,–,–,–,–,–,–,–,–,–,–,–,–,–,–,–,–,–,–,–,–,–,–,–,3.5,–,–,–,–,–,–,–,–,7,–,2.13,0.915,–,–,–,–,–,–,–,–,–,1,–,–,–,–,–,–,–,–,–,–,–,–,–,–,–,–,–,–
14th,–,2L,2L3-1/2X3X7/16SLBB,–,–,–,–,–,–,5.34,3,–,–,–,–,–,–,–,18.2,–,–,–,–,–,4.18,3.49,1.94,0.885,0.846,0.381,12.7,5.82,3.63,1.54,–,–,–,–,–,–,–,–,–,–,–,–,–,–,–,–,–,–,–,–,0.438,–,–,–,–,–,–,–,–,–,–,–,–,–,–,–,–,–,–,–,–,–,–,–,–,–,–,–,–,–,–,–,–,–,–,–,–,–,–,–,–,–,3.5,–,–,–,–,–,–,–,–,7.99,–,1.88,0.889,–,–,–,–,–,–,–,–,–,1,–,–,–,–,–,–,–,–,–,–,–,–,–,–,–,–,–,–
14th,–,2L,2L3-1/2X3X7/16X3/8SLBB,–,–,–,–,–,–,5.34,3,–,–,–,–,–,–,–,18.2,–,–,–,–,–,4.18,3.49,1.94,0.885,0.846,0.381,14.9,6.82,4.04,1.67,–,–,–,–,–,–,–,–,–,–,–,–,–,–,–,–,–,–,–,–,0.438,–,–,–,–,–,–,–,–,–,–,–,–,–,–,–,–,–,–,–,–,–,–,–,–,–,–,–,–,–,–,–,–,–,–,–,–,–,–,–,–,–,3.5,–,–,–,–,–,–,–,–,7.99,–,1.99,0.901,–,–,–,–,–,–,–,–,–,1,–,–,–,–,–,–,–,–,–,–,–,–,–,–,–,–,–,–
14th,–,2L,2L3-1/2X3X7/16X3/4SLBB,–,–,–,–,–,–,5.34,3,–,–,–,–,–,–,–,18.2,–,–,–,–,–,4.18,3.49,1.94,0.885,0.846,0.381,17.7,7.82,4.57,1.82,–,–,–,–,–,–,–,–,–,–,–,–,–,–,–,–,–,–,–,–,0.438,–,–,–,–,–,–,–,–,–,–,–,–,–,–,–,–,–,–,–,–,–,–,–,–,–,–,–,–,–,–,–,–,–,–,–,–,–,–,–,–,–,3.5,–,–,–,–,–,–,–,–,7.99,–,2.12,0.912,–,–,–,–,–,–,–,–,–,1,–,–,–,–,–,–,–,–,–,–,–,–,–,–,–,–,–,–
14th,–,2L,2L3-1/2X3X3/8SLBB,–,–,–,–,–,–,4.64,3,–,–,–,–,–,–,–,15.8,–,–,–,–,–,3.69,3.04,1.69,0.892,0.823,0.331,10.7,4.96,3.06,1.52,–,–,–,–,–,–,–,–,–,–,–,–,–,–,–,–,–,–,–,–,0.375,–,–,–,–,–,–,–,–,–,–,–,–,–,–,–,–,–,–,–,–,–,–,–,–,–,–,–,–,–,–,–,–,–,–,–,–,–,–,–,–,–,3.5,–,–,–,–,–,–,–,–,9.33,–,1.88,0.885,–,–,–,–,–,–,–,–,–,1,–,–,–,–,–,–,–,–,–,–,–,–,–,–,–,–,–,–
14th,–,2L,2L3-1/2X3X3/8X3/8SLBB,–,–,–,–,–,–,4.64,3,–,–,–,–,–,–,–,15.8,–,–,–,–,–,3.69,3.04,1.69,0.892,0.823,0.331,12.8,5.83,3.47,1.66,–,–,–,–,–,–,–,–,–,–,–,–,–,–,–,–,–,–,–,–,0.375,–,–,–,–,–,–,–,–,–,–,–,–,–,–,–,–,–,–,–,–,–,–,–,–,–,–,–,–,–,–,–,–,–,–,–,–,–,–,–,–,–,3.5,–,–,–,–,–,–,–,–,9.33,–,1.99,0.898,–,–,–,–,–,–,–,–,–,1,–,–,–,–,–,–,–,–,–,–,–,–,–,–,–,–,–,–
14th,–,2L,2L3-1/2X3X3/8X3/4SLBB,–,–,–,–,–,–,4.64,3,–,–,–,–,–,–,–,15.8,–,–,–,–,–,3.69,3.04,1.69,0.892,0.823,0.331,15.2,6.7,3.92,1.81,–,–,–,–,–,–,–,–,–,–,–,–,–,–,–,–,–,–,–,–,0.375,–,–,–,–,–,–,–,–,–,–,–,–,–,–,–,–,–,–,–,–,–,–,–,–,–,–,–,–,–,–,–,–,–,–,–,–,–,–,–,–,–,3.5,–,–,–,–,–,–,–,–,9.33,–,2.11,0.91,–,–,–,–,–,–,–,–,–,1,–,–,–,–,–,–,–,–,–,–,–,–,–,–,–,–,–,–
14th,–,2L,2L3-1/2X3X5/16SLBB,–,–,–,–,–,–,3.9,3,–,–,–,–,–,–,–,13.2,–,–,–,–,–,3.16,2.56,1.44,0.9,0.798,0.279,8.89,4.1,2.54,1.51,–,–,–,–,–,–,–,–,–,–,–,–,–,–,–,–,–,–,–,–,0.313,–,–,–,–,–,–,–,–,–,–,–,–,–,–,–,–,–,–,–,–,–,–,–,–,–,–,–,–,–,–,–,–,–,–,–,–,–,–,–,–,–,3.5,–,–,–,–,–,–,–,–,11.2,–,1.87,0.883,–,–,–,–,–,–,–,–,–,1,–,–,–,–,–,–,–,–,–,–,–,–,–,–,–,–,–,–
14th,–,2L,2L3-1/2X3X5/16X3/8SLBB,–,–,–,–,–,–,3.9,3,–,–,–,–,–,–,–,13.2,–,–,–,–,–,3.16,2.56,1.44,0.9,0.798,0.279,10.6,4.83,2.87,1.65,–,–,–,–,–,–,–,–,–,–,–,–,–,–,–,–,–,–,–,–,0.313,–,–,–,–,–,–,–,–,–,–,–,–,–,–,–,–,–,–,–,–,–,–,–,–,–,–,–,–,–,–,–,–,–,–,–,–,–,–,–,–,–,3.5,–,–,–,–,–,–,–,–,11.2,–,1.98,0.895,–,–,–,–,–,–,–,–,–,1,–,–,–,–,–,–,–,–,–,–,–,–,–,–,–,–,–,–
14th,–,2L,2L3-1/2X3X5/16X3/4SLBB,–,–,–,–,–,–,3.9,3,–,–,–,–,–,–,–,13.2,–,–,–,–,–,3.16,2.56,1.44,0.9,0.798,0.279,12.5,5.56,3.23,1.79,–,–,–,–,–,–,–,–,–,–,–,–,–,–,–,–,–,–,–,–,0.313,–,–,–,–,–,–,–,–,–,–,–,–,–,–,–,–,–,–,–,–,–,–,–,–,–,–,–,–,–,–,–,–,–,–,–,–,–,–,–,–,–,3.5,–,–,–,–,–,–,–,–,11.2,–,2.11,0.907,–,–,–,–,–,–,–,–,–,1,–,–,–,–,–,–,–,–,–,–,–,–,–,–,–,–,–,–
14th,–,2L,2L3-1/2X3X1/4SLBB,–,–,–,–,–,–,3.16,3,–,–,–,–,–,–,–,10.8,–,–,–,–,–,2.61,2.08,1.17,0.908,0.773,0.226,7.11,3.22,2.03,1.5,–,–,–,–,–,–,–,–,–,–,–,–,–,–,–,–,–,–,–,–,0.25,–,–,–,–,–,–,–,–,–,–,–,–,–,–,–,–,–,–,–,–,–,–,–,–,–,–,–,–,–,–,–,–,–,–,–,–,–,–,–,–,–,3.5,–,–,–,–,–,–,–,–,14,–,1.87,0.88,–,–,–,–,–,–,–,–,–,1,–,–,–,–,–,–,–,–,–,–,–,–,–,–,–,–,–,–
14th,–,2L,2L3-1/2X3X1/4X3/8SLBB,–,–,–,–,–,–,3.16,3,–,–,–,–,–,–,–,10.8,–,–,–,–,–,2.61,2.08,1.17,0.908,0.773,0.226,8.4,3.82,2.28,1.63,–,–,–,–,–,–,–,–,–,–,–,–,–,–,–,–,–,–,–,–,0.25,–,–,–,–,–,–,–,–,–,–,–,–,–,–,–,–,–,–,–,–,–,–,–,–,–,–,–,–,–,–,–,–,–,–,–,–,–,–,–,–,–,3.5,–,–,–,–,–,–,–,–,14,–,1.98,0.893,–,–,–,–,–,–,–,–,–,0.965,–,–,–,–,–,–,–,–,–,–,–,–,–,–,–,–,–,–
14th,–,2L,2L3-1/2X3X1/4X3/4SLBB,–,–,–,–,–,–,3.16,3,–,–,–,–,–,–,–,10.8,–,–,–,–,–,2.61,2.08,1.17,0.908,0.773,0.226,10,4.41,2.58,1.78,–,–,–,–,–,–,–,–,–,–,–,–,–,–,–,–,–,–,–,–,0.25,–,–,–,–,–,–,–,–,–,–,–,–,–,–,–,–,–,–,–,–,–,–,–,–,–,–,–,–,–,–,–,–,–,–,–,–,–,–,–,–,–,3.5,–,–,–,–,–,–,–,–,14,–,2.1,0.905,–,–,–,–,–,–,–,–,–,0.965,–,–,–,–,–,–,–,–,–,–,–,–,–,–,–,–,–,–
14th,–,2L,2L3-1/2X2-1/2X1/2SLBB,–,–,–,–,–,–,5.54,2.5,–,–,–,–,–,–,–,18.8,–,–,–,–,–,2.72,2.78,1.51,0.701,0.701,0.396,14.5,6.65,4.14,1.62,–,–,–,–,–,–,–,–,–,–,–,–,–,–,–,–,–,–,–,–,0.5,–,–,–,–,–,–,–,–,–,–,–,–,–,–,–,–,–,–,–,–,–,–,–,–,–,–,–,–,–,–,–,–,–,–,–,–,–,–,–,–,–,3.5,–,–,–,–,–,–,–,–,7,–,1.82,0.938,–,–,–,–,–,–,–,–,–,1,–,–,–,–,–,–,–,–,–,–,–,–,–,–,–,–,–,–
14th,–,2L,2L3-1/2X2-1/2X1/2X3/8SLBB,–,–,–,–,–,–,5.54,2.5,–,–,–,–,–,–,–,18.8,–,–,–,–,–,2.72,2.78,1.51,0.701,0.701,0.396,17.2,7.69,4.66,1.76,–,–,–,–,–,–,–,–,–,–,–,–,–,–,–,–,–,–,–,–,0.5,–,–,–,–,–,–,–,–,–,–,–,–,–,–,–,–,–,–,–,–,–,–,–,–,–,–,–,–,–,–,–,–,–,–,–,–,–,–,–,–,–,3.5,–,–,–,–,–,–,–,–,7,–,1.95,0.946,–,–,–,–,–,–,–,–,–,1,–,–,–,–,–,–,–,–,–,–,–,–,–,–,–,–,–,–
14th,–,2L,2L3-1/2X2-1/2X1/2X3/4SLBB,–,–,–,–,–,–,5.54,2.5,–,–,–,–,–,–,–,18.8,–,–,–,–,–,2.72,2.78,1.51,0.701,0.701,0.396,20.2,8.73,5.21,1.91,–,–,–,–,–,–,–,–,–,–,–,–,–,–,–,–,–,–,–,–,0.5,–,–,–,–,–,–,–,–,–,–,–,–,–,–,–,–,–,–,–,–,–,–,–,–,–,–,–,–,–,–,–,–,–,–,–,–,–,–,–,–,–,3.5,–,–,–,–,–,–,–,–,7,–,2.08,0.953,–,–,–,–,–,–,–,–,–,1,–,–,–,–,–,–,–,–,–,–,–,–,–,–,–,–,–,–
14th,–,2L,2L3-1/2X2-1/2X3/8SLBB,–,–,–,–,–,–,4.24,2.5,–,–,–,–,–,–,–,14.4,–,–,–,–,–,2.17,2.13,1.18,0.716,0.655,0.303,10.7,4.88,3.06,1.59,–,–,–,–,–,–,–,–,–,–,–,–,–,–,–,–,–,–,–,–,0.375,–,–,–,–,–,–,–,–,–,–,–,–,–,–,–,–,–,–,–,–,–,–,–,–,–,–,–,–,–,–,–,–,–,–,–,–,–,–,–,–,–,3.5,–,–,–,–,–,–,–,–,9.33,–,1.81,0.933,–,–,–,–,–,–,–,–,–,1,–,–,–,–,–,–,–,–,–,–,–,–,–,–,–,–,–,–
14th,–,2L,2L3-1/2X2-1/2X3/8X3/8SLBB,–,–,–,–,–,–,4.24,2.5,–,–,–,–,–,–,–,14.4,–,–,–,–,–,2.17,2.13,1.18,0.716,0.655,0.303,12.7,5.67,3.44,1.73,–,–,–,–,–,–,–,–,–,–,–,–,–,–,–,–,–,–,–,–,0.375,–,–,–,–,–,–,–,–,–,–,–,–,–,–,–,–,–,–,–,–,–,–,–,–,–,–,–,–,–,–,–,–,–,–,–,–,–,–,–,–,–,3.5,–,–,–,–,–,–,–,–,9.33,–,1.93,0.941,–,–,–,–,–,–,–,–,–,1,–,–,–,–,–,–,–,–,–,–,–,–,–,–,–,–,–,–
14th,–,2L,2L3-1/2X2-1/2X3/8X3/4SLBB,–,–,–,–,–,–,4.24,2.5,–,–,–,–,–,–,–,14.4,–,–,–,–,–,2.17,2.13,1.18,0.716,0.655,0.303,15,6.47,3.87,1.88,–,–,–,–,–,–,–,–,–,–,–,–,–,–,–,–,–,–,–,–,0.375,–,–,–,–,–,–,–,–,–,–,–,–,–,–,–,–,–,–,–,–,–,–,–,–,–,–,–,–,–,–,–,–,–,–,–,–,–,–,–,–,–,3.5,–,–,–,–,–,–,–,–,9.33,–,2.07,0.949,–,–,–,–,–,–,–,–,–,1,–,–,–,–,–,–,–,–,–,–,–,–,–,–,–,–,–,–
14th,–,2L,2L3-1/2X2-1/2X5/16SLBB,–,–,–,–,–,–,3.58,2.5,–,–,–,–,–,–,–,12.2,–,–,–,–,–,1.87,1.8,1,0.723,0.632,0.256,8.94,4.05,2.55,1.58,–,–,–,–,–,–,–,–,–,–,–,–,–,–,–,–,–,–,–,–,0.313,–,–,–,–,–,–,–,–,–,–,–,–,–,–,–,–,–,–,–,–,–,–,–,–,–,–,–,–,–,–,–,–,–,–,–,–,–,–,–,–,–,3.5,–,–,–,–,–,–,–,–,11.2,–,1.8,0.93,–,–,–,–,–,–,–,–,–,1,–,–,–,–,–,–,–,–,–,–,–,–,–,–,–,–,–,–
14th,–,2L,2L3-1/2X2-1/2X5/16X3/8SLBB,–,–,–,–,–,–,3.58,2.5,–,–,–,–,–,–,–,12.2,–,–,–,–,–,1.87,1.8,1,0.723,0.632,0.256,10.6,4.72,2.87,1.72,–,–,–,–,–,–,–,–,–,–,–,–,–,–,–,–,–,–,–,–,0.313,–,–,–,–,–,–,–,–,–,–,–,–,–,–,–,–,–,–,–,–,–,–,–,–,–,–,–,–,–,–,–,–,–,–,–,–,–,–,–,–,–,3.5,–,–,–,–,–,–,–,–,11.2,–,1.92,0.939,–,–,–,–,–,–,–,–,–,1,–,–,–,–,–,–,–,–,–,–,–,–,–,–,–,–,–,–
14th,–,2L,2L3-1/2X2-1/2X5/16X3/4SLBB,–,–,–,–,–,–,3.58,2.5,–,–,–,–,–,–,–,12.2,–,–,–,–,–,1.87,1.8,1,0.723,0.632,0.256,12.5,5.39,3.23,1.87,–,–,–,–,–,–,–,–,–,–,–,–,–,–,–,–,–,–,–,–,0.313,–,–,–,–,–,–,–,–,–,–,–,–,–,–,–,–,–,–,–,–,–,–,–,–,–,–,–,–,–,–,–,–,–,–,–,–,–,–,–,–,–,3.5,–,–,–,–,–,–,–,–,11.2,–,2.06,0.947,–,–,–,–,–,–,–,–,–,1,–,–,–,–,–,–,–,–,–,–,–,–,–,–,–,–,–,–
14th,–,2L,2L3-1/2X2-1/2X1/4SLBB,–,–,–,–,–,–,2.9,2.5,–,–,–,–,–,–,–,9.8,–,–,–,–,–,1.55,1.46,0.819,0.731,0.607,0.207,7.15,3.19,2.04,1.57,–,–,–,–,–,–,–,–,–,–,–,–,–,–,–,–,–,–,–,–,0.25,–,–,–,–,–,–,–,–,–,–,–,–,–,–,–,–,–,–,–,–,–,–,–,–,–,–,–,–,–,–,–,–,–,–,–,–,–,–,–,–,–,3.5,–,–,–,–,–,–,–,–,14,–,1.8,0.928,–,–,–,–,–,–,–,–,–,1,–,–,–,–,–,–,–,–,–,–,–,–,–,–,–,–,–,–
14th,–,2L,2L3-1/2X2-1/2X1/4X3/8SLBB,–,–,–,–,–,–,2.9,2.5,–,–,–,–,–,–,–,9.8,–,–,–,–,–,1.55,1.46,0.819,0.731,0.607,0.207,8.38,3.73,2.27,1.7,–,–,–,–,–,–,–,–,–,–,–,–,–,–,–,–,–,–,–,–,0.25,–,–,–,–,–,–,–,–,–,–,–,–,–,–,–,–,–,–,–,–,–,–,–,–,–,–,–,–,–,–,–,–,–,–,–,–,–,–,–,–,–,3.5,–,–,–,–,–,–,–,–,14,–,1.92,0.937,–,–,–,–,–,–,–,–,–,0.965,–,–,–,–,–,–,–,–,–,–,–,–,–,–,–,–,–,–
14th,–,2L,2L3-1/2X2-1/2X1/4X3/4SLBB,–,–,–,–,–,–,2.9,2.5,–,–,–,–,–,–,–,9.8,–,–,–,–,–,1.55,1.46,0.819,0.731,0.607,0.207,9.93,4.28,2.56,1.85,–,–,–,–,–,–,–,–,–,–,–,–,–,–,–,–,–,–,–,–,0.25,–,–,–,–,–,–,–,–,–,–,–,–,–,–,–,–,–,–,–,–,–,–,–,–,–,–,–,–,–,–,–,–,–,–,–,–,–,–,–,–,–,3.5,–,–,–,–,–,–,–,–,14,–,2.05,0.944,–,–,–,–,–,–,–,–,–,0.965,–,–,–,–,–,–,–,–,–,–,–,–,–,–,–,–,–,–
14th,–,2L,2L3X2-1/2X1/2SLBB,–,–,–,–,–,–,5,2.5,–,–,–,–,–,–,–,17,–,–,–,–,–,2.58,2.68,1.47,0.718,0.746,0.417,9.11,4.97,3.04,1.35,–,–,–,–,–,–,–,–,–,–,–,–,–,–,–,–,–,–,–,–,0.5,–,–,–,–,–,–,–,–,–,–,–,–,–,–,–,–,–,–,–,–,–,–,–,–,–,–,–,–,–,–,–,–,–,–,–,–,–,–,–,–,–,3,–,–,–,–,–,–,–,–,6,–,1.61,0.905,–,–,–,–,–,–,–,–,–,1,–,–,–,–,–,–,–,–,–,–,–,–,–,–,–,–,–,–
14th,–,2L,2L3X2-1/2X1/2X3/8SLBB,–,–,–,–,–,–,5,2.5,–,–,–,–,–,–,–,17,–,–,–,–,–,2.58,2.68,1.47,0.718,0.746,0.417,11.1,5.91,3.48,1.49,–,–,–,–,–,–,–,–,–,–,–,–,–,–,–,–,–,–,–,–,0.5,–,–,–,–,–,–,–,–,–,–,–,–,–,–,–,–,–,–,–,–,–,–,–,–,–,–,–,–,–,–,–,–,–,–,–,–,–,–,–,–,–,3,–,–,–,–,–,–,–,–,6,–,1.73,0.918,–,–,–,–,–,–,–,–,–,1,–,–,–,–,–,–,–,–,–,–,–,–,–,–,–,–,–,–
14th,–,2L,2L3X2-1/2X1/2X3/4SLBB,–,–,–,–,–,–,5,2.5,–,–,–,–,–,–,–,17,–,–,–,–,–,2.58,2.68,1.47,0.718,0.746,0.417,13.4,6.85,3.97,1.64,–,–,–,–,–,–,–,–,–,–,–,–,–,–,–,–,–,–,–,–,0.5,–,–,–,–,–,–,–,–,–,–,–,–,–,–,–,–,–,–,–,–,–,–,–,–,–,–,–,–,–,–,–,–,–,–,–,–,–,–,–,–,–,3,–,–,–,–,–,–,–,–,6,–,1.86,0.929,–,–,–,–,–,–,–,–,–,1,–,–,–,–,–,–,–,–,–,–,–,–,–,–,–,–,–,–
14th,–,2L,2L3X2-1/2X7/16SLBB,–,–,–,–,–,–,4.44,2.5,–,–,–,–,–,–,–,15.2,–,–,–,–,–,2.33,2.38,1.31,0.724,0.724,0.37,7.97,4.32,2.66,1.34,–,–,–,–,–,–,–,–,–,–,–,–,–,–,–,–,–,–,–,–,0.438,–,–,–,–,–,–,–,–,–,–,–,–,–,–,–,–,–,–,–,–,–,–,–,–,–,–,–,–,–,–,–,–,–,–,–,–,–,–,–,–,–,3,–,–,–,–,–,–,–,–,6.85,–,1.6,0.901,–,–,–,–,–,–,–,–,–,1,–,–,–,–,–,–,–,–,–,–,–,–,–,–,–,–,–,–
14th,–,2L,2L3X2-1/2X7/16X3/8SLBB,–,–,–,–,–,–,4.44,2.5,–,–,–,–,–,–,–,15.2,–,–,–,–,–,2.33,2.38,1.31,0.724,0.724,0.37,9.73,5.15,3.05,1.48,–,–,–,–,–,–,–,–,–,–,–,–,–,–,–,–,–,–,–,–,0.438,–,–,–,–,–,–,–,–,–,–,–,–,–,–,–,–,–,–,–,–,–,–,–,–,–,–,–,–,–,–,–,–,–,–,–,–,–,–,–,–,–,3,–,–,–,–,–,–,–,–,6.85,–,1.72,0.914,–,–,–,–,–,–,–,–,–,1,–,–,–,–,–,–,–,–,–,–,–,–,–,–,–,–,–,–
14th,–,2L,2L3X2-1/2X7/16X3/4SLBB,–,–,–,–,–,–,4.44,2.5,–,–,–,–,–,–,–,15.2,–,–,–,–,–,2.33,2.38,1.31,0.724,0.724,0.37,11.8,5.98,3.5,1.63,–,–,–,–,–,–,–,–,–,–,–,–,–,–,–,–,–,–,–,–,0.438,–,–,–,–,–,–,–,–,–,–,–,–,–,–,–,–,–,–,–,–,–,–,–,–,–,–,–,–,–,–,–,–,–,–,–,–,–,–,–,–,–,3,–,–,–,–,–,–,–,–,6.85,–,1.85,0.926,–,–,–,–,–,–,–,–,–,1,–,–,–,–,–,–,–,–,–,–,–,–,–,–,–,–,–,–
14th,–,2L,2L3X2-1/2X3/8SLBB,–,–,–,–,–,–,3.86,2.5,–,–,–,–,–,–,–,13.2,–,–,–,–,–,2.06,2.07,1.15,0.731,0.701,0.322,6.73,3.66,2.24,1.32,–,–,–,–,–,–,–,–,–,–,–,–,–,–,–,–,–,–,–,–,0.375,–,–,–,–,–,–,–,–,–,–,–,–,–,–,–,–,–,–,–,–,–,–,–,–,–,–,–,–,–,–,–,–,–,–,–,–,–,–,–,–,–,3,–,–,–,–,–,–,–,–,8,–,1.6,0.897,–,–,–,–,–,–,–,–,–,1,–,–,–,–,–,–,–,–,–,–,–,–,–,–,–,–,–,–
14th,–,2L,2L3X2-1/2X3/8X3/8SLBB,–,–,–,–,–,–,3.86,2.5,–,–,–,–,–,–,–,13.2,–,–,–,–,–,2.06,2.07,1.15,0.731,0.701,0.322,8.23,4.39,2.58,1.46,–,–,–,–,–,–,–,–,–,–,–,–,–,–,–,–,–,–,–,–,0.375,–,–,–,–,–,–,–,–,–,–,–,–,–,–,–,–,–,–,–,–,–,–,–,–,–,–,–,–,–,–,–,–,–,–,–,–,–,–,–,–,–,3,–,–,–,–,–,–,–,–,8,–,1.72,0.911,–,–,–,–,–,–,–,–,–,1,–,–,–,–,–,–,–,–,–,–,–,–,–,–,–,–,–,–
14th,–,2L,2L3X2-1/2X3/8X3/4SLBB,–,–,–,–,–,–,3.86,2.5,–,–,–,–,–,–,–,13.2,–,–,–,–,–,2.06,2.07,1.15,0.731,0.701,0.322,10,5.11,2.96,1.61,–,–,–,–,–,–,–,–,–,–,–,–,–,–,–,–,–,–,–,–,0.375,–,–,–,–,–,–,–,–,–,–,–,–,–,–,–,–,–,–,–,–,–,–,–,–,–,–,–,–,–,–,–,–,–,–,–,–,–,–,–,–,–,3,–,–,–,–,–,–,–,–,8,–,1.85,0.923,–,–,–,–,–,–,–,–,–,1,–,–,–,–,–,–,–,–,–,–,–,–,–,–,–,–,–,–
14th,–,2L,2L3X2-1/2X5/16SLBB,–,–,–,–,–,–,3.26,2.5,–,–,–,–,–,–,–,11.2,–,–,–,–,–,1.78,1.75,0.974,0.739,0.677,0.272,5.59,3.02,1.86,1.31,–,–,–,–,–,–,–,–,–,–,–,–,–,–,–,–,–,–,–,–,0.313,–,–,–,–,–,–,–,–,–,–,–,–,–,–,–,–,–,–,–,–,–,–,–,–,–,–,–,–,–,–,–,–,–,–,–,–,–,–,–,–,–,3,–,–,–,–,–,–,–,–,9.58,–,1.59,0.893,–,–,–,–,–,–,–,–,–,1,–,–,–,–,–,–,–,–,–,–,–,–,–,–,–,–,–,–
14th,–,2L,2L3X2-1/2X5/16X3/8SLBB,–,–,–,–,–,–,3.26,2.5,–,–,–,–,–,–,–,11.2,–,–,–,–,–,1.78,1.75,0.974,0.739,0.677,0.272,6.85,3.63,2.15,1.45,–,–,–,–,–,–,–,–,–,–,–,–,–,–,–,–,–,–,–,–,0.313,–,–,–,–,–,–,–,–,–,–,–,–,–,–,–,–,–,–,–,–,–,–,–,–,–,–,–,–,–,–,–,–,–,–,–,–,–,–,–,–,–,3,–,–,–,–,–,–,–,–,9.58,–,1.71,0.907,–,–,–,–,–,–,–,–,–,1,–,–,–,–,–,–,–,–,–,–,–,–,–,–,–,–,–,–
14th,–,2L,2L3X2-1/2X5/16X3/4SLBB,–,–,–,–,–,–,3.26,2.5,–,–,–,–,–,–,–,11.2,–,–,–,–,–,1.78,1.75,0.974,0.739,0.677,0.272,8.35,4.24,2.47,1.6,–,–,–,–,–,–,–,–,–,–,–,–,–,–,–,–,–,–,–,–,0.313,–,–,–,–,–,–,–,–,–,–,–,–,–,–,–,–,–,–,–,–,–,–,–,–,–,–,–,–,–,–,–,–,–,–,–,–,–,–,–,–,–,3,–,–,–,–,–,–,–,–,9.58,–,1.84,0.92,–,–,–,–,–,–,–,–,–,1,–,–,–,–,–,–,–,–,–,–,–,–,–,–,–,–,–,–
14th,–,2L,2L3X2-1/2X1/4SLBB,–,–,–,–,–,–,2.64,2.5,–,–,–,–,–,–,–,9,–,–,–,–,–,1.47,1.41,0.794,0.746,0.653,0.22,4.46,2.38,1.49,1.3,–,–,–,–,–,–,–,–,–,–,–,–,–,–,–,–,–,–,–,–,0.25,–,–,–,–,–,–,–,–,–,–,–,–,–,–,–,–,–,–,–,–,–,–,–,–,–,–,–,–,–,–,–,–,–,–,–,–,–,–,–,–,–,3,–,–,–,–,–,–,–,–,12,–,1.59,0.89,–,–,–,–,–,–,–,–,–,1,–,–,–,–,–,–,–,–,–,–,–,–,–,–,–,–,–,–
14th,–,2L,2L3X2-1/2X1/4X3/8SLBB,–,–,–,–,–,–,2.64,2.5,–,–,–,–,–,–,–,9,–,–,–,–,–,1.47,1.41,0.794,0.746,0.653,0.22,5.47,2.87,1.72,1.44,–,–,–,–,–,–,–,–,–,–,–,–,–,–,–,–,–,–,–,–,0.25,–,–,–,–,–,–,–,–,–,–,–,–,–,–,–,–,–,–,–,–,–,–,–,–,–,–,–,–,–,–,–,–,–,–,–,–,–,–,–,–,–,3,–,–,–,–,–,–,–,–,12,–,1.7,0.904,–,–,–,–,–,–,–,–,–,1,–,–,–,–,–,–,–,–,–,–,–,–,–,–,–,–,–,–
14th,–,2L,2L3X2-1/2X1/4X3/4SLBB,–,–,–,–,–,–,2.64,2.5,–,–,–,–,–,–,–,9,–,–,–,–,–,1.47,1.41,0.794,0.746,0.653,0.22,6.59,3.37,1.95,1.58,–,–,–,–,–,–,–,–,–,–,–,–,–,–,–,–,–,–,–,–,0.25,–,–,–,–,–,–,–,–,–,–,–,–,–,–,–,–,–,–,–,–,–,–,–,–,–,–,–,–,–,–,–,–,–,–,–,–,–,–,–,–,–,3,–,–,–,–,–,–,–,–,12,–,1.83,0.917,–,–,–,–,–,–,–,–,–,1,–,–,–,–,–,–,–,–,–,–,–,–,–,–,–,–,–,–
14th,–,2L,2L3X2-1/2X3/16SLBB,–,–,–,–,–,–,2,2.5,–,–,–,–,–,–,–,6.78,–,–,–,–,–,1.14,1.07,0.606,0.753,0.627,0.167,3.33,1.75,1.11,1.29,–,–,–,–,–,–,–,–,–,–,–,–,–,–,–,–,–,–,–,–,0.188,–,–,–,–,–,–,–,–,–,–,–,–,–,–,–,–,–,–,–,–,–,–,–,–,–,–,–,–,–,–,–,–,–,–,–,–,–,–,–,–,–,3,–,–,–,–,–,–,–,–,16,–,1.58,0.887,–,–,–,–,–,–,–,–,–,0.998,–,–,–,–,–,–,–,–,–,–,–,–,–,–,–,–,–,–
14th,–,2L,2L3X2-1/2X3/16X3/8SLBB,–,–,–,–,–,–,2,2.5,–,–,–,–,–,–,–,6.78,–,–,–,–,–,1.14,1.07,0.606,0.753,0.627,0.167,4.03,2.12,1.26,1.42,–,–,–,–,–,–,–,–,–,–,–,–,–,–,–,–,–,–,–,–,0.188,–,–,–,–,–,–,–,–,–,–,–,–,–,–,–,–,–,–,–,–,–,–,–,–,–,–,–,–,–,–,–,–,–,–,–,–,–,–,–,–,–,3,–,–,–,–,–,–,–,–,16,–,1.7,0.901,–,–,–,–,–,–,–,–,–,0.912,–,–,–,–,–,–,–,–,–,–,–,–,–,–,–,–,–,–
14th,–,2L,2L3X2-1/2X3/16X3/4SLBB,–,–,–,–,–,–,2,2.5,–,–,–,–,–,–,–,6.78,–,–,–,–,–,1.14,1.07,0.606,0.753,0.627,0.167,4.93,2.5,1.46,1.57,–,–,–,–,–,–,–,–,–,–,–,–,–,–,–,–,–,–,–,–,0.188,–,–,–,–,–,–,–,–,–,–,–,–,–,–,–,–,–,–,–,–,–,–,–,–,–,–,–,–,–,–,–,–,–,–,–,–,–,–,–,–,–,3,–,–,–,–,–,–,–,–,16,–,1.82,0.914,–,–,–,–,–,–,–,–,–,0.912,–,–,–,–,–,–,–,–,–,–,–,–,–,–,–,–,–,–
14th,–,2L,2L3X2X1/2SLBB,–,–,–,–,–,–,4.52,2,–,–,–,–,–,–,–,15.4,–,–,–,–,–,1.33,1.77,0.94,0.543,0.58,0.377,9.11,4.88,3.04,1.42,–,–,–,–,–,–,–,–,–,–,–,–,–,–,–,–,–,–,–,–,0.5,–,–,–,–,–,–,–,–,–,–,–,–,–,–,–,–,–,–,–,–,–,–,–,–,–,–,–,–,–,–,–,–,–,–,–,–,–,–,–,–,–,3,–,–,–,–,–,–,–,–,6,–,1.55,0.955,–,–,–,–,–,–,–,–,–,1,–,–,–,–,–,–,–,–,–,–,–,–,–,–,–,–,–,–
14th,–,2L,2L3X2X1/2X3/8SLBB,–,–,–,–,–,–,4.52,2,–,–,–,–,–,–,–,15.4,–,–,–,–,–,1.33,1.77,0.94,0.543,0.58,0.377,11,5.73,3.45,1.56,–,–,–,–,–,–,–,–,–,–,–,–,–,–,–,–,–,–,–,–,0.5,–,–,–,–,–,–,–,–,–,–,–,–,–,–,–,–,–,–,–,–,–,–,–,–,–,–,–,–,–,–,–,–,–,–,–,–,–,–,–,–,–,3,–,–,–,–,–,–,–,–,6,–,1.69,0.962,–,–,–,–,–,–,–,–,–,1,–,–,–,–,–,–,–,–,–,–,–,–,–,–,–,–,–,–
14th,–,2L,2L3X2X1/2X3/4SLBB,–,–,–,–,–,–,4.52,2,–,–,–,–,–,–,–,15.4,–,–,–,–,–,1.33,1.77,0.94,0.543,0.58,0.377,13.4,6.58,3.97,1.72,–,–,–,–,–,–,–,–,–,–,–,–,–,–,–,–,–,–,–,–,0.5,–,–,–,–,–,–,–,–,–,–,–,–,–,–,–,–,–,–,–,–,–,–,–,–,–,–,–,–,–,–,–,–,–,–,–,–,–,–,–,–,–,3,–,–,–,–,–,–,–,–,6,–,1.83,0.968,–,–,–,–,–,–,–,–,–,1,–,–,–,–,–,–,–,–,–,–,–,–,–,–,–,–,–,–
14th,–,2L,2L3X2X3/8SLBB,–,–,–,–,–,–,3.5,2,–,–,–,–,–,–,–,11.8,–,–,–,–,–,1.08,1.36,0.736,0.555,0.535,0.292,6.76,3.6,2.25,1.39,–,–,–,–,–,–,–,–,–,–,–,–,–,–,–,–,–,–,–,–,0.375,–,–,–,–,–,–,–,–,–,–,–,–,–,–,–,–,–,–,–,–,–,–,–,–,–,–,–,–,–,–,–,–,–,–,–,–,–,–,–,–,–,3,–,–,–,–,–,–,–,–,8,–,1.54,0.949,–,–,–,–,–,–,–,–,–,1,–,–,–,–,–,–,–,–,–,–,–,–,–,–,–,–,–,–
14th,–,2L,2L3X2X3/8X3/8SLBB,–,–,–,–,–,–,3.5,2,–,–,–,–,–,–,–,11.8,–,–,–,–,–,1.08,1.36,0.736,0.555,0.535,0.292,8.3,4.26,2.6,1.54,–,–,–,–,–,–,–,–,–,–,–,–,–,–,–,–,–,–,–,–,0.375,–,–,–,–,–,–,–,–,–,–,–,–,–,–,–,–,–,–,–,–,–,–,–,–,–,–,–,–,–,–,–,–,–,–,–,–,–,–,–,–,–,3,–,–,–,–,–,–,–,–,8,–,1.67,0.957,–,–,–,–,–,–,–,–,–,1,–,–,–,–,–,–,–,–,–,–,–,–,–,–,–,–,–,–
14th,–,2L,2L3X2X3/8X3/4SLBB,–,–,–,–,–,–,3.5,2,–,–,–,–,–,–,–,11.8,–,–,–,–,–,1.08,1.36,0.736,0.555,0.535,0.292,10,4.92,2.96,1.69,–,–,–,–,–,–,–,–,–,–,–,–,–,–,–,–,–,–,–,–,0.375,–,–,–,–,–,–,–,–,–,–,–,–,–,–,–,–,–,–,–,–,–,–,–,–,–,–,–,–,–,–,–,–,–,–,–,–,–,–,–,–,–,3,–,–,–,–,–,–,–,–,8,–,1.81,0.963,–,–,–,–,–,–,–,–,–,1,–,–,–,–,–,–,–,–,–,–,–,–,–,–,–,–,–,–
14th,–,2L,2L3X2X5/16SLBB,–,–,–,–,–,–,2.96,2,–,–,–,–,–,–,–,10,–,–,–,–,–,0.935,1.14,0.628,0.562,0.511,0.247,5.64,2.99,1.88,1.38,–,–,–,–,–,–,–,–,–,–,–,–,–,–,–,–,–,–,–,–,0.313,–,–,–,–,–,–,–,–,–,–,–,–,–,–,–,–,–,–,–,–,–,–,–,–,–,–,–,–,–,–,–,–,–,–,–,–,–,–,–,–,–,3,–,–,–,–,–,–,–,–,9.58,–,1.53,0.946,–,–,–,–,–,–,–,–,–,1,–,–,–,–,–,–,–,–,–,–,–,–,–,–,–,–,–,–
14th,–,2L,2L3X2X5/16X3/8SLBB,–,–,–,–,–,–,2.96,2,–,–,–,–,–,–,–,10,–,–,–,–,–,0.935,1.14,0.628,0.562,0.511,0.247,6.84,3.54,2.15,1.52,–,–,–,–,–,–,–,–,–,–,–,–,–,–,–,–,–,–,–,–,0.313,–,–,–,–,–,–,–,–,–,–,–,–,–,–,–,–,–,–,–,–,–,–,–,–,–,–,–,–,–,–,–,–,–,–,–,–,–,–,–,–,–,3,–,–,–,–,–,–,–,–,9.58,–,1.66,0.954,–,–,–,–,–,–,–,–,–,1,–,–,–,–,–,–,–,–,–,–,–,–,–,–,–,–,–,–
14th,–,2L,2L3X2X5/16X3/4SLBB,–,–,–,–,–,–,2.96,2,–,–,–,–,–,–,–,10,–,–,–,–,–,0.935,1.14,0.628,0.562,0.511,0.247,8.26,4.1,2.45,1.67,–,–,–,–,–,–,–,–,–,–,–,–,–,–,–,–,–,–,–,–,0.313,–,–,–,–,–,–,–,–,–,–,–,–,–,–,–,–,–,–,–,–,–,–,–,–,–,–,–,–,–,–,–,–,–,–,–,–,–,–,–,–,–,3,–,–,–,–,–,–,–,–,9.58,–,1.8,0.961,–,–,–,–,–,–,–,–,–,1,–,–,–,–,–,–,–,–,–,–,–,–,–,–,–,–,–,–
14th,–,2L,2L3X2X1/4SLBB,–,–,–,–,–,–,2.4,2,–,–,–,–,–,–,–,8.2,–,–,–,–,–,0.779,0.926,0.515,0.569,0.487,0.2,4.5,2.35,1.5,1.37,–,–,–,–,–,–,–,–,–,–,–,–,–,–,–,–,–,–,–,–,0.25,–,–,–,–,–,–,–,–,–,–,–,–,–,–,–,–,–,–,–,–,–,–,–,–,–,–,–,–,–,–,–,–,–,–,–,–,–,–,–,–,–,3,–,–,–,–,–,–,–,–,12,–,1.52,0.944,–,–,–,–,–,–,–,–,–,1,–,–,–,–,–,–,–,–,–,–,–,–,–,–,–,–,–,–
14th,–,2L,2L3X2X1/4X3/8SLBB,–,–,–,–,–,–,2.4,2,–,–,–,–,–,–,–,8.2,–,–,–,–,–,0.779,0.926,0.515,0.569,0.487,0.2,5.47,2.8,1.72,1.51,–,–,–,–,–,–,–,–,–,–,–,–,–,–,–,–,–,–,–,–,0.25,–,–,–,–,–,–,–,–,–,–,–,–,–,–,–,–,–,–,–,–,–,–,–,–,–,–,–,–,–,–,–,–,–,–,–,–,–,–,–,–,–,3,–,–,–,–,–,–,–,–,12,–,1.65,0.952,–,–,–,–,–,–,–,–,–,1,–,–,–,–,–,–,–,–,–,–,–,–,–,–,–,–,–,–
14th,–,2L,2L3X2X1/4X3/4SLBB,–,–,–,–,–,–,2.4,2,–,–,–,–,–,–,–,8.2,–,–,–,–,–,0.779,0.926,0.515,0.569,0.487,0.2,6.61,3.25,1.96,1.66,–,–,–,–,–,–,–,–,–,–,–,–,–,–,–,–,–,–,–,–,0.25,–,–,–,–,–,–,–,–,–,–,–,–,–,–,–,–,–,–,–,–,–,–,–,–,–,–,–,–,–,–,–,–,–,–,–,–,–,–,–,–,–,3,–,–,–,–,–,–,–,–,12,–,1.79,0.959,–,–,–,–,–,–,–,–,–,1,–,–,–,–,–,–,–,–,–,–,–,–,–,–,–,–,–,–
14th,–,2L,2L3X2X3/16SLBB,–,–,–,–,–,–,1.83,2,–,–,–,–,–,–,–,6.14,–,–,–,–,–,0.61,0.703,0.396,0.577,0.462,0.153,3.34,1.75,1.11,1.35,–,–,–,–,–,–,–,–,–,–,–,–,–,–,–,–,–,–,–,–,0.188,–,–,–,–,–,–,–,–,–,–,–,–,–,–,–,–,–,–,–,–,–,–,–,–,–,–,–,–,–,–,–,–,–,–,–,–,–,–,–,–,–,3,–,–,–,–,–,–,–,–,16,–,1.52,0.941,–,–,–,–,–,–,–,–,–,0.998,–,–,–,–,–,–,–,–,–,–,–,–,–,–,–,–,–,–
14th,–,2L,2L3X2X3/16X3/8SLBB,–,–,–,–,–,–,1.83,2,–,–,–,–,–,–,–,6.14,–,–,–,–,–,0.61,0.703,0.396,0.577,0.462,0.153,4.06,2.09,1.27,1.49,–,–,–,–,–,–,–,–,–,–,–,–,–,–,–,–,–,–,–,–,0.188,–,–,–,–,–,–,–,–,–,–,–,–,–,–,–,–,–,–,–,–,–,–,–,–,–,–,–,–,–,–,–,–,–,–,–,–,–,–,–,–,–,3,–,–,–,–,–,–,–,–,16,–,1.64,0.95,–,–,–,–,–,–,–,–,–,0.912,–,–,–,–,–,–,–,–,–,–,–,–,–,–,–,–,–,–
14th,–,2L,2L3X2X3/16X3/4SLBB,–,–,–,–,–,–,1.83,2,–,–,–,–,–,–,–,6.14,–,–,–,–,–,0.61,0.703,0.396,0.577,0.462,0.153,4.92,2.43,1.46,1.64,–,–,–,–,–,–,–,–,–,–,–,–,–,–,–,–,–,–,–,–,0.188,–,–,–,–,–,–,–,–,–,–,–,–,–,–,–,–,–,–,–,–,–,–,–,–,–,–,–,–,–,–,–,–,–,–,–,–,–,–,–,–,–,3,–,–,–,–,–,–,–,–,16,–,1.78,0.957,–,–,–,–,–,–,–,–,–,0.912,–,–,–,–,–,–,–,–,–,–,–,–,–,–,–,–,–,–
14th,–,2L,2L2-1/2X2X3/8SLBB,–,–,–,–,–,–,3.1,2,–,–,–,–,–,–,–,10.6,–,–,–,–,–,1.03,1.31,0.722,0.574,0.578,0.31,3.96,2.56,1.58,1.13,–,–,–,–,–,–,–,–,–,–,–,–,–,–,–,–,–,–,–,–,0.375,–,–,–,–,–,–,–,–,–,–,–,–,–,–,–,–,–,–,–,–,–,–,–,–,–,–,–,–,–,–,–,–,–,–,–,–,–,–,–,–,–,2.5,–,–,–,–,–,–,–,–,6.67,–,1.32,0.913,–,–,–,–,–,–,–,–,–,1,–,–,–,–,–,–,–,–,–,–,–,–,–,–,–,–,–,–
14th,–,2L,2L2-1/2X2X3/8X3/8SLBB,–,–,–,–,–,–,3.1,2,–,–,–,–,–,–,–,10.6,–,–,–,–,–,1.03,1.31,0.722,0.574,0.578,0.31,5,3.14,1.86,1.27,–,–,–,–,–,–,–,–,–,–,–,–,–,–,–,–,–,–,–,–,0.375,–,–,–,–,–,–,–,–,–,–,–,–,–,–,–,–,–,–,–,–,–,–,–,–,–,–,–,–,–,–,–,–,–,–,–,–,–,–,–,–,–,2.5,–,–,–,–,–,–,–,–,6.67,–,1.45,0.927,–,–,–,–,–,–,–,–,–,1,–,–,–,–,–,–,–,–,–,–,–,–,–,–,–,–,–,–
14th,–,2L,2L2-1/2X2X3/8X3/4SLBB,–,–,–,–,–,–,3.1,2,–,–,–,–,–,–,–,10.6,–,–,–,–,–,1.03,1.31,0.722,0.574,0.578,0.31,6.25,3.72,2.17,1.42,–,–,–,–,–,–,–,–,–,–,–,–,–,–,–,–,–,–,–,–,0.375,–,–,–,–,–,–,–,–,–,–,–,–,–,–,–,–,–,–,–,–,–,–,–,–,–,–,–,–,–,–,–,–,–,–,–,–,–,–,–,–,–,2.5,–,–,–,–,–,–,–,–,6.67,–,1.59,0.939,–,–,–,–,–,–,–,–,–,1,–,–,–,–,–,–,–,–,–,–,–,–,–,–,–,–,–,–
14th,–,2L,2L2-1/2X2X5/16SLBB,–,–,–,–,–,–,2.64,2,–,–,–,–,–,–,–,9,–,–,–,–,–,0.891,1.11,0.617,0.581,0.555,0.264,3.31,2.12,1.32,1.12,–,–,–,–,–,–,–,–,–,–,–,–,–,–,–,–,–,–,–,–,0.313,–,–,–,–,–,–,–,–,–,–,–,–,–,–,–,–,–,–,–,–,–,–,–,–,–,–,–,–,–,–,–,–,–,–,–,–,–,–,–,–,–,2.5,–,–,–,–,–,–,–,–,7.99,–,1.32,0.909,–,–,–,–,–,–,–,–,–,1,–,–,–,–,–,–,–,–,–,–,–,–,–,–,–,–,–,–
14th,–,2L,2L2-1/2X2X5/16X3/8SLBB,–,–,–,–,–,–,2.64,2,–,–,–,–,–,–,–,9,–,–,–,–,–,0.891,1.11,0.617,0.581,0.555,0.264,4.19,2.61,1.56,1.26,–,–,–,–,–,–,–,–,–,–,–,–,–,–,–,–,–,–,–,–,0.313,–,–,–,–,–,–,–,–,–,–,–,–,–,–,–,–,–,–,–,–,–,–,–,–,–,–,–,–,–,–,–,–,–,–,–,–,–,–,–,–,–,2.5,–,–,–,–,–,–,–,–,7.99,–,1.44,0.923,–,–,–,–,–,–,–,–,–,1,–,–,–,–,–,–,–,–,–,–,–,–,–,–,–,–,–,–
14th,–,2L,2L2-1/2X2X5/16X3/4SLBB,–,–,–,–,–,–,2.64,2,–,–,–,–,–,–,–,9,–,–,–,–,–,0.891,1.11,0.617,0.581,0.555,0.264,5.25,3.11,1.83,1.41,–,–,–,–,–,–,–,–,–,–,–,–,–,–,–,–,–,–,–,–,0.313,–,–,–,–,–,–,–,–,–,–,–,–,–,–,–,–,–,–,–,–,–,–,–,–,–,–,–,–,–,–,–,–,–,–,–,–,–,–,–,–,–,2.5,–,–,–,–,–,–,–,–,7.99,–,1.58,0.936,–,–,–,–,–,–,–,–,–,1,–,–,–,–,–,–,–,–,–,–,–,–,–,–,–,–,–,–
14th,–,2L,2L2-1/2X2X1/4SLBB,–,–,–,–,–,–,2.14,2,–,–,–,–,–,–,–,7.24,–,–,–,–,–,0.744,0.909,0.507,0.589,0.532,0.214,2.59,1.67,1.04,1.1,–,–,–,–,–,–,–,–,–,–,–,–,–,–,–,–,–,–,–,–,0.25,–,–,–,–,–,–,–,–,–,–,–,–,–,–,–,–,–,–,–,–,–,–,–,–,–,–,–,–,–,–,–,–,–,–,–,–,–,–,–,–,–,2.5,–,–,–,–,–,–,–,–,10,–,1.32,0.904,–,–,–,–,–,–,–,–,–,1,–,–,–,–,–,–,–,–,–,–,–,–,–,–,–,–,–,–
14th,–,2L,2L2-1/2X2X1/4X3/8SLBB,–,–,–,–,–,–,2.14,2,–,–,–,–,–,–,–,7.24,–,–,–,–,–,0.744,0.909,0.507,0.589,0.532,0.214,3.29,2.07,1.22,1.24,–,–,–,–,–,–,–,–,–,–,–,–,–,–,–,–,–,–,–,–,0.25,–,–,–,–,–,–,–,–,–,–,–,–,–,–,–,–,–,–,–,–,–,–,–,–,–,–,–,–,–,–,–,–,–,–,–,–,–,–,–,–,–,2.5,–,–,–,–,–,–,–,–,10,–,1.43,0.92,–,–,–,–,–,–,–,–,–,1,–,–,–,–,–,–,–,–,–,–,–,–,–,–,–,–,–,–
14th,–,2L,2L2-1/2X2X1/4X3/4SLBB,–,–,–,–,–,–,2.14,2,–,–,–,–,–,–,–,7.24,–,–,–,–,–,0.744,0.909,0.507,0.589,0.532,0.214,4.13,2.47,1.44,1.39,–,–,–,–,–,–,–,–,–,–,–,–,–,–,–,–,–,–,–,–,0.25,–,–,–,–,–,–,–,–,–,–,–,–,–,–,–,–,–,–,–,–,–,–,–,–,–,–,–,–,–,–,–,–,–,–,–,–,–,–,–,–,–,2.5,–,–,–,–,–,–,–,–,10,–,1.57,0.933,–,–,–,–,–,–,–,–,–,1,–,–,–,–,–,–,–,–,–,–,–,–,–,–,–,–,–,–
14th,–,2L,2L2-1/2X2X3/16SLBB,–,–,–,–,–,–,1.64,2,–,–,–,–,–,–,–,5.5,–,–,–,–,–,0.583,0.695,0.391,0.597,0.508,0.164,1.95,1.23,0.78,1.09,–,–,–,–,–,–,–,–,–,–,–,–,–,–,–,–,–,–,–,–,0.188,–,–,–,–,–,–,–,–,–,–,–,–,–,–,–,–,–,–,–,–,–,–,–,–,–,–,–,–,–,–,–,–,–,–,–,–,–,–,–,–,–,2.5,–,–,–,–,–,–,–,–,13.3,–,1.31,0.901,–,–,–,–,–,–,–,–,–,1,–,–,–,–,–,–,–,–,–,–,–,–,–,–,–,–,–,–
14th,–,2L,2L2-1/2X2X3/16X3/8SLBB,–,–,–,–,–,–,1.64,2,–,–,–,–,–,–,–,5.5,–,–,–,–,–,0.583,0.695,0.391,0.597,0.508,0.164,2.48,1.54,0.923,1.23,–,–,–,–,–,–,–,–,–,–,–,–,–,–,–,–,–,–,–,–,0.188,–,–,–,–,–,–,–,–,–,–,–,–,–,–,–,–,–,–,–,–,–,–,–,–,–,–,–,–,–,–,–,–,–,–,–,–,–,–,–,–,–,2.5,–,–,–,–,–,–,–,–,13.3,–,1.43,0.916,–,–,–,–,–,–,–,–,–,0.983,–,–,–,–,–,–,–,–,–,–,–,–,–,–,–,–,–,–
14th,–,2L,2L2-1/2X2X3/16X3/4SLBB,–,–,–,–,–,–,1.64,2,–,–,–,–,–,–,–,5.5,–,–,–,–,–,0.583,0.695,0.391,0.597,0.508,0.164,3.12,1.85,1.09,1.38,–,–,–,–,–,–,–,–,–,–,–,–,–,–,–,–,–,–,–,–,0.188,–,–,–,–,–,–,–,–,–,–,–,–,–,–,–,–,–,–,–,–,–,–,–,–,–,–,–,–,–,–,–,–,–,–,–,–,–,–,–,–,–,2.5,–,–,–,–,–,–,–,–,13.3,–,1.56,0.929,–,–,–,–,–,–,–,–,–,0.983,–,–,–,–,–,–,–,–,–,–,–,–,–,–,–,–,–,–
14th,–,2L,2L2-1/2X1-1/2X1/4SLBB,–,–,–,–,–,–,1.89,1.5,–,–,–,–,–,–,–,6.38,–,–,–,–,–,0.316,1.12,0.28,0.409,0.372,0.189,2.59,1.64,1.04,1.17,–,–,–,–,–,–,–,–,–,–,–,–,–,–,–,–,–,–,–,–,0.25,–,–,–,–,–,–,–,–,–,–,–,–,–,–,–,–,–,–,–,–,–,–,–,–,–,–,–,–,–,–,–,–,–,–,–,–,–,–,–,–,–,2.5,–,–,–,–,–,–,–,–,10,–,1.26,0.962,–,–,–,–,–,–,–,–,–,1,–,–,–,–,–,–,–,–,–,–,–,–,–,–,–,–,–,–
14th,–,2L,2L2-1/2X1-1/2X1/4X3/8SLBB,–,–,–,–,–,–,1.89,1.5,–,–,–,–,–,–,–,6.38,–,–,–,–,–,0.316,1.12,0.28,0.409,0.372,0.189,3.29,2,1.22,1.315,–,–,–,–,–,–,–,–,–,–,–,–,–,–,–,–,–,–,–,–,0.25,–,–,–,–,–,–,–,–,–,–,–,–,–,–,–,–,–,–,–,–,–,–,–,–,–,–,–,–,–,–,–,–,–,–,–,–,–,–,–,–,–,2.5,–,–,–,–,–,–,–,–,10,–,1.4,0.969,–,–,–,–,–,–,–,–,–,1,–,–,–,–,–,–,–,–,–,–,–,–,–,–,–,–,–,–
14th,–,2L,2L2-1/2X1-1/2X1/4X3/4SLBB,–,–,–,–,–,–,1.89,1.5,–,–,–,–,–,–,–,6.38,–,–,–,–,–,0.316,1.12,0.28,0.409,0.372,0.189,4.08,2.35,1.42,1.469,–,–,–,–,–,–,–,–,–,–,–,–,–,–,–,–,–,–,–,–,0.25,–,–,–,–,–,–,–,–,–,–,–,–,–,–,–,–,–,–,–,–,–,–,–,–,–,–,–,–,–,–,–,–,–,–,–,–,–,–,–,–,–,2.5,–,–,–,–,–,–,–,–,10,–,1.55,0.975,–,–,–,–,–,–,–,–,–,1,–,–,–,–,–,–,–,–,–,–,–,–,–,–,–,–,–,–
14th,–,2L,2L2-1/2X1-1/2X3/16SLBB,–,–,–,–,–,–,1.45,1.5,–,–,–,–,–,–,–,4.88,–,–,–,–,–,0.249,0.82,0.216,0.416,0.347,0.145,1.95,1.21,0.78,1.16,–,–,–,–,–,–,–,–,–,–,–,–,–,–,–,–,–,–,–,–,0.188,–,–,–,–,–,–,–,–,–,–,–,–,–,–,–,–,–,–,–,–,–,–,–,–,–,–,–,–,–,–,–,–,–,–,–,–,–,–,–,–,–,2.5,–,–,–,–,–,–,–,–,13.3,–,1.26,0.959,–,–,–,–,–,–,–,–,–,1,–,–,–,–,–,–,–,–,–,–,–,–,–,–,–,–,–,–
14th,–,2L,2L2-1/2X1-1/2X3/16X3/8SLBB,–,–,–,–,–,–,1.45,1.5,–,–,–,–,–,–,–,4.88,–,–,–,–,–,0.249,0.82,0.216,0.416,0.347,0.145,2.45,1.49,0.912,1.302,–,–,–,–,–,–,–,–,–,–,–,–,–,–,–,–,–,–,–,–,0.188,–,–,–,–,–,–,–,–,–,–,–,–,–,–,–,–,–,–,–,–,–,–,–,–,–,–,–,–,–,–,–,–,–,–,–,–,–,–,–,–,–,2.5,–,–,–,–,–,–,–,–,13.3,–,1.39,0.967,–,–,–,–,–,–,–,–,–,1,–,–,–,–,–,–,–,–,–,–,–,–,–,–,–,–,–,–
14th,–,2L,2L2-1/2X1-1/2X3/16X3/4SLBB,–,–,–,–,–,–,1.45,1.5,–,–,–,–,–,–,–,4.88,–,–,–,–,–,0.249,0.82,0.216,0.416,0.347,0.145,3.09,1.76,1.07,1.455,–,–,–,–,–,–,–,–,–,–,–,–,–,–,–,–,–,–,–,–,0.188,–,–,–,–,–,–,–,–,–,–,–,–,–,–,–,–,–,–,–,–,–,–,–,–,–,–,–,–,–,–,–,–,–,–,–,–,–,–,–,–,–,2.5,–,–,–,–,–,–,–,–,13.3,–,1.53,0.973,–,–,–,–,–,–,–,–,–,1,–,–,–,–,–,–,–,–,–,–,–,–,–,–,–,–,–,–
14th,–,HSS,HSS20X12X5/8,–,–,–,–,–,–,35,–,–,–,–,–,–,–,–,127.37,–,–,–,–,–,1880,230,188,7.33,–,–,851,162,142,4.93,–,–,–,–,–,–,–,–,–,–,–,–,–,–,–,–,–,–,–,1890,–,–,–,–,–,–,–,–,–,–,–,–,–,–,–,–,–,–,–,–,–,–,–,–,–,–,–,–,–,–,–,–,–,–,–,–,–,–,–,–,–,12,10.3,–,31.5,17.7,–,20,18.3,0.625,0.581,–,257,–,–,–,–,–,–,–,–,–,–,–,–,–,–,–,–,–,–,–,–,–,–,–,–,–,–,–,–,–,–
14th,–,HSS,HSS20X12X1/2,–,–,–,–,–,–,28.3,–,–,–,–,–,–,–,–,103.3,–,–,–,–,–,1550,188,155,7.39,–,–,705,132,117,4.99,–,–,–,–,–,–,–,–,–,–,–,–,–,–,–,–,–,–,–,1540,–,–,–,–,–,–,–,–,–,–,–,–,–,–,–,–,–,–,–,–,–,–,–,–,–,–,–,–,–,–,–,–,–,–,–,–,–,–,–,–,–,12,10.6,–,40,22.8,–,20,18.6,0.5,0.465,–,209,–,–,–,–,–,–,–,–,–,–,–,–,–,–,–,–,–,–,–,–,–,–,–,–,–,–,–,–,–,–
14th,–,HSS,HSS20X12X3/8,–,–,–,–,–,–,21.5,–,–,–,–,–,–,–,–,78.52,–,–,–,–,–,1200,144,120,7.45,–,–,547,102,91.1,5.04,–,–,–,–,–,–,–,–,–,–,–,–,–,–,–,–,–,–,–,1180,–,–,–,–,–,–,–,–,–,–,–,–,–,–,–,–,–,–,–,–,–,–,–,–,–,–,–,–,–,–,–,–,–,–,–,–,–,–,–,–,–,12,11,–,54.4,31.5,–,20,19,0.375,0.349,–,160,–,–,–,–,–,–,–,–,–,–,–,–,–,–,–,–,–,–,–,–,–,–,–,–,–,–,–,–,–,–
14th,–,HSS,HSS20X12X5/16,–,–,–,–,–,–,18.1,–,–,–,–,–,–,–,–,65.87,–,–,–,–,–,1010,122,101,7.48,–,–,464,85.8,77.3,5.07,–,–,–,–,–,–,–,–,–,–,–,–,–,–,–,–,–,–,–,997,–,–,–,–,–,–,–,–,–,–,–,–,–,–,–,–,–,–,–,–,–,–,–,–,–,–,–,–,–,–,–,–,–,–,–,–,–,–,–,–,–,12,11.1,–,65.6,38.1,–,20,19.1,0.3125,0.291,–,134,–,–,–,–,–,–,–,–,–,–,–,–,–,–,–,–,–,–,–,–,–,–,–,–,–,–,–,–,–,–
14th,–,HSS,HSS20X8X5/8,–,–,–,–,–,–,30.3,–,–,–,–,–,–,–,–,110.36,–,–,–,–,–,1440,185,144,6.89,–,–,338,96.4,84.6,3.34,–,–,–,–,–,–,–,–,–,–,–,–,–,–,–,–,–,–,–,916,–,–,–,–,–,–,–,–,–,–,–,–,–,–,–,–,–,–,–,–,–,–,–,–,–,–,–,–,–,–,–,–,–,–,–,–,–,–,–,–,–,8,6.26,–,31.5,10.8,–,20,18.3,0.625,0.581,–,167,–,–,–,–,–,–,–,–,–,–,–,–,–,–,–,–,–,–,–,–,–,–,–,–,–,–,–,–,–,–
14th,–,HSS,HSS20X8X1/2,–,–,–,–,–,–,24.6,–,–,–,–,–,–,–,–,89.68,–,–,–,–,–,1190,152,119,6.96,–,–,283,79.5,70.8,3.39,–,–,–,–,–,–,–,–,–,–,–,–,–,–,–,–,–,–,–,757,–,–,–,–,–,–,–,–,–,–,–,–,–,–,–,–,–,–,–,–,–,–,–,–,–,–,–,–,–,–,–,–,–,–,–,–,–,–,–,–,–,8,6.6,–,40,14.2,–,20,18.6,0.5,0.465,–,137,–,–,–,–,–,–,–,–,–,–,–,–,–,–,–,–,–,–,–,–,–,–,–,–,–,–,–,–,–,–
14th,–,HSS,HSS20X8X3/8,–,–,–,–,–,–,18.7,–,–,–,–,–,–,–,–,68.31,–,–,–,–,–,926,117,92.6,7.03,–,–,222,61.5,55.6,3.44,–,–,–,–,–,–,–,–,–,–,–,–,–,–,–,–,–,–,–,586,–,–,–,–,–,–,–,–,–,–,–,–,–,–,–,–,–,–,–,–,–,–,–,–,–,–,–,–,–,–,–,–,–,–,–,–,–,–,–,–,–,8,6.95,–,54.4,19.9,–,20,19,0.375,0.349,–,105,–,–,–,–,–,–,–,–,–,–,–,–,–,–,–,–,–,–,–,–,–,–,–,–,–,–,–,–,–,–
14th,–,HSS,HSS20X8X5/16,–,–,–,–,–,–,15.7,–,–,–,–,–,–,–,–,57.36,–,–,–,–,–,786,98.6,78.6,7.07,–,–,189,52,47.4,3.47,–,–,–,–,–,–,–,–,–,–,–,–,–,–,–,–,–,–,–,496,–,–,–,–,–,–,–,–,–,–,–,–,–,–,–,–,–,–,–,–,–,–,–,–,–,–,–,–,–,–,–,–,–,–,–,–,–,–,–,–,–,8,7.13,–,65.6,24.5,–,20,19.1,0.3125,0.291,–,88.3,–,–,–,–,–,–,–,–,–,–,–,–,–,–,–,–,–,–,–,–,–,–,–,–,–,–,–,–,–,–
14th,–,HSS,HSS20X4X1/2,–,–,–,–,–,–,20.9,–,–,–,–,–,–,–,–,76.07,–,–,–,–,–,838,115,83.8,6.33,–,–,58.7,34,29.3,1.68,–,–,–,–,–,–,–,–,–,–,–,–,–,–,–,–,–,–,–,195,–,–,–,–,–,–,–,–,–,–,–,–,–,–,–,–,–,–,–,–,–,–,–,–,–,–,–,–,–,–,–,–,–,–,–,–,–,–,–,–,–,4,2.6,–,40,5.59,–,20,18.6,0.5,0.465,–,63.8,–,–,–,–,–,–,–,–,–,–,–,–,–,–,–,–,–,–,–,–,–,–,–,–,–,–,–,–,–,–
14th,–,HSS,HSS20X4X3/8,–,–,–,–,–,–,16,–,–,–,–,–,–,–,–,58.1,–,–,–,–,–,657,89.3,65.7,6.42,–,–,47.6,26.8,23.8,1.73,–,–,–,–,–,–,–,–,–,–,–,–,–,–,–,–,–,–,–,156,–,–,–,–,–,–,–,–,–,–,–,–,–,–,–,–,–,–,–,–,–,–,–,–,–,–,–,–,–,–,–,–,–,–,–,–,–,–,–,–,–,4,2.95,–,54.4,8.45,–,20,19,0.375,0.349,–,49.9,–,–,–,–,–,–,–,–,–,–,–,–,–,–,–,–,–,–,–,–,–,–,–,–,–,–,–,–,–,–
14th,–,HSS,HSS20X4X5/16,–,–,–,–,–,–,13.4,–,–,–,–,–,–,–,–,48.86,–,–,–,–,–,560,75.6,56,6.46,–,–,41.2,22.9,20.6,1.75,–,–,–,–,–,–,–,–,–,–,–,–,–,–,–,–,–,–,–,134,–,–,–,–,–,–,–,–,–,–,–,–,–,–,–,–,–,–,–,–,–,–,–,–,–,–,–,–,–,–,–,–,–,–,–,–,–,–,–,–,–,4,3.13,–,65.6,10.8,–,20,19.1,0.3125,0.291,–,42.4,–,–,–,–,–,–,–,–,–,–,–,–,–,–,–,–,–,–,–,–,–,–,–,–,–,–,–,–,–,–
14th,–,HSS,HSS20X4X1/4,–,–,–,–,–,–,10.8,–,–,–,–,–,–,–,–,39.43,–,–,–,–,–,458,61.5,45.8,6.5,–,–,34.3,18.7,17.1,1.78,–,–,–,–,–,–,–,–,–,–,–,–,–,–,–,–,–,–,–,111,–,–,–,–,–,–,–,–,–,–,–,–,–,–,–,–,–,–,–,–,–,–,–,–,–,–,–,–,–,–,–,–,–,–,–,–,–,–,–,–,–,4,3.3,–,82.8,14.2,–,20,19.3,0.25,0.233,–,34.7,–,–,–,–,–,–,–,–,–,–,–,–,–,–,–,–,–,–,–,–,–,–,–,–,–,–,–,–,–,–
14th,–,HSS,HSS18X6X5/8,–,–,–,–,–,–,25.7,–,–,–,–,–,–,–,–,93.34,–,–,–,–,–,923,135,103,6,–,–,158,61,52.7,2.48,–,–,–,–,–,–,–,–,–,–,–,–,–,–,–,–,–,–,–,462,–,–,–,–,–,–,–,–,–,–,–,–,–,–,–,–,–,–,–,–,–,–,–,–,–,–,–,–,–,–,–,–,–,–,–,–,–,–,–,–,–,6,4.26,–,28.1,7.33,–,18,16.3,0.625,0.581,–,109,–,–,–,–,–,–,–,–,–,–,–,–,–,–,–,–,–,–,–,–,–,–,–,–,–,–,–,–,–,–
14th,–,HSS,HSS18X6X1/2,–,–,–,–,–,–,20.9,–,–,–,–,–,–,–,–,76.07,–,–,–,–,–,770,112,85.6,6.07,–,–,134,50.7,44.6,2.53,–,–,–,–,–,–,–,–,–,–,–,–,–,–,–,–,–,–,–,387,–,–,–,–,–,–,–,–,–,–,–,–,–,–,–,–,–,–,–,–,–,–,–,–,–,–,–,–,–,–,–,–,–,–,–,–,–,–,–,–,–,6,4.61,–,35.7,9.91,–,18,16.6,0.5,0.465,–,89.9,–,–,–,–,–,–,–,–,–,–,–,–,–,–,–,–,–,–,–,–,–,–,–,–,–,–,–,–,–,–
14th,–,HSS,HSS18X6X3/8,–,–,–,–,–,–,16,–,–,–,–,–,–,–,–,58.1,–,–,–,–,–,602,86.4,66.9,6.15,–,–,106,39.5,35.5,2.58,–,–,–,–,–,–,–,–,–,–,–,–,–,–,–,–,–,–,–,302,–,–,–,–,–,–,–,–,–,–,–,–,–,–,–,–,–,–,–,–,–,–,–,–,–,–,–,–,–,–,–,–,–,–,–,–,–,–,–,–,–,6,4.95,–,48.7,14.2,–,18,17,0.375,0.349,–,69.5,–,–,–,–,–,–,–,–,–,–,–,–,–,–,–,–,–,–,–,–,–,–,–,–,–,–,–,–,–,–
14th,–,HSS,HSS18X6X5/16,–,–,–,–,–,–,13.4,–,–,–,–,–,–,–,–,48.86,–,–,–,–,–,513,73.1,57,6.18,–,–,91.3,33.5,30.4,2.61,–,–,–,–,–,–,–,–,–,–,–,–,–,–,–,–,–,–,–,257,–,–,–,–,–,–,–,–,–,–,–,–,–,–,–,–,–,–,–,–,–,–,–,–,–,–,–,–,–,–,–,–,–,–,–,–,–,–,–,–,–,6,5.13,–,58.8,17.6,–,18,17.1,0.3125,0.291,–,58.7,–,–,–,–,–,–,–,–,–,–,–,–,–,–,–,–,–,–,–,–,–,–,–,–,–,–,–,–,–,–
14th,–,HSS,HSS18X6X1/4,–,–,–,–,–,–,10.8,–,–,–,–,–,–,–,–,39.43,–,–,–,–,–,419,59.4,46.5,6.22,–,–,75.1,27.3,25,2.63,–,–,–,–,–,–,–,–,–,–,–,–,–,–,–,–,–,–,–,210,–,–,–,–,–,–,–,–,–,–,–,–,–,–,–,–,–,–,–,–,–,–,–,–,–,–,–,–,–,–,–,–,–,–,–,–,–,–,–,–,–,6,5.3,–,74.2,22.7,–,18,17.3,0.25,0.233,–,47.7,–,–,–,–,–,–,–,–,–,–,–,–,–,–,–,–,–,–,–,–,–,–,–,–,–,–,–,–,–,–
14th,–,HSS,HSS16X16X5/8,–,–,–,–,–,–,35,–,–,–,–,–,–,–,–,127.37,–,–,–,–,–,1370,200,171,6.25,–,–,1370,200,171,6.25,–,–,–,–,–,–,–,–,–,–,–,–,–,–,–,–,–,–,–,2170,–,–,–,–,–,–,–,–,–,–,–,–,–,–,–,–,–,–,–,–,–,–,–,–,–,–,–,–,–,–,–,–,–,–,–,–,–,–,–,–,–,16,14.3,–,24.6,24.6,–,16,14.3,0.625,0.581,–,276,–,–,–,–,–,–,–,–,–,–,–,–,–,–,–,–,–,–,–,–,–,–,–,–,–,–,–,–,–,–
14th,–,HSS,HSS16X16X1/2,–,–,–,–,–,–,28.3,–,–,–,–,–,–,–,–,103.3,–,–,–,–,–,1130,164,141,6.31,–,–,1130,164,141,6.31,–,–,–,–,–,–,–,–,–,–,–,–,–,–,–,–,–,–,–,1770,–,–,–,–,–,–,–,–,–,–,–,–,–,–,–,–,–,–,–,–,–,–,–,–,–,–,–,–,–,–,–,–,–,–,–,–,–,–,–,–,–,16,14.6,–,31.4,31.4,–,16,14.6,0.5,0.465,–,224,–,–,–,–,–,–,–,–,–,–,–,–,–,–,–,–,–,–,–,–,–,–,–,–,–,–,–,–,–,–
14th,–,HSS,HSS16X16X3/8,–,–,–,–,–,–,21.5,–,–,–,–,–,–,–,–,78.52,–,–,–,–,–,873,126,109,6.37,–,–,873,126,109,6.37,–,–,–,–,–,–,–,–,–,–,–,–,–,–,–,–,–,–,–,1350,–,–,–,–,–,–,–,–,–,–,–,–,–,–,–,–,–,–,–,–,–,–,–,–,–,–,–,–,–,–,–,–,–,–,–,–,–,–,–,–,–,16,15,–,43,43,–,16,15,0.375,0.349,–,171,–,–,–,–,–,–,–,–,–,–,–,–,–,–,–,–,–,–,–,–,–,–,–,–,–,–,–,–,–,–
14th,–,HSS,HSS16X16X5/16,–,–,–,–,–,–,18.1,–,–,–,–,–,–,–,–,65.87,–,–,–,–,–,739,106,92.3,6.39,–,–,739,106,92.3,6.39,–,–,–,–,–,–,–,–,–,–,–,–,–,–,–,–,–,–,–,1140,–,–,–,–,–,–,–,–,–,–,–,–,–,–,–,–,–,–,–,–,–,–,–,–,–,–,–,–,–,–,–,–,–,–,–,–,–,–,–,–,–,16,15.1,–,51.9,51.9,–,16,15.1,0.3125,0.291,–,144,–,–,–,–,–,–,–,–,–,–,–,–,–,–,–,–,–,–,–,–,–,–,–,–,–,–,–,–,–,–
14th,–,HSS,HSS16X12X5/8,–,–,–,–,–,–,30.3,–,–,–,–,–,–,–,–,110.36,–,–,–,–,–,1090,165,136,6,–,–,700,135,117,4.8,–,–,–,–,–,–,–,–,–,–,–,–,–,–,–,–,–,–,–,1370,–,–,–,–,–,–,–,–,–,–,–,–,–,–,–,–,–,–,–,–,–,–,–,–,–,–,–,–,–,–,–,–,–,–,–,–,–,–,–,–,–,12,10.3,–,24.6,17.7,–,16,14.3,0.625,0.581,–,204,–,–,–,–,–,–,–,–,–,–,–,–,–,–,–,–,–,–,–,–,–,–,–,–,–,–,–,–,–,–
14th,–,HSS,HSS16X12X1/2,–,–,–,–,–,–,24.6,–,–,–,–,–,–,–,–,89.68,–,–,–,–,–,904,135,113,6.06,–,–,581,111,96.8,4.86,–,–,–,–,–,–,–,–,–,–,–,–,–,–,–,–,–,–,–,1120,–,–,–,–,–,–,–,–,–,–,–,–,–,–,–,–,–,–,–,–,–,–,–,–,–,–,–,–,–,–,–,–,–,–,–,–,–,–,–,–,–,12,10.6,–,31.4,22.8,–,16,14.6,0.5,0.465,–,166,–,–,–,–,–,–,–,–,–,–,–,–,–,–,–,–,–,–,–,–,–,–,–,–,–,–,–,–,–,–
14th,–,HSS,HSS16X12X3/8,–,–,–,–,–,–,18.7,–,–,–,–,–,–,–,–,68.31,–,–,–,–,–,702,104,87.7,6.12,–,–,452,85.5,75.3,4.91,–,–,–,–,–,–,–,–,–,–,–,–,–,–,–,–,–,–,–,862,–,–,–,–,–,–,–,–,–,–,–,–,–,–,–,–,–,–,–,–,–,–,–,–,–,–,–,–,–,–,–,–,–,–,–,–,–,–,–,–,–,12,11,–,43,31.5,–,16,15,0.375,0.349,–,127,–,–,–,–,–,–,–,–,–,–,–,–,–,–,–,–,–,–,–,–,–,–,–,–,–,–,–,–,–,–
14th,–,HSS,HSS16X12X5/16,–,–,–,–,–,–,15.7,–,–,–,–,–,–,–,–,57.36,–,–,–,–,–,595,87.7,74.4,6.15,–,–,384,72.2,64,4.94,–,–,–,–,–,–,–,–,–,–,–,–,–,–,–,–,–,–,–,727,–,–,–,–,–,–,–,–,–,–,–,–,–,–,–,–,–,–,–,–,–,–,–,–,–,–,–,–,–,–,–,–,–,–,–,–,–,–,–,–,–,12,11.1,–,51.9,38.1,–,16,15.1,0.3125,0.291,–,107,–,–,–,–,–,–,–,–,–,–,–,–,–,–,–,–,–,–,–,–,–,–,–,–,–,–,–,–,–,–
14th,–,HSS,HSS16X8X5/8,–,–,–,–,–,–,25.7,–,–,–,–,–,–,–,–,93.34,–,–,–,–,–,815,129,102,5.64,–,–,274,79.2,68.6,3.27,–,–,–,–,–,–,–,–,–,–,–,–,–,–,–,–,–,–,–,681,–,–,–,–,–,–,–,–,–,–,–,–,–,–,–,–,–,–,–,–,–,–,–,–,–,–,–,–,–,–,–,–,–,–,–,–,–,–,–,–,–,8,6.26,–,24.6,10.8,–,16,14.3,0.625,0.581,–,132,–,–,–,–,–,–,–,–,–,–,–,–,–,–,–,–,–,–,–,–,–,–,–,–,–,–,–,–,–,–
14th,–,HSS,HSS16X8X1/2,–,–,–,–,–,–,20.9,–,–,–,–,–,–,–,–,76.07,–,–,–,–,–,679,106,84.9,5.7,–,–,230,65.5,57.6,3.32,–,–,–,–,–,–,–,–,–,–,–,–,–,–,–,–,–,–,–,563,–,–,–,–,–,–,–,–,–,–,–,–,–,–,–,–,–,–,–,–,–,–,–,–,–,–,–,–,–,–,–,–,–,–,–,–,–,–,–,–,–,8,6.6,–,31.4,14.2,–,16,14.6,0.5,0.465,–,108,–,–,–,–,–,–,–,–,–,–,–,–,–,–,–,–,–,–,–,–,–,–,–,–,–,–,–,–,–,–
14th,–,HSS,HSS16X8X3/8,–,–,–,–,–,–,16,–,–,–,–,–,–,–,–,58.1,–,–,–,–,–,531,82.1,66.3,5.77,–,–,181,50.8,45.3,3.37,–,–,–,–,–,–,–,–,–,–,–,–,–,–,–,–,–,–,–,436,–,–,–,–,–,–,–,–,–,–,–,–,–,–,–,–,–,–,–,–,–,–,–,–,–,–,–,–,–,–,–,–,–,–,–,–,–,–,–,–,–,8,6.95,–,43,19.9,–,16,15,0.375,0.349,–,83.4,–,–,–,–,–,–,–,–,–,–,–,–,–,–,–,–,–,–,–,–,–,–,–,–,–,–,–,–,–,–
14th,–,HSS,HSS16X8X5/16,–,–,–,–,–,–,13.4,–,–,–,–,–,–,–,–,48.86,–,–,–,–,–,451,69.4,56.4,5.8,–,–,155,43,38.7,3.4,–,–,–,–,–,–,–,–,–,–,–,–,–,–,–,–,–,–,–,369,–,–,–,–,–,–,–,–,–,–,–,–,–,–,–,–,–,–,–,–,–,–,–,–,–,–,–,–,–,–,–,–,–,–,–,–,–,–,–,–,–,8,7.13,–,51.9,24.5,–,16,15.1,0.3125,0.291,–,70.4,–,–,–,–,–,–,–,–,–,–,–,–,–,–,–,–,–,–,–,–,–,–,–,–,–,–,–,–,–,–
14th,–,HSS,HSS16X8X1/4,–,–,–,–,–,–,10.8,–,–,–,–,–,–,–,–,39.43,–,–,–,–,–,368,56.4,46.1,5.83,–,–,127,35,31.7,3.42,–,–,–,–,–,–,–,–,–,–,–,–,–,–,–,–,–,–,–,300,–,–,–,–,–,–,–,–,–,–,–,–,–,–,–,–,–,–,–,–,–,–,–,–,–,–,–,–,–,–,–,–,–,–,–,–,–,–,–,–,–,8,7.3,–,65.7,31.3,–,16,15.3,0.25,0.233,–,57,–,–,–,–,–,–,–,–,–,–,–,–,–,–,–,–,–,–,–,–,–,–,–,–,–,–,–,–,–,–
14th,–,HSS,HSS16X4X5/8,–,–,–,–,–,–,21,–,–,–,–,–,–,–,–,76.33,–,–,–,–,–,539,92.9,67.3,5.06,–,–,54.1,32.5,27,1.6,–,–,–,–,–,–,–,–,–,–,–,–,–,–,–,–,–,–,–,174,–,–,–,–,–,–,–,–,–,–,–,–,–,–,–,–,–,–,–,–,–,–,–,–,–,–,–,–,–,–,–,–,–,–,–,–,–,–,–,–,–,4,2.26,–,24.6,3.89,–,16,14.3,0.625,0.581,–,60.5,–,–,–,–,–,–,–,–,–,–,–,–,–,–,–,–,–,–,–,–,–,–,–,–,–,–,–,–,–,–
14th,–,HSS,HSS16X4X1/2,–,–,–,–,–,–,17.2,–,–,–,–,–,–,–,–,62.46,–,–,–,–,–,455,77.3,56.9,5.15,–,–,47,27.4,23.5,1.65,–,–,–,–,–,–,–,–,–,–,–,–,–,–,–,–,–,–,–,150,–,–,–,–,–,–,–,–,–,–,–,–,–,–,–,–,–,–,–,–,–,–,–,–,–,–,–,–,–,–,–,–,–,–,–,–,–,–,–,–,–,4,2.6,–,31.4,5.59,–,16,14.6,0.5,0.465,–,50.7,–,–,–,–,–,–,–,–,–,–,–,–,–,–,–,–,–,–,–,–,–,–,–,–,–,–,–,–,–,–
14th,–,HSS,HSS16X4X3/8,–,–,–,–,–,–,13.2,–,–,–,–,–,–,–,–,47.9,–,–,–,–,–,360,60.2,45,5.23,–,–,38.3,21.7,19.1,1.71,–,–,–,–,–,–,–,–,–,–,–,–,–,–,–,–,–,–,–,120,–,–,–,–,–,–,–,–,–,–,–,–,–,–,–,–,–,–,–,–,–,–,–,–,–,–,–,–,–,–,–,–,–,–,–,–,–,–,–,–,–,4,2.95,–,43,8.45,–,16,15,0.375,0.349,–,39.7,–,–,–,–,–,–,–,–,–,–,–,–,–,–,–,–,–,–,–,–,–,–,–,–,–,–,–,–,–,–
14th,–,HSS,HSS16X4X5/16,–,–,–,–,–,–,11.1,–,–,–,–,–,–,–,–,40.35,–,–,–,–,–,308,51.1,38.5,5.27,–,–,33.2,18.5,16.6,1.73,–,–,–,–,–,–,–,–,–,–,–,–,–,–,–,–,–,–,–,103,–,–,–,–,–,–,–,–,–,–,–,–,–,–,–,–,–,–,–,–,–,–,–,–,–,–,–,–,–,–,–,–,–,–,–,–,–,–,–,–,–,4,3.13,–,51.9,10.8,–,16,15.1,0.3125,0.291,–,33.8,–,–,–,–,–,–,–,–,–,–,–,–,–,–,–,–,–,–,–,–,–,–,–,–,–,–,–,–,–,–
14th,–,HSS,HSS16X4X1/4,–,–,–,–,–,–,8.96,–,–,–,–,–,–,–,–,32.63,–,–,–,–,–,253,41.7,31.6,5.31,–,–,27.7,15.2,13.8,1.76,–,–,–,–,–,–,–,–,–,–,–,–,–,–,–,–,–,–,–,85.2,–,–,–,–,–,–,–,–,–,–,–,–,–,–,–,–,–,–,–,–,–,–,–,–,–,–,–,–,–,–,–,–,–,–,–,–,–,–,–,–,–,4,3.3,–,65.7,14.2,–,16,15.3,0.25,0.233,–,27.6,–,–,–,–,–,–,–,–,–,–,–,–,–,–,–,–,–,–,–,–,–,–,–,–,–,–,–,–,–,–
14th,–,HSS,HSS16X4X3/16,–,–,–,–,–,–,6.76,–,–,–,–,–,–,–,–,24.73,–,–,–,–,–,193,31.7,24.2,5.35,–,–,21.5,11.7,10.8,1.78,–,–,–,–,–,–,–,–,–,–,–,–,–,–,–,–,–,–,–,65.5,–,–,–,–,–,–,–,–,–,–,–,–,–,–,–,–,–,–,–,–,–,–,–,–,–,–,–,–,–,–,–,–,–,–,–,–,–,–,–,–,–,4,3.48,–,89.1,20,–,16,15.5,0.1875,0.174,–,21.1,–,–,–,–,–,–,–,–,–,–,–,–,–,–,–,–,–,–,–,–,–,–,–,–,–,–,–,–,–,–
14th,–,HSS,HSS14X14X5/8,–,–,–,–,–,–,30.3,–,–,–,–,–,–,–,–,110.36,–,–,–,–,–,897,151,128,5.44,–,–,897,151,128,5.44,–,–,–,–,–,–,–,–,–,–,–,–,–,–,–,–,–,–,–,1430,–,–,–,–,–,–,–,–,–,–,–,–,–,–,–,–,–,–,–,–,–,–,–,–,–,–,–,–,–,–,–,–,–,–,–,–,–,–,–,–,–,14,12.3,–,21.2,21.2,–,14,12.3,0.625,0.581,–,208,–,–,–,–,–,–,–,–,–,–,–,–,–,–,–,–,–,–,–,–,–,–,–,–,–,–,–,–,–,–
14th,–,HSS,HSS14X14X1/2,–,–,–,–,–,–,24.6,–,–,–,–,–,–,–,–,89.68,–,–,–,–,–,743,124,106,5.49,–,–,743,124,106,5.49,–,–,–,–,–,–,–,–,–,–,–,–,–,–,–,–,–,–,–,1170,–,–,–,–,–,–,–,–,–,–,–,–,–,–,–,–,–,–,–,–,–,–,–,–,–,–,–,–,–,–,–,–,–,–,–,–,–,–,–,–,–,14,12.6,–,27.1,27.1,–,14,12.6,0.5,0.465,–,170,–,–,–,–,–,–,–,–,–,–,–,–,–,–,–,–,–,–,–,–,–,–,–,–,–,–,–,–,–,–
14th,–,HSS,HSS14X14X3/8,–,–,–,–,–,–,18.7,–,–,–,–,–,–,–,–,68.31,–,–,–,–,–,577,95.4,82.5,5.55,–,–,577,95.4,82.5,5.55,–,–,–,–,–,–,–,–,–,–,–,–,–,–,–,–,–,–,–,900,–,–,–,–,–,–,–,–,–,–,–,–,–,–,–,–,–,–,–,–,–,–,–,–,–,–,–,–,–,–,–,–,–,–,–,–,–,–,–,–,–,14,13,–,37.2,37.2,–,14,13,0.375,0.349,–,130,–,–,–,–,–,–,–,–,–,–,–,–,–,–,–,–,–,–,–,–,–,–,–,–,–,–,–,–,–,–
14th,–,HSS,HSS14X14X5/16,–,–,–,–,–,–,15.7,–,–,–,–,–,–,–,–,57.36,–,–,–,–,–,490,80.5,69.9,5.58,–,–,490,80.5,69.9,5.58,–,–,–,–,–,–,–,–,–,–,–,–,–,–,–,–,–,–,–,759,–,–,–,–,–,–,–,–,–,–,–,–,–,–,–,–,–,–,–,–,–,–,–,–,–,–,–,–,–,–,–,–,–,–,–,–,–,–,–,–,–,14,13.1,–,45,45,–,14,13.1,0.3125,0.291,–,109,–,–,–,–,–,–,–,–,–,–,–,–,–,–,–,–,–,–,–,–,–,–,–,–,–,–,–,–,–,–
14th,–,HSS,HSS14X10X5/8,–,–,–,–,–,–,25.7,–,–,–,–,–,–,–,–,93.34,–,–,–,–,–,687,120,98.2,5.17,–,–,407,95.1,81.5,3.98,–,–,–,–,–,–,–,–,–,–,–,–,–,–,–,–,–,–,–,832,–,–,–,–,–,–,–,–,–,–,–,–,–,–,–,–,–,–,–,–,–,–,–,–,–,–,–,–,–,–,–,–,–,–,–,–,–,–,–,–,–,10,8.26,–,21.2,14.2,–,14,12.3,0.625,0.581,–,146,–,–,–,–,–,–,–,–,–,–,–,–,–,–,–,–,–,–,–,–,–,–,–,–,–,–,–,–,–,–
14th,–,HSS,HSS14X10X1/2,–,–,–,–,–,–,20.9,–,–,–,–,–,–,–,–,76.07,–,–,–,–,–,573,98.8,81.8,5.23,–,–,341,78.5,68.1,4.04,–,–,–,–,–,–,–,–,–,–,–,–,–,–,–,–,–,–,–,685,–,–,–,–,–,–,–,–,–,–,–,–,–,–,–,–,–,–,–,–,–,–,–,–,–,–,–,–,–,–,–,–,–,–,–,–,–,–,–,–,–,10,8.6,–,27.1,18.5,–,14,12.6,0.5,0.465,–,120,–,–,–,–,–,–,–,–,–,–,–,–,–,–,–,–,–,–,–,–,–,–,–,–,–,–,–,–,–,–
14th,–,HSS,HSS14X10X3/8,–,–,–,–,–,–,16,–,–,–,–,–,–,–,–,58.1,–,–,–,–,–,447,76.3,63.9,5.29,–,–,267,60.7,53.4,4.09,–,–,–,–,–,–,–,–,–,–,–,–,–,–,–,–,–,–,–,528,–,–,–,–,–,–,–,–,–,–,–,–,–,–,–,–,–,–,–,–,–,–,–,–,–,–,–,–,–,–,–,–,–,–,–,–,–,–,–,–,–,10,8.95,–,37.2,25.6,–,14,13,0.375,0.349,–,91.8,–,–,–,–,–,–,–,–,–,–,–,–,–,–,–,–,–,–,–,–,–,–,–,–,–,–,–,–,–,–
14th,–,HSS,HSS14X10X5/16,–,–,–,–,–,–,13.4,–,–,–,–,–,–,–,–,48.86,–,–,–,–,–,380,64.6,54.3,5.32,–,–,227,51.4,45.5,4.12,–,–,–,–,–,–,–,–,–,–,–,–,–,–,–,–,–,–,–,446,–,–,–,–,–,–,–,–,–,–,–,–,–,–,–,–,–,–,–,–,–,–,–,–,–,–,–,–,–,–,–,–,–,–,–,–,–,–,–,–,–,10,9.13,–,45,31.4,–,14,13.1,0.3125,0.291,–,77.4,–,–,–,–,–,–,–,–,–,–,–,–,–,–,–,–,–,–,–,–,–,–,–,–,–,–,–,–,–,–
14th,–,HSS,HSS14X10X1/4,–,–,–,–,–,–,10.8,–,–,–,–,–,–,–,–,39.43,–,–,–,–,–,310,52.4,44.3,5.35,–,–,186,41.8,37.2,4.14,–,–,–,–,–,–,–,–,–,–,–,–,–,–,–,–,–,–,–,362,–,–,–,–,–,–,–,–,–,–,–,–,–,–,–,–,–,–,–,–,–,–,–,–,–,–,–,–,–,–,–,–,–,–,–,–,–,–,–,–,–,10,9.3,–,57.1,39.9,–,14,13.3,0.25,0.233,–,62.6,–,–,–,–,–,–,–,–,–,–,–,–,–,–,–,–,–,–,–,–,–,–,–,–,–,–,–,–,–,–
14th,–,HSS,HSS14X6X5/8,–,–,–,–,–,–,21,–,–,–,–,–,–,–,–,76.33,–,–,–,–,–,478,88.7,68.3,4.77,–,–,124,48.4,41.2,2.43,–,–,–,–,–,–,–,–,–,–,–,–,–,–,–,–,–,–,–,334,–,–,–,–,–,–,–,–,–,–,–,–,–,–,–,–,–,–,–,–,–,–,–,–,–,–,–,–,–,–,–,–,–,–,–,–,–,–,–,–,–,6,4.26,–,21.2,7.33,–,14,12.3,0.625,0.581,–,83.7,–,–,–,–,–,–,–,–,–,–,–,–,–,–,–,–,–,–,–,–,–,–,–,–,–,–,–,–,–,–
14th,–,HSS,HSS14X6X1/2,–,–,–,–,–,–,17.2,–,–,–,–,–,–,–,–,62.46,–,–,–,–,–,402,73.6,57.4,4.84,–,–,105,40.4,35.1,2.48,–,–,–,–,–,–,–,–,–,–,–,–,–,–,–,–,–,–,–,279,–,–,–,–,–,–,–,–,–,–,–,–,–,–,–,–,–,–,–,–,–,–,–,–,–,–,–,–,–,–,–,–,–,–,–,–,–,–,–,–,–,6,4.61,–,27.1,9.91,–,14,12.6,0.5,0.465,–,69.3,–,–,–,–,–,–,–,–,–,–,–,–,–,–,–,–,–,–,–,–,–,–,–,–,–,–,–,–,–,–
14th,–,HSS,HSS14X6X3/8,–,–,–,–,–,–,13.2,–,–,–,–,–,–,–,–,47.9,–,–,–,–,–,317,57.3,45.3,4.91,–,–,84.1,31.6,28,2.53,–,–,–,–,–,–,–,–,–,–,–,–,–,–,–,–,–,–,–,219,–,–,–,–,–,–,–,–,–,–,–,–,–,–,–,–,–,–,–,–,–,–,–,–,–,–,–,–,–,–,–,–,–,–,–,–,–,–,–,–,–,6,4.95,–,37.2,14.2,–,14,13,0.375,0.349,–,53.7,–,–,–,–,–,–,–,–,–,–,–,–,–,–,–,–,–,–,–,–,–,–,–,–,–,–,–,–,–,–
14th,–,HSS,HSS14X6X5/16,–,–,–,–,–,–,11.1,–,–,–,–,–,–,–,–,40.35,–,–,–,–,–,271,48.6,38.7,4.94,–,–,72.3,26.9,24.1,2.55,–,–,–,–,–,–,–,–,–,–,–,–,–,–,–,–,–,–,–,186,–,–,–,–,–,–,–,–,–,–,–,–,–,–,–,–,–,–,–,–,–,–,–,–,–,–,–,–,–,–,–,–,–,–,–,–,–,–,–,–,–,6,5.13,–,45,17.6,–,14,13.1,0.3125,0.291,–,45.5,–,–,–,–,–,–,–,–,–,–,–,–,–,–,–,–,–,–,–,–,–,–,–,–,–,–,–,–,–,–
14th,–,HSS,HSS14X6X1/4,–,–,–,–,–,–,8.96,–,–,–,–,–,–,–,–,32.63,–,–,–,–,–,222,39.6,31.7,4.98,–,–,59.6,22,19.9,2.58,–,–,–,–,–,–,–,–,–,–,–,–,–,–,–,–,–,–,–,152,–,–,–,–,–,–,–,–,–,–,–,–,–,–,–,–,–,–,–,–,–,–,–,–,–,–,–,–,–,–,–,–,–,–,–,–,–,–,–,–,–,6,5.3,–,57.1,22.7,–,14,13.3,0.25,0.233,–,36.9,–,–,–,–,–,–,–,–,–,–,–,–,–,–,–,–,–,–,–,–,–,–,–,–,–,–,–,–,–,–
14th,–,HSS,HSS14X6X3/16,–,–,–,–,–,–,6.76,–,–,–,–,–,–,–,–,24.73,–,–,–,–,–,170,30.1,24.3,5.01,–,–,45.9,16.7,15.3,2.61,–,–,–,–,–,–,–,–,–,–,–,–,–,–,–,–,–,–,–,116,–,–,–,–,–,–,–,–,–,–,–,–,–,–,–,–,–,–,–,–,–,–,–,–,–,–,–,–,–,–,–,–,–,–,–,–,–,–,–,–,–,6,5.48,–,77.6,31.5,–,14,13.5,0.1875,0.174,–,28,–,–,–,–,–,–,–,–,–,–,–,–,–,–,–,–,–,–,–,–,–,–,–,–,–,–,–,–,–,–
14th,–,HSS,HSS14X4X5/8,–,–,–,–,–,–,18.7,–,–,–,–,–,–,–,–,67.82,–,–,–,–,–,373,73.1,53.3,4.47,–,–,47.2,28.5,23.6,1.59,–,–,–,–,–,–,–,–,–,–,–,–,–,–,–,–,–,–,–,148,–,–,–,–,–,–,–,–,–,–,–,–,–,–,–,–,–,–,–,–,–,–,–,–,–,–,–,–,–,–,–,–,–,–,–,–,–,–,–,–,–,4,2.26,–,21.2,3.89,–,14,12.3,0.625,0.581,–,52.6,–,–,–,–,–,–,–,–,–,–,–,–,–,–,–,–,–,–,–,–,–,–,–,–,–,–,–,–,–,–
14th,–,HSS,HSS14X4X1/2,–,–,–,–,–,–,15.3,–,–,–,–,–,–,–,–,55.66,–,–,–,–,–,317,61,45.3,4.55,–,–,41.2,24.1,20.6,1.64,–,–,–,–,–,–,–,–,–,–,–,–,–,–,–,–,–,–,–,127,–,–,–,–,–,–,–,–,–,–,–,–,–,–,–,–,–,–,–,–,–,–,–,–,–,–,–,–,–,–,–,–,–,–,–,–,–,–,–,–,–,4,2.6,–,27.1,5.59,–,14,12.6,0.5,0.465,–,44.1,–,–,–,–,–,–,–,–,–,–,–,–,–,–,–,–,–,–,–,–,–,–,–,–,–,–,–,–,–,–
14th,–,HSS,HSS14X4X3/8,–,–,–,–,–,–,11.8,–,–,–,–,–,–,–,–,42.79,–,–,–,–,–,252,47.8,36,4.63,–,–,33.6,19.1,16.8,1.69,–,–,–,–,–,–,–,–,–,–,–,–,–,–,–,–,–,–,–,102,–,–,–,–,–,–,–,–,–,–,–,–,–,–,–,–,–,–,–,–,–,–,–,–,–,–,–,–,–,–,–,–,–,–,–,–,–,–,–,–,–,4,2.95,–,37.2,8.45,–,14,13,0.375,0.349,–,34.6,–,–,–,–,–,–,–,–,–,–,–,–,–,–,–,–,–,–,–,–,–,–,–,–,–,–,–,–,–,–
14th,–,HSS,HSS14X4X5/16,–,–,–,–,–,–,9.92,–,–,–,–,–,–,–,–,36.1,–,–,–,–,–,216,40.6,30.9,4.67,–,–,29.2,16.4,14.6,1.72,–,–,–,–,–,–,–,–,–,–,–,–,–,–,–,–,–,–,–,87.7,–,–,–,–,–,–,–,–,–,–,–,–,–,–,–,–,–,–,–,–,–,–,–,–,–,–,–,–,–,–,–,–,–,–,–,–,–,–,–,–,–,4,3.13,–,45,10.8,–,14,13.1,0.3125,0.291,–,29.5,–,–,–,–,–,–,–,–,–,–,–,–,–,–,–,–,–,–,–,–,–,–,–,–,–,–,–,–,–,–
14th,–,HSS,HSS14X4X1/4,–,–,–,–,–,–,8.03,–,–,–,–,–,–,–,–,29.23,–,–,–,–,–,178,33.2,25.4,4.71,–,–,24.4,13.5,12.2,1.74,–,–,–,–,–,–,–,–,–,–,–,–,–,–,–,–,–,–,–,72.4,–,–,–,–,–,–,–,–,–,–,–,–,–,–,–,–,–,–,–,–,–,–,–,–,–,–,–,–,–,–,–,–,–,–,–,–,–,–,–,–,–,4,3.3,–,57.1,14.2,–,14,13.3,0.25,0.233,–,24.1,–,–,–,–,–,–,–,–,–,–,–,–,–,–,–,–,–,–,–,–,–,–,–,–,–,–,–,–,–,–
14th,–,HSS,HSS14X4X3/16,–,–,–,–,–,–,6.06,–,–,–,–,–,–,–,–,22.18,–,–,–,–,–,137,25.3,19.5,4.74,–,–,19,10.3,9.48,1.77,–,–,–,–,–,–,–,–,–,–,–,–,–,–,–,–,–,–,–,55.8,–,–,–,–,–,–,–,–,–,–,–,–,–,–,–,–,–,–,–,–,–,–,–,–,–,–,–,–,–,–,–,–,–,–,–,–,–,–,–,–,–,4,3.48,–,77.6,20,–,14,13.5,0.1875,0.174,–,18.4,–,–,–,–,–,–,–,–,–,–,–,–,–,–,–,–,–,–,–,–,–,–,–,–,–,–,–,–,–,–
14th,–,HSS,HSS12X12X5/8,–,–,–,–,–,–,25.7,–,–,–,–,–,–,–,–,93.34,–,–,–,–,–,548,109,91.4,4.62,–,–,548,109,91.4,4.62,–,–,–,–,–,–,–,–,–,–,–,–,–,–,–,–,–,–,–,885,–,–,–,–,–,–,–,–,–,–,–,–,–,–,–,–,–,–,–,–,–,–,–,–,–,–,–,–,–,–,–,–,–,–,–,–,–,–,–,–,–,12,10.3,–,17.7,17.7,–,12,10.3,0.625,0.581,–,151,–,–,–,–,–,–,–,–,–,–,–,–,–,–,–,–,–,–,–,–,–,–,–,–,–,–,–,–,–,–
14th,–,HSS,HSS12X12X1/2,–,–,–,–,–,–,20.9,–,–,–,–,–,–,–,–,76.07,–,–,–,–,–,457,89.6,76.2,4.68,–,–,457,89.6,76.2,4.68,–,–,–,–,–,–,–,–,–,–,–,–,–,–,–,–,–,–,–,728,–,–,–,–,–,–,–,–,–,–,–,–,–,–,–,–,–,–,–,–,–,–,–,–,–,–,–,–,–,–,–,–,–,–,–,–,–,–,–,–,–,12,10.6,–,22.8,22.8,–,12,10.6,0.5,0.465,–,123,–,–,–,–,–,–,–,–,–,–,–,–,–,–,–,–,–,–,–,–,–,–,–,–,–,–,–,–,–,–
14th,–,HSS,HSS12X12X3/8,–,–,–,–,–,–,16,–,–,–,–,–,–,–,–,58.1,–,–,–,–,–,357,69.2,59.5,4.73,–,–,357,69.2,59.5,4.73,–,–,–,–,–,–,–,–,–,–,–,–,–,–,–,–,–,–,–,561,–,–,–,–,–,–,–,–,–,–,–,–,–,–,–,–,–,–,–,–,–,–,–,–,–,–,–,–,–,–,–,–,–,–,–,–,–,–,–,–,–,12,11,–,31.5,31.5,–,12,11,0.375,0.349,–,94.6,–,–,–,–,–,–,–,–,–,–,–,–,–,–,–,–,–,–,–,–,–,–,–,–,–,–,–,–,–,–
14th,–,HSS,HSS12X12X5/16,–,–,–,–,–,–,13.4,–,–,–,–,–,–,–,–,48.86,–,–,–,–,–,304,58.6,50.7,4.76,–,–,304,58.6,50.7,4.76,–,–,–,–,–,–,–,–,–,–,–,–,–,–,–,–,–,–,–,474,–,–,–,–,–,–,–,–,–,–,–,–,–,–,–,–,–,–,–,–,–,–,–,–,–,–,–,–,–,–,–,–,–,–,–,–,–,–,–,–,–,12,11.1,–,38.1,38.1,–,12,11.1,0.3125,0.291,–,79.7,–,–,–,–,–,–,–,–,–,–,–,–,–,–,–,–,–,–,–,–,–,–,–,–,–,–,–,–,–,–
14th,–,HSS,HSS12X12X1/4,–,–,–,–,–,–,10.8,–,–,–,–,–,–,–,–,39.43,–,–,–,–,–,248,47.6,41.4,4.79,–,–,248,47.6,41.4,4.79,–,–,–,–,–,–,–,–,–,–,–,–,–,–,–,–,–,–,–,384,–,–,–,–,–,–,–,–,–,–,–,–,–,–,–,–,–,–,–,–,–,–,–,–,–,–,–,–,–,–,–,–,–,–,–,–,–,–,–,–,–,12,11.3,–,48.5,48.5,–,12,11.3,0.25,0.233,–,64.5,–,–,–,–,–,–,–,–,–,–,–,–,–,–,–,–,–,–,–,–,–,–,–,–,–,–,–,–,–,–
14th,–,HSS,HSS12X12X3/16,–,–,–,–,–,–,8.15,–,–,–,–,–,–,–,–,29.84,–,–,–,–,–,189,36,31.5,4.82,–,–,189,36,31.5,4.82,–,–,–,–,–,–,–,–,–,–,–,–,–,–,–,–,–,–,–,290,–,–,–,–,–,–,–,–,–,–,–,–,–,–,–,–,–,–,–,–,–,–,–,–,–,–,–,–,–,–,–,–,–,–,–,–,–,–,–,–,–,12,11.5,–,66.1,66.1,–,12,11.5,0.1875,0.174,–,48.6,–,–,–,–,–,–,–,–,–,–,–,–,–,–,–,–,–,–,–,–,–,–,–,–,–,–,–,–,–,–
14th,–,HSS,HSS12X10X1/2,–,–,–,–,–,–,19,–,–,–,–,–,–,–,–,69.27,–,–,–,–,–,395,78.8,65.9,4.56,–,–,298,69.6,59.7,3.96,–,–,–,–,–,–,–,–,–,–,–,–,–,–,–,–,–,–,–,545,–,–,–,–,–,–,–,–,–,–,–,–,–,–,–,–,–,–,–,–,–,–,–,–,–,–,–,–,–,–,–,–,–,–,–,–,–,–,–,–,–,10,8.6,–,22.8,18.5,–,12,10.6,0.5,0.465,–,102,–,–,–,–,–,–,–,–,–,–,–,–,–,–,–,–,–,–,–,–,–,–,–,–,–,–,–,–,–,–
14th,–,HSS,HSS12X10X3/8,–,–,–,–,–,–,14.6,–,–,–,–,–,–,–,–,53,–,–,–,–,–,310,61.1,51.6,4.61,–,–,234,54,46.9,4.01,–,–,–,–,–,–,–,–,–,–,–,–,–,–,–,–,–,–,–,421,–,–,–,–,–,–,–,–,–,–,–,–,–,–,–,–,–,–,–,–,–,–,–,–,–,–,–,–,–,–,–,–,–,–,–,–,–,–,–,–,–,10,8.95,–,31.5,25.6,–,12,11,0.375,0.349,–,78.3,–,–,–,–,–,–,–,–,–,–,–,–,–,–,–,–,–,–,–,–,–,–,–,–,–,–,–,–,–,–
14th,–,HSS,HSS12X10X5/16,–,–,–,–,–,–,12.2,–,–,–,–,–,–,–,–,44.6,–,–,–,–,–,264,51.7,44,4.64,–,–,200,45.7,40,4.04,–,–,–,–,–,–,–,–,–,–,–,–,–,–,–,–,–,–,–,356,–,–,–,–,–,–,–,–,–,–,–,–,–,–,–,–,–,–,–,–,–,–,–,–,–,–,–,–,–,–,–,–,–,–,–,–,–,–,–,–,–,10,9.13,–,38.1,31.4,–,12,11.1,0.3125,0.291,–,66.1,–,–,–,–,–,–,–,–,–,–,–,–,–,–,–,–,–,–,–,–,–,–,–,–,–,–,–,–,–,–
14th,–,HSS,HSS12X10X1/4,–,–,–,–,–,–,9.9,–,–,–,–,–,–,–,–,36.03,–,–,–,–,–,216,42.1,36,4.67,–,–,164,37.2,32.7,4.07,–,–,–,–,–,–,–,–,–,–,–,–,–,–,–,–,–,–,–,289,–,–,–,–,–,–,–,–,–,–,–,–,–,–,–,–,–,–,–,–,–,–,–,–,–,–,–,–,–,–,–,–,–,–,–,–,–,–,–,–,–,10,9.3,–,48.5,39.9,–,12,11.3,0.25,0.233,–,53.5,–,–,–,–,–,–,–,–,–,–,–,–,–,–,–,–,–,–,–,–,–,–,–,–,–,–,–,–,–,–
14th,–,HSS,HSS12X8X5/8,–,–,–,–,–,–,21,–,–,–,–,–,–,–,–,76.33,–,–,–,–,–,397,82.1,66.1,4.34,–,–,210,61.9,52.5,3.16,–,–,–,–,–,–,–,–,–,–,–,–,–,–,–,–,–,–,–,454,–,–,–,–,–,–,–,–,–,–,–,–,–,–,–,–,–,–,–,–,–,–,–,–,–,–,–,–,–,–,–,–,–,–,–,–,–,–,–,–,–,8,6.26,–,17.7,10.8,–,12,10.3,0.625,0.581,–,97.7,–,–,–,–,–,–,–,–,–,–,–,–,–,–,–,–,–,–,–,–,–,–,–,–,–,–,–,–,–,–
14th,–,HSS,HSS12X8X1/2,–,–,–,–,–,–,17.2,–,–,–,–,–,–,–,–,62.46,–,–,–,–,–,333,68.1,55.6,4.41,–,–,178,51.5,44.4,3.21,–,–,–,–,–,–,–,–,–,–,–,–,–,–,–,–,–,–,–,377,–,–,–,–,–,–,–,–,–,–,–,–,–,–,–,–,–,–,–,–,–,–,–,–,–,–,–,–,–,–,–,–,–,–,–,–,–,–,–,–,–,8,6.6,–,22.8,14.2,–,12,10.6,0.5,0.465,–,80.4,–,–,–,–,–,–,–,–,–,–,–,–,–,–,–,–,–,–,–,–,–,–,–,–,–,–,–,–,–,–
14th,–,HSS,HSS12X8X3/8,–,–,–,–,–,–,13.2,–,–,–,–,–,–,–,–,47.9,–,–,–,–,–,262,53,43.7,4.47,–,–,140,40.1,35.1,3.27,–,–,–,–,–,–,–,–,–,–,–,–,–,–,–,–,–,–,–,293,–,–,–,–,–,–,–,–,–,–,–,–,–,–,–,–,–,–,–,–,–,–,–,–,–,–,–,–,–,–,–,–,–,–,–,–,–,–,–,–,–,8,6.95,–,31.5,19.9,–,12,11,0.375,0.349,–,62.1,–,–,–,–,–,–,–,–,–,–,–,–,–,–,–,–,–,–,–,–,–,–,–,–,–,–,–,–,–,–
14th,–,HSS,HSS12X8X5/16,–,–,–,–,–,–,11.1,–,–,–,–,–,–,–,–,40.35,–,–,–,–,–,224,44.9,37.4,4.5,–,–,120,34.1,30.1,3.29,–,–,–,–,–,–,–,–,–,–,–,–,–,–,–,–,–,–,–,248,–,–,–,–,–,–,–,–,–,–,–,–,–,–,–,–,–,–,–,–,–,–,–,–,–,–,–,–,–,–,–,–,–,–,–,–,–,–,–,–,–,8,7.13,–,38.1,24.5,–,12,11.1,0.3125,0.291,–,52.4,–,–,–,–,–,–,–,–,–,–,–,–,–,–,–,–,–,–,–,–,–,–,–,–,–,–,–,–,–,–
14th,–,HSS,HSS12X8X1/4,–,–,–,–,–,–,8.96,–,–,–,–,–,–,–,–,32.63,–,–,–,–,–,184,36.6,30.6,4.53,–,–,98.8,27.8,24.7,3.32,–,–,–,–,–,–,–,–,–,–,–,–,–,–,–,–,–,–,–,202,–,–,–,–,–,–,–,–,–,–,–,–,–,–,–,–,–,–,–,–,–,–,–,–,–,–,–,–,–,–,–,–,–,–,–,–,–,–,–,–,–,8,7.3,–,48.5,31.3,–,12,11.3,0.25,0.233,–,42.5,–,–,–,–,–,–,–,–,–,–,–,–,–,–,–,–,–,–,–,–,–,–,–,–,–,–,–,–,–,–
14th,–,HSS,HSS12X8X3/16,–,–,–,–,–,–,6.76,–,–,–,–,–,–,–,–,24.73,–,–,–,–,–,140,27.8,23.4,4.56,–,–,75.7,21.1,18.9,3.35,–,–,–,–,–,–,–,–,–,–,–,–,–,–,–,–,–,–,–,153,–,–,–,–,–,–,–,–,–,–,–,–,–,–,–,–,–,–,–,–,–,–,–,–,–,–,–,–,–,–,–,–,–,–,–,–,–,–,–,–,–,8,7.48,–,66.1,43,–,12,11.5,0.1875,0.174,–,32.2,–,–,–,–,–,–,–,–,–,–,–,–,–,–,–,–,–,–,–,–,–,–,–,–,–,–,–,–,–,–
14th,–,HSS,HSS12X6X5/8,–,–,–,–,–,–,18.7,–,–,–,–,–,–,–,–,67.82,–,–,–,–,–,321,68.8,53.4,4.14,–,–,107,42.1,35.5,2.39,–,–,–,–,–,–,–,–,–,–,–,–,–,–,–,–,–,–,–,271,–,–,–,–,–,–,–,–,–,–,–,–,–,–,–,–,–,–,–,–,–,–,–,–,–,–,–,–,–,–,–,–,–,–,–,–,–,–,–,–,–,6,4.26,–,17.7,7.33,–,12,10.3,0.625,0.581,–,71.1,–,–,–,–,–,–,–,–,–,–,–,–,–,–,–,–,–,–,–,–,–,–,–,–,–,–,–,–,–,–
14th,–,HSS,HSS12X6X1/2,–,–,–,–,–,–,15.3,–,–,–,–,–,–,–,–,55.66,–,–,–,–,–,271,57.4,45.2,4.21,–,–,91.1,35.2,30.4,2.44,–,–,–,–,–,–,–,–,–,–,–,–,–,–,–,–,–,–,–,227,–,–,–,–,–,–,–,–,–,–,–,–,–,–,–,–,–,–,–,–,–,–,–,–,–,–,–,–,–,–,–,–,–,–,–,–,–,–,–,–,–,6,4.61,–,22.8,9.91,–,12,10.6,0.5,0.465,–,59,–,–,–,–,–,–,–,–,–,–,–,–,–,–,–,–,–,–,–,–,–,–,–,–,–,–,–,–,–,–
14th,–,HSS,HSS12X6X3/8,–,–,–,–,–,–,11.8,–,–,–,–,–,–,–,–,42.79,–,–,–,–,–,215,44.8,35.9,4.28,–,–,72.9,27.7,24.3,2.49,–,–,–,–,–,–,–,–,–,–,–,–,–,–,–,–,–,–,–,178,–,–,–,–,–,–,–,–,–,–,–,–,–,–,–,–,–,–,–,–,–,–,–,–,–,–,–,–,–,–,–,–,–,–,–,–,–,–,–,–,–,6,4.95,–,31.5,14.2,–,12,11,0.375,0.349,–,45.8,–,–,–,–,–,–,–,–,–,–,–,–,–,–,–,–,–,–,–,–,–,–,–,–,–,–,–,–,–,–
14th,–,HSS,HSS12X6X5/16,–,–,–,–,–,–,9.92,–,–,–,–,–,–,–,–,36.1,–,–,–,–,–,184,38.1,30.7,4.31,–,–,62.8,23.6,20.9,2.52,–,–,–,–,–,–,–,–,–,–,–,–,–,–,–,–,–,–,–,152,–,–,–,–,–,–,–,–,–,–,–,–,–,–,–,–,–,–,–,–,–,–,–,–,–,–,–,–,–,–,–,–,–,–,–,–,–,–,–,–,–,6,5.13,–,38.1,17.6,–,12,11.1,0.3125,0.291,–,38.8,–,–,–,–,–,–,–,–,–,–,–,–,–,–,–,–,–,–,–,–,–,–,–,–,–,–,–,–,–,–
14th,–,HSS,HSS12X6X1/4,–,–,–,–,–,–,8.03,–,–,–,–,–,–,–,–,29.23,–,–,–,–,–,151,31.1,25.2,4.34,–,–,51.9,19.3,17.3,2.54,–,–,–,–,–,–,–,–,–,–,–,–,–,–,–,–,–,–,–,124,–,–,–,–,–,–,–,–,–,–,–,–,–,–,–,–,–,–,–,–,–,–,–,–,–,–,–,–,–,–,–,–,–,–,–,–,–,–,–,–,–,6,5.3,–,48.5,22.7,–,12,11.3,0.25,0.233,–,31.6,–,–,–,–,–,–,–,–,–,–,–,–,–,–,–,–,–,–,–,–,–,–,–,–,–,–,–,–,–,–
14th,–,HSS,HSS12X6X3/16,–,–,–,–,–,–,6.06,–,–,–,–,–,–,–,–,22.18,–,–,–,–,–,116,23.7,19.4,4.38,–,–,40,14.7,13.3,2.57,–,–,–,–,–,–,–,–,–,–,–,–,–,–,–,–,–,–,–,94.6,–,–,–,–,–,–,–,–,–,–,–,–,–,–,–,–,–,–,–,–,–,–,–,–,–,–,–,–,–,–,–,–,–,–,–,–,–,–,–,–,–,6,5.48,–,66.1,31.5,–,12,11.5,0.1875,0.174,–,24,–,–,–,–,–,–,–,–,–,–,–,–,–,–,–,–,–,–,–,–,–,–,–,–,–,–,–,–,–,–
14th,–,HSS,HSS12X4X5/8,–,–,–,–,–,–,16.4,–,–,–,–,–,–,–,–,59.32,–,–,–,–,–,245,55.5,40.8,3.87,–,–,40.4,24.5,20.2,1.57,–,–,–,–,–,–,–,–,–,–,–,–,–,–,–,–,–,–,–,122,–,–,–,–,–,–,–,–,–,–,–,–,–,–,–,–,–,–,–,–,–,–,–,–,–,–,–,–,–,–,–,–,–,–,–,–,–,–,–,–,–,4,2.26,–,17.7,3.89,–,12,10.3,0.625,0.581,–,44.6,–,–,–,–,–,–,–,–,–,–,–,–,–,–,–,–,–,–,–,–,–,–,–,–,–,–,–,–,–,–
14th,–,HSS,HSS12X4X1/2,–,–,–,–,–,–,13.5,–,–,–,–,–,–,–,–,48.85,–,–,–,–,–,210,46.7,34.9,3.95,–,–,35.3,20.9,17.7,1.62,–,–,–,–,–,–,–,–,–,–,–,–,–,–,–,–,–,–,–,105,–,–,–,–,–,–,–,–,–,–,–,–,–,–,–,–,–,–,–,–,–,–,–,–,–,–,–,–,–,–,–,–,–,–,–,–,–,–,–,–,–,4,2.6,–,22.8,5.59,–,12,10.6,0.5,0.465,–,37.5,–,–,–,–,–,–,–,–,–,–,–,–,–,–,–,–,–,–,–,–,–,–,–,–,–,–,–,–,–,–
14th,–,HSS,HSS12X4X3/8,–,–,–,–,–,–,10.4,–,–,–,–,–,–,–,–,37.69,–,–,–,–,–,168,36.7,28,4.02,–,–,28.9,16.6,14.5,1.67,–,–,–,–,–,–,–,–,–,–,–,–,–,–,–,–,–,–,–,84.1,–,–,–,–,–,–,–,–,–,–,–,–,–,–,–,–,–,–,–,–,–,–,–,–,–,–,–,–,–,–,–,–,–,–,–,–,–,–,–,–,–,4,2.95,–,31.5,8.45,–,12,11,0.375,0.349,–,29.5,–,–,–,–,–,–,–,–,–,–,–,–,–,–,–,–,–,–,–,–,–,–,–,–,–,–,–,–,–,–
14th,–,HSS,HSS12X4X5/16,–,–,–,–,–,–,8.76,–,–,–,–,–,–,–,–,31.84,–,–,–,–,–,144,31.3,24.1,4.06,–,–,25.2,14.2,12.6,1.7,–,–,–,–,–,–,–,–,–,–,–,–,–,–,–,–,–,–,–,72.4,–,–,–,–,–,–,–,–,–,–,–,–,–,–,–,–,–,–,–,–,–,–,–,–,–,–,–,–,–,–,–,–,–,–,–,–,–,–,–,–,–,4,3.13,–,38.1,10.8,–,12,11.1,0.3125,0.291,–,25.2,–,–,–,–,–,–,–,–,–,–,–,–,–,–,–,–,–,–,–,–,–,–,–,–,–,–,–,–,–,–
14th,–,HSS,HSS12X4X1/4,–,–,–,–,–,–,7.1,–,–,–,–,–,–,–,–,25.82,–,–,–,–,–,119,25.6,19.9,4.1,–,–,21,11.7,10.5,1.72,–,–,–,–,–,–,–,–,–,–,–,–,–,–,–,–,–,–,–,59.8,–,–,–,–,–,–,–,–,–,–,–,–,–,–,–,–,–,–,–,–,–,–,–,–,–,–,–,–,–,–,–,–,–,–,–,–,–,–,–,–,–,4,3.3,–,48.5,14.2,–,12,11.3,0.25,0.233,–,20.6,–,–,–,–,–,–,–,–,–,–,–,–,–,–,–,–,–,–,–,–,–,–,–,–,–,–,–,–,–,–
14th,–,HSS,HSS12X4X3/16,–,–,–,–,–,–,5.37,–,–,–,–,–,–,–,–,19.63,–,–,–,–,–,91.8,19.6,15.3,4.13,–,–,16.4,9,8.2,1.75,–,–,–,–,–,–,–,–,–,–,–,–,–,–,–,–,–,–,–,46.1,–,–,–,–,–,–,–,–,–,–,–,–,–,–,–,–,–,–,–,–,–,–,–,–,–,–,–,–,–,–,–,–,–,–,–,–,–,–,–,–,–,4,3.48,–,66.1,20,–,12,11.5,0.1875,0.174,–,15.7,–,–,–,–,–,–,–,–,–,–,–,–,–,–,–,–,–,–,–,–,–,–,–,–,–,–,–,–,–,–
14th,–,HSS,HSS12X3-1/2X3/8,–,–,–,–,–,–,10,–,–,–,–,–,–,–,–,36.41,–,–,–,–,–,156,34.7,26,3.94,–,–,21.3,14,12.2,1.46,–,–,–,–,–,–,–,–,–,–,–,–,–,–,–,–,–,–,–,64.7,–,–,–,–,–,–,–,–,–,–,–,–,–,–,–,–,–,–,–,–,–,–,–,–,–,–,–,–,–,–,–,–,–,–,–,–,–,–,–,–,–,3.5,2.45,–,31.5,7.02,–,12,11,0.375,0.349,–,25.5,–,–,–,–,–,–,–,–,–,–,–,–,–,–,–,–,–,–,–,–,–,–,–,–,–,–,–,–,–,–
14th,–,HSS,HSS12X3-1/2X5/16,–,–,–,–,–,–,8.46,–,–,–,–,–,–,–,–,30.78,–,–,–,–,–,134,29.6,22.4,3.98,–,–,18.6,12.1,10.6,1.48,–,–,–,–,–,–,–,–,–,–,–,–,–,–,–,–,–,–,–,56,–,–,–,–,–,–,–,–,–,–,–,–,–,–,–,–,–,–,–,–,–,–,–,–,–,–,–,–,–,–,–,–,–,–,–,–,–,–,–,–,–,3.5,2.63,–,38.1,9.04,–,12,11.1,0.3125,0.291,–,21.8,–,–,–,–,–,–,–,–,–,–,–,–,–,–,–,–,–,–,–,–,–,–,–,–,–,–,–,–,–,–
14th,–,HSS,HSS12X3X5/16,–,–,–,–,–,–,8.17,–,–,–,–,–,–,–,–,29.72,–,–,–,–,–,124,27.9,20.7,3.9,–,–,13.1,10,8.73,1.27,–,–,–,–,–,–,–,–,–,–,–,–,–,–,–,–,–,–,–,41.3,–,–,–,–,–,–,–,–,–,–,–,–,–,–,–,–,–,–,–,–,–,–,–,–,–,–,–,–,–,–,–,–,–,–,–,–,–,–,–,–,–,3,2.13,–,38.1,7.32,–,12,11.1,0.3125,0.291,–,18.4,–,–,–,–,–,–,–,–,–,–,–,–,–,–,–,–,–,–,–,–,–,–,–,–,–,–,–,–,–,–
14th,–,HSS,HSS12X3X1/4,–,–,–,–,–,–,6.63,–,–,–,–,–,–,–,–,24.12,–,–,–,–,–,103,22.9,17.2,3.94,–,–,11.1,8.28,7.38,1.29,–,–,–,–,–,–,–,–,–,–,–,–,–,–,–,–,–,–,–,34.5,–,–,–,–,–,–,–,–,–,–,–,–,–,–,–,–,–,–,–,–,–,–,–,–,–,–,–,–,–,–,–,–,–,–,–,–,–,–,–,–,–,3,2.3,–,48.5,9.87,–,12,11.3,0.25,0.233,–,15.1,–,–,–,–,–,–,–,–,–,–,–,–,–,–,–,–,–,–,–,–,–,–,–,–,–,–,–,–,–,–
14th,–,HSS,HSS12X3X3/16,–,–,–,–,–,–,5.02,–,–,–,–,–,–,–,–,18.35,–,–,–,–,–,79.6,17.5,13.3,3.98,–,–,8.72,6.4,5.81,1.32,–,–,–,–,–,–,–,–,–,–,–,–,–,–,–,–,–,–,–,26.8,–,–,–,–,–,–,–,–,–,–,–,–,–,–,–,–,–,–,–,–,–,–,–,–,–,–,–,–,–,–,–,–,–,–,–,–,–,–,–,–,–,3,2.48,–,66.1,14.3,–,12,11.5,0.1875,0.174,–,11.6,–,–,–,–,–,–,–,–,–,–,–,–,–,–,–,–,–,–,–,–,–,–,–,–,–,–,–,–,–,–
14th,–,HSS,HSS12X2X5/16,–,–,–,–,–,–,7.59,–,–,–,–,–,–,–,–,27.59,–,–,–,–,–,104,24.5,17.4,3.71,–,–,5.1,6.05,5.1,0.82,–,–,–,–,–,–,–,–,–,–,–,–,–,–,–,–,–,–,–,17.6,–,–,–,–,–,–,–,–,–,–,–,–,–,–,–,–,–,–,–,–,–,–,–,–,–,–,–,–,–,–,–,–,–,–,–,–,–,–,–,–,–,2,1.13,–,38.1,3.88,–,12,11.1,0.3125,0.291,–,11.6,–,–,–,–,–,–,–,–,–,–,–,–,–,–,–,–,–,–,–,–,–,–,–,–,–,–,–,–,–,–
14th,–,HSS,HSS12X2X1/4,–,–,–,–,–,–,6.17,–,–,–,–,–,–,–,–,22.42,–,–,–,–,–,86.9,20.1,14.5,3.75,–,–,4.41,5.08,4.41,0.845,–,–,–,–,–,–,–,–,–,–,–,–,–,–,–,–,–,–,–,15.1,–,–,–,–,–,–,–,–,–,–,–,–,–,–,–,–,–,–,–,–,–,–,–,–,–,–,–,–,–,–,–,–,–,–,–,–,–,–,–,–,–,2,1.3,–,48.5,5.58,–,12,11.3,0.25,0.233,–,9.64,–,–,–,–,–,–,–,–,–,–,–,–,–,–,–,–,–,–,–,–,–,–,–,–,–,–,–,–,–,–
14th,–,HSS,HSS12X2X3/16,–,–,–,–,–,–,4.67,–,–,–,–,–,–,–,–,17.08,–,–,–,–,–,67.4,15.5,11.2,3.8,–,–,3.55,3.97,3.55,0.872,–,–,–,–,–,–,–,–,–,–,–,–,–,–,–,–,–,–,–,12,–,–,–,–,–,–,–,–,–,–,–,–,–,–,–,–,–,–,–,–,–,–,–,–,–,–,–,–,–,–,–,–,–,–,–,–,–,–,–,–,–,2,1.48,–,66.1,8.51,–,12,11.5,0.1875,0.174,–,7.49,–,–,–,–,–,–,–,–,–,–,–,–,–,–,–,–,–,–,–,–,–,–,–,–,–,–,–,–,–,–
14th,–,HSS,HSS10X10X5/8,–,–,–,–,–,–,21,–,–,–,–,–,–,–,–,76.33,–,–,–,–,–,304,73.2,60.8,3.8,–,–,304,73.2,60.8,3.8,–,–,–,–,–,–,–,–,–,–,–,–,–,–,–,–,–,–,–,498,–,–,–,–,–,–,–,–,–,–,–,–,–,–,–,–,–,–,–,–,–,–,–,–,–,–,–,–,–,–,–,–,–,–,–,–,–,–,–,–,–,10,8.26,–,14.2,14.2,–,10,8.26,0.625,0.581,–,102,–,–,–,–,–,–,–,–,–,–,–,–,–,–,–,–,–,–,–,–,–,–,–,–,–,–,–,–,–,–
14th,–,HSS,HSS10X10X1/2,–,–,–,–,–,–,17.2,–,–,–,–,–,–,–,–,62.46,–,–,–,–,–,256,60.7,51.2,3.86,–,–,256,60.7,51.2,3.86,–,–,–,–,–,–,–,–,–,–,–,–,–,–,–,–,–,–,–,412,–,–,–,–,–,–,–,–,–,–,–,–,–,–,–,–,–,–,–,–,–,–,–,–,–,–,–,–,–,–,–,–,–,–,–,–,–,–,–,–,–,10,8.6,–,18.5,18.5,–,10,8.6,0.5,0.465,–,84.2,–,–,–,–,–,–,–,–,–,–,–,–,–,–,–,–,–,–,–,–,–,–,–,–,–,–,–,–,–,–
14th,–,HSS,HSS10X10X3/8,–,–,–,–,–,–,13.2,–,–,–,–,–,–,–,–,47.9,–,–,–,–,–,202,47.2,40.4,3.92,–,–,202,47.2,40.4,3.92,–,–,–,–,–,–,–,–,–,–,–,–,–,–,–,–,–,–,–,320,–,–,–,–,–,–,–,–,–,–,–,–,–,–,–,–,–,–,–,–,–,–,–,–,–,–,–,–,–,–,–,–,–,–,–,–,–,–,–,–,–,10,8.95,–,25.6,25.6,–,10,8.95,0.375,0.349,–,64.8,–,–,–,–,–,–,–,–,–,–,–,–,–,–,–,–,–,–,–,–,–,–,–,–,–,–,–,–,–,–
14th,–,HSS,HSS10X10X5/16,–,–,–,–,–,–,11.1,–,–,–,–,–,–,–,–,40.35,–,–,–,–,–,172,40.1,34.5,3.94,–,–,172,40.1,34.5,3.94,–,–,–,–,–,–,–,–,–,–,–,–,–,–,–,–,–,–,–,271,–,–,–,–,–,–,–,–,–,–,–,–,–,–,–,–,–,–,–,–,–,–,–,–,–,–,–,–,–,–,–,–,–,–,–,–,–,–,–,–,–,10,9.13,–,31.4,31.4,–,10,9.13,0.3125,0.291,–,54.8,–,–,–,–,–,–,–,–,–,–,–,–,–,–,–,–,–,–,–,–,–,–,–,–,–,–,–,–,–,–
14th,–,HSS,HSS10X10X1/4,–,–,–,–,–,–,8.96,–,–,–,–,–,–,–,–,32.63,–,–,–,–,–,141,32.7,28.3,3.97,–,–,141,32.7,28.3,3.97,–,–,–,–,–,–,–,–,–,–,–,–,–,–,–,–,–,–,–,220,–,–,–,–,–,–,–,–,–,–,–,–,–,–,–,–,–,–,–,–,–,–,–,–,–,–,–,–,–,–,–,–,–,–,–,–,–,–,–,–,–,10,9.3,–,39.9,39.9,–,10,9.3,0.25,0.233,–,44.4,–,–,–,–,–,–,–,–,–,–,–,–,–,–,–,–,–,–,–,–,–,–,–,–,–,–,–,–,–,–
14th,–,HSS,HSS10X10X3/16,–,–,–,–,–,–,6.76,–,–,–,–,–,–,–,–,24.73,–,–,–,–,–,108,24.8,21.6,4,–,–,108,24.8,21.6,4,–,–,–,–,–,–,–,–,–,–,–,–,–,–,–,–,–,–,–,167,–,–,–,–,–,–,–,–,–,–,–,–,–,–,–,–,–,–,–,–,–,–,–,–,–,–,–,–,–,–,–,–,–,–,–,–,–,–,–,–,–,10,9.48,–,54.5,54.5,–,10,9.48,0.1875,0.174,–,33.6,–,–,–,–,–,–,–,–,–,–,–,–,–,–,–,–,–,–,–,–,–,–,–,–,–,–,–,–,–,–
14th,–,HSS,HSS10X8X5/8,–,–,–,–,–,–,18.7,–,–,–,–,–,–,–,–,67.82,–,–,–,–,–,253,62.2,50.5,3.68,–,–,178,53.3,44.5,3.09,–,–,–,–,–,–,–,–,–,–,–,–,–,–,–,–,–,–,–,346,–,–,–,–,–,–,–,–,–,–,–,–,–,–,–,–,–,–,–,–,–,–,–,–,–,–,–,–,–,–,–,–,–,–,–,–,–,–,–,–,–,8,6.26,–,14.2,10.8,–,10,8.26,0.625,0.581,–,80.4,–,–,–,–,–,–,–,–,–,–,–,–,–,–,–,–,–,–,–,–,–,–,–,–,–,–,–,–,–,–
14th,–,HSS,HSS10X8X1/2,–,–,–,–,–,–,15.3,–,–,–,–,–,–,–,–,55.66,–,–,–,–,–,214,51.9,42.7,3.73,–,–,151,44.5,37.8,3.14,–,–,–,–,–,–,–,–,–,–,–,–,–,–,–,–,–,–,–,288,–,–,–,–,–,–,–,–,–,–,–,–,–,–,–,–,–,–,–,–,–,–,–,–,–,–,–,–,–,–,–,–,–,–,–,–,–,–,–,–,–,8,6.6,–,18.5,14.2,–,10,8.6,0.5,0.465,–,66.4,–,–,–,–,–,–,–,–,–,–,–,–,–,–,–,–,–,–,–,–,–,–,–,–,–,–,–,–,–,–
14th,–,HSS,HSS10X8X3/8,–,–,–,–,–,–,11.8,–,–,–,–,–,–,–,–,42.79,–,–,–,–,–,169,40.5,33.9,3.79,–,–,120,34.8,30,3.19,–,–,–,–,–,–,–,–,–,–,–,–,–,–,–,–,–,–,–,224,–,–,–,–,–,–,–,–,–,–,–,–,–,–,–,–,–,–,–,–,–,–,–,–,–,–,–,–,–,–,–,–,–,–,–,–,–,–,–,–,–,8,6.95,–,25.6,19.9,–,10,8.95,0.375,0.349,–,51.4,–,–,–,–,–,–,–,–,–,–,–,–,–,–,–,–,–,–,–,–,–,–,–,–,–,–,–,–,–,–
14th,–,HSS,HSS10X8X5/16,–,–,–,–,–,–,9.92,–,–,–,–,–,–,–,–,36.1,–,–,–,–,–,145,34.4,29,3.82,–,–,103,29.6,25.7,3.22,–,–,–,–,–,–,–,–,–,–,–,–,–,–,–,–,–,–,–,190,–,–,–,–,–,–,–,–,–,–,–,–,–,–,–,–,–,–,–,–,–,–,–,–,–,–,–,–,–,–,–,–,–,–,–,–,–,–,–,–,–,8,7.13,–,31.4,24.5,–,10,9.13,0.3125,0.291,–,43.5,–,–,–,–,–,–,–,–,–,–,–,–,–,–,–,–,–,–,–,–,–,–,–,–,–,–,–,–,–,–
14th,–,HSS,HSS10X8X1/4,–,–,–,–,–,–,8.03,–,–,–,–,–,–,–,–,29.23,–,–,–,–,–,119,28.1,23.8,3.85,–,–,84.7,24.2,21.2,3.25,–,–,–,–,–,–,–,–,–,–,–,–,–,–,–,–,–,–,–,155,–,–,–,–,–,–,–,–,–,–,–,–,–,–,–,–,–,–,–,–,–,–,–,–,–,–,–,–,–,–,–,–,–,–,–,–,–,–,–,–,–,8,7.3,–,39.9,31.3,–,10,9.3,0.25,0.233,–,35.3,–,–,–,–,–,–,–,–,–,–,–,–,–,–,–,–,–,–,–,–,–,–,–,–,–,–,–,–,–,–
14th,–,HSS,HSS10X8X3/16,–,–,–,–,–,–,6.06,–,–,–,–,–,–,–,–,22.18,–,–,–,–,–,91.4,21.4,18.3,3.88,–,–,65.1,18.4,16.3,3.28,–,–,–,–,–,–,–,–,–,–,–,–,–,–,–,–,–,–,–,118,–,–,–,–,–,–,–,–,–,–,–,–,–,–,–,–,–,–,–,–,–,–,–,–,–,–,–,–,–,–,–,–,–,–,–,–,–,–,–,–,–,8,7.48,–,54.5,43,–,10,9.48,0.1875,0.174,–,26.7,–,–,–,–,–,–,–,–,–,–,–,–,–,–,–,–,–,–,–,–,–,–,–,–,–,–,–,–,–,–
14th,–,HSS,HSS10X6X5/8,–,–,–,–,–,–,16.4,–,–,–,–,–,–,–,–,59.32,–,–,–,–,–,201,51.3,40.2,3.5,–,–,89.4,35.8,29.8,2.34,–,–,–,–,–,–,–,–,–,–,–,–,–,–,–,–,–,–,–,209,–,–,–,–,–,–,–,–,–,–,–,–,–,–,–,–,–,–,–,–,–,–,–,–,–,–,–,–,–,–,–,–,–,–,–,–,–,–,–,–,–,6,4.26,–,14.2,7.33,–,10,8.26,0.625,0.581,–,58.6,–,–,–,–,–,–,–,–,–,–,–,–,–,–,–,–,–,–,–,–,–,–,–,–,–,–,–,–,–,–
14th,–,HSS,HSS10X6X1/2,–,–,–,–,–,–,13.5,–,–,–,–,–,–,–,–,48.85,–,–,–,–,–,171,43,34.3,3.57,–,–,76.8,30.1,25.6,2.39,–,–,–,–,–,–,–,–,–,–,–,–,–,–,–,–,–,–,–,176,–,–,–,–,–,–,–,–,–,–,–,–,–,–,–,–,–,–,–,–,–,–,–,–,–,–,–,–,–,–,–,–,–,–,–,–,–,–,–,–,–,6,4.61,–,18.5,9.91,–,10,8.6,0.5,0.465,–,48.7,–,–,–,–,–,–,–,–,–,–,–,–,–,–,–,–,–,–,–,–,–,–,–,–,–,–,–,–,–,–
14th,–,HSS,HSS10X6X3/8,–,–,–,–,–,–,10.4,–,–,–,–,–,–,–,–,37.69,–,–,–,–,–,137,33.8,27.4,3.63,–,–,61.8,23.7,20.6,2.44,–,–,–,–,–,–,–,–,–,–,–,–,–,–,–,–,–,–,–,139,–,–,–,–,–,–,–,–,–,–,–,–,–,–,–,–,–,–,–,–,–,–,–,–,–,–,–,–,–,–,–,–,–,–,–,–,–,–,–,–,–,6,4.95,–,25.6,14.2,–,10,8.95,0.375,0.349,–,37.9,–,–,–,–,–,–,–,–,–,–,–,–,–,–,–,–,–,–,–,–,–,–,–,–,–,–,–,–,–,–
14th,–,HSS,HSS10X6X5/16,–,–,–,–,–,–,8.76,–,–,–,–,–,–,–,–,31.84,–,–,–,–,–,118,28.8,23.5,3.66,–,–,53.3,20.2,17.8,2.47,–,–,–,–,–,–,–,–,–,–,–,–,–,–,–,–,–,–,–,118,–,–,–,–,–,–,–,–,–,–,–,–,–,–,–,–,–,–,–,–,–,–,–,–,–,–,–,–,–,–,–,–,–,–,–,–,–,–,–,–,–,6,5.13,–,31.4,17.6,–,10,9.13,0.3125,0.291,–,32.2,–,–,–,–,–,–,–,–,–,–,–,–,–,–,–,–,–,–,–,–,–,–,–,–,–,–,–,–,–,–
14th,–,HSS,HSS10X6X1/4,–,–,–,–,–,–,7.1,–,–,–,–,–,–,–,–,25.82,–,–,–,–,–,96.9,23.6,19.4,3.69,–,–,44.1,16.6,14.7,2.49,–,–,–,–,–,–,–,–,–,–,–,–,–,–,–,–,–,–,–,96.7,–,–,–,–,–,–,–,–,–,–,–,–,–,–,–,–,–,–,–,–,–,–,–,–,–,–,–,–,–,–,–,–,–,–,–,–,–,–,–,–,–,6,5.3,–,39.9,22.7,–,10,9.3,0.25,0.233,–,26.2,–,–,–,–,–,–,–,–,–,–,–,–,–,–,–,–,–,–,–,–,–,–,–,–,–,–,–,–,–,–
14th,–,HSS,HSS10X6X3/16,–,–,–,–,–,–,5.37,–,–,–,–,–,–,–,–,19.63,–,–,–,–,–,74.6,18,14.9,3.73,–,–,34.1,12.7,11.4,2.52,–,–,–,–,–,–,–,–,–,–,–,–,–,–,–,–,–,–,–,73.8,–,–,–,–,–,–,–,–,–,–,–,–,–,–,–,–,–,–,–,–,–,–,–,–,–,–,–,–,–,–,–,–,–,–,–,–,–,–,–,–,–,6,5.48,–,54.5,31.5,–,10,9.48,0.1875,0.174,–,19.9,–,–,–,–,–,–,–,–,–,–,–,–,–,–,–,–,–,–,–,–,–,–,–,–,–,–,–,–,–,–
14th,–,HSS,HSS10X5X3/8,–,–,–,–,–,–,9.67,–,–,–,–,–,–,–,–,35.13,–,–,–,–,–,120,30.4,24.1,3.53,–,–,40.6,18.7,16.2,2.05,–,–,–,–,–,–,–,–,–,–,–,–,–,–,–,–,–,–,–,100,–,–,–,–,–,–,–,–,–,–,–,–,–,–,–,–,–,–,–,–,–,–,–,–,–,–,–,–,–,–,–,–,–,–,–,–,–,–,–,–,–,5,3.95,–,25.6,11.3,–,10,8.95,0.375,0.349,–,31.2,–,–,–,–,–,–,–,–,–,–,–,–,–,–,–,–,–,–,–,–,–,–,–,–,–,–,–,–,–,–
14th,–,HSS,HSS10X5X5/16,–,–,–,–,–,–,8.17,–,–,–,–,–,–,–,–,29.72,–,–,–,–,–,104,26,20.8,3.56,–,–,35.2,16,14.1,2.07,–,–,–,–,–,–,–,–,–,–,–,–,–,–,–,–,–,–,–,86,–,–,–,–,–,–,–,–,–,–,–,–,–,–,–,–,–,–,–,–,–,–,–,–,–,–,–,–,–,–,–,–,–,–,–,–,–,–,–,–,–,5,4.13,–,31.4,14.2,–,10,9.13,0.3125,0.291,–,26.5,–,–,–,–,–,–,–,–,–,–,–,–,–,–,–,–,–,–,–,–,–,–,–,–,–,–,–,–,–,–
14th,–,HSS,HSS10X5X1/4,–,–,–,–,–,–,6.63,–,–,–,–,–,–,–,–,24.12,–,–,–,–,–,85.8,21.3,17.2,3.6,–,–,29.3,13.2,11.7,2.1,–,–,–,–,–,–,–,–,–,–,–,–,–,–,–,–,–,–,–,70.7,–,–,–,–,–,–,–,–,–,–,–,–,–,–,–,–,–,–,–,–,–,–,–,–,–,–,–,–,–,–,–,–,–,–,–,–,–,–,–,–,–,5,4.3,–,39.9,18.5,–,10,9.3,0.25,0.233,–,21.6,–,–,–,–,–,–,–,–,–,–,–,–,–,–,–,–,–,–,–,–,–,–,–,–,–,–,–,–,–,–
14th,–,HSS,HSS10X5X3/16,–,–,–,–,–,–,5.02,–,–,–,–,–,–,–,–,18.35,–,–,–,–,–,66.2,16.3,13.2,3.63,–,–,22.7,10.1,9.09,2.13,–,–,–,–,–,–,–,–,–,–,–,–,–,–,–,–,–,–,–,54.1,–,–,–,–,–,–,–,–,–,–,–,–,–,–,–,–,–,–,–,–,–,–,–,–,–,–,–,–,–,–,–,–,–,–,–,–,–,–,–,–,–,5,4.48,–,54.5,25.7,–,10,9.48,0.1875,0.174,–,16.5,–,–,–,–,–,–,–,–,–,–,–,–,–,–,–,–,–,–,–,–,–,–,–,–,–,–,–,–,–,–
14th,–,HSS,HSS10X4X5/8,–,–,–,–,–,–,14,–,–,–,–,–,–,–,–,50.81,–,–,–,–,–,149,40.3,29.9,3.26,–,–,33.5,20.6,16.8,1.54,–,–,–,–,–,–,–,–,–,–,–,–,–,–,–,–,–,–,–,95.7,–,–,–,–,–,–,–,–,–,–,–,–,–,–,–,–,–,–,–,–,–,–,–,–,–,–,–,–,–,–,–,–,–,–,–,–,–,–,–,–,–,4,2.26,–,14.2,3.89,–,10,8.26,0.625,0.581,–,36.7,–,–,–,–,–,–,–,–,–,–,–,–,–,–,–,–,–,–,–,–,–,–,–,–,–,–,–,–,–,–
14th,–,HSS,HSS10X4X1/2,–,–,–,–,–,–,11.6,–,–,–,–,–,–,–,–,42.05,–,–,–,–,–,129,34.1,25.8,3.34,–,–,29.5,17.6,14.7,1.59,–,–,–,–,–,–,–,–,–,–,–,–,–,–,–,–,–,–,–,82.6,–,–,–,–,–,–,–,–,–,–,–,–,–,–,–,–,–,–,–,–,–,–,–,–,–,–,–,–,–,–,–,–,–,–,–,–,–,–,–,–,–,4,2.6,–,18.5,5.59,–,10,8.6,0.5,0.465,–,31,–,–,–,–,–,–,–,–,–,–,–,–,–,–,–,–,–,–,–,–,–,–,–,–,–,–,–,–,–,–
14th,–,HSS,HSS10X4X3/8,–,–,–,–,–,–,8.97,–,–,–,–,–,–,–,–,32.58,–,–,–,–,–,104,27,20.8,3.41,–,–,24.3,14,12.1,1.64,–,–,–,–,–,–,–,–,–,–,–,–,–,–,–,–,–,–,–,66.5,–,–,–,–,–,–,–,–,–,–,–,–,–,–,–,–,–,–,–,–,–,–,–,–,–,–,–,–,–,–,–,–,–,–,–,–,–,–,–,–,–,4,2.95,–,25.6,8.45,–,10,8.95,0.375,0.349,–,24.4,–,–,–,–,–,–,–,–,–,–,–,–,–,–,–,–,–,–,–,–,–,–,–,–,–,–,–,–,–,–
14th,–,HSS,HSS10X4X5/16,–,–,–,–,–,–,7.59,–,–,–,–,–,–,–,–,27.59,–,–,–,–,–,90.1,23.1,18,3.44,–,–,21.2,12.1,10.6,1.67,–,–,–,–,–,–,–,–,–,–,–,–,–,–,–,–,–,–,–,57.3,–,–,–,–,–,–,–,–,–,–,–,–,–,–,–,–,–,–,–,–,–,–,–,–,–,–,–,–,–,–,–,–,–,–,–,–,–,–,–,–,–,4,3.13,–,31.4,10.8,–,10,9.13,0.3125,0.291,–,20.9,–,–,–,–,–,–,–,–,–,–,–,–,–,–,–,–,–,–,–,–,–,–,–,–,–,–,–,–,–,–
14th,–,HSS,HSS10X4X1/4,–,–,–,–,–,–,6.17,–,–,–,–,–,–,–,–,22.42,–,–,–,–,–,74.7,19,14.9,3.48,–,–,17.7,10,8.87,1.7,–,–,–,–,–,–,–,–,–,–,–,–,–,–,–,–,–,–,–,47.4,–,–,–,–,–,–,–,–,–,–,–,–,–,–,–,–,–,–,–,–,–,–,–,–,–,–,–,–,–,–,–,–,–,–,–,–,–,–,–,–,–,4,3.3,–,39.9,14.2,–,10,9.3,0.25,0.233,–,17.1,–,–,–,–,–,–,–,–,–,–,–,–,–,–,–,–,–,–,–,–,–,–,–,–,–,–,–,–,–,–
14th,–,HSS,HSS10X4X3/16,–,–,–,–,–,–,4.67,–,–,–,–,–,–,–,–,17.08,–,–,–,–,–,57.8,14.6,11.6,3.52,–,–,13.9,7.66,6.93,1.72,–,–,–,–,–,–,–,–,–,–,–,–,–,–,–,–,–,–,–,36.5,–,–,–,–,–,–,–,–,–,–,–,–,–,–,–,–,–,–,–,–,–,–,–,–,–,–,–,–,–,–,–,–,–,–,–,–,–,–,–,–,–,4,3.48,–,54.5,20,–,10,9.48,0.1875,0.174,–,13.1,–,–,–,–,–,–,–,–,–,–,–,–,–,–,–,–,–,–,–,–,–,–,–,–,–,–,–,–,–,–
14th,–,HSS,HSS10X4X1/8,–,–,–,–,–,–,3.16,–,–,–,–,–,–,–,–,11.56,–,–,–,–,–,39.8,10,7.97,3.55,–,–,9.65,5.26,4.83,1.75,–,–,–,–,–,–,–,–,–,–,–,–,–,–,–,–,–,–,–,25.1,–,–,–,–,–,–,–,–,–,–,–,–,–,–,–,–,–,–,–,–,–,–,–,–,–,–,–,–,–,–,–,–,–,–,–,–,–,–,–,–,–,4,3.65,–,83.2,31.5,–,10,9.65,0.125,0.116,–,8.9,–,–,–,–,–,–,–,–,–,–,–,–,–,–,–,–,–,–,–,–,–,–,–,–,–,–,–,–,–,–
14th,–,HSS,HSS10X3-1/2X1/2,–,–,–,–,–,–,11.1,–,–,–,–,–,–,–,–,40.34,–,–,–,–,–,118,31.9,23.7,3.26,–,–,21.4,14.7,12.2,1.39,–,–,–,–,–,–,–,–,–,–,–,–,–,–,–,–,–,–,–,63.2,–,–,–,–,–,–,–,–,–,–,–,–,–,–,–,–,–,–,–,–,–,–,–,–,–,–,–,–,–,–,–,–,–,–,–,–,–,–,–,–,–,3.5,2.1,–,18.5,4.52,–,10,8.6,0.5,0.465,–,26.5,–,–,–,–,–,–,–,–,–,–,–,–,–,–,–,–,–,–,–,–,–,–,–,–,–,–,–,–,–,–
14th,–,HSS,HSS10X3-1/2X3/8,–,–,–,–,–,–,8.62,–,–,–,–,–,–,–,–,31.31,–,–,–,–,–,96.1,25.3,19.2,3.34,–,–,17.8,11.8,10.2,1.44,–,–,–,–,–,–,–,–,–,–,–,–,–,–,–,–,–,–,–,51.5,–,–,–,–,–,–,–,–,–,–,–,–,–,–,–,–,–,–,–,–,–,–,–,–,–,–,–,–,–,–,–,–,–,–,–,–,–,–,–,–,–,3.5,2.45,–,25.6,7.02,–,10,8.95,0.375,0.349,–,21.1,–,–,–,–,–,–,–,–,–,–,–,–,–,–,–,–,–,–,–,–,–,–,–,–,–,–,–,–,–,–
14th,–,HSS,HSS10X3-1/2X5/16,–,–,–,–,–,–,7.3,–,–,–,–,–,–,–,–,26.53,–,–,–,–,–,83.2,21.7,16.6,3.38,–,–,15.6,10.2,8.92,1.46,–,–,–,–,–,–,–,–,–,–,–,–,–,–,–,–,–,–,–,44.6,–,–,–,–,–,–,–,–,–,–,–,–,–,–,–,–,–,–,–,–,–,–,–,–,–,–,–,–,–,–,–,–,–,–,–,–,–,–,–,–,–,3.5,2.63,–,31.4,9.04,–,10,9.13,0.3125,0.291,–,18,–,–,–,–,–,–,–,–,–,–,–,–,–,–,–,–,–,–,–,–,–,–,–,–,–,–,–,–,–,–
14th,–,HSS,HSS10X3-1/2X1/4,–,–,–,–,–,–,5.93,–,–,–,–,–,–,–,–,21.57,–,–,–,–,–,69.1,17.9,13.8,3.41,–,–,13.1,8.45,7.51,1.49,–,–,–,–,–,–,–,–,–,–,–,–,–,–,–,–,–,–,–,37,–,–,–,–,–,–,–,–,–,–,–,–,–,–,–,–,–,–,–,–,–,–,–,–,–,–,–,–,–,–,–,–,–,–,–,–,–,–,–,–,–,3.5,2.8,–,39.9,12,–,10,9.3,0.25,0.233,–,14.8,–,–,–,–,–,–,–,–,–,–,–,–,–,–,–,–,–,–,–,–,–,–,–,–,–,–,–,–,–,–
14th,–,HSS,HSS10X3-1/2X3/16,–,–,–,–,–,–,4.5,–,–,–,–,–,–,–,–,16.44,–,–,–,–,–,53.6,13.7,10.7,3.45,–,–,10.3,6.52,5.89,1.51,–,–,–,–,–,–,–,–,–,–,–,–,–,–,–,–,–,–,–,28.6,–,–,–,–,–,–,–,–,–,–,–,–,–,–,–,–,–,–,–,–,–,–,–,–,–,–,–,–,–,–,–,–,–,–,–,–,–,–,–,–,–,3.5,2.98,–,54.5,17.1,–,10,9.48,0.1875,0.174,–,11.4,–,–,–,–,–,–,–,–,–,–,–,–,–,–,–,–,–,–,–,–,–,–,–,–,–,–,–,–,–,–
14th,–,HSS,HSS10X3-1/2X1/8,–,–,–,–,–,–,3.04,–,–,–,–,–,–,–,–,11.13,–,–,–,–,–,37,9.37,7.4,3.49,–,–,7.22,4.48,4.12,1.54,–,–,–,–,–,–,–,–,–,–,–,–,–,–,–,–,–,–,–,19.8,–,–,–,–,–,–,–,–,–,–,–,–,–,–,–,–,–,–,–,–,–,–,–,–,–,–,–,–,–,–,–,–,–,–,–,–,–,–,–,–,–,3.5,3.15,–,83.2,27.2,–,10,9.65,0.125,0.116,–,7.75,–,–,–,–,–,–,–,–,–,–,–,–,–,–,–,–,–,–,–,–,–,–,–,–,–,–,–,–,–,–
14th,–,HSS,HSS10X3X3/8,–,–,–,–,–,–,8.27,–,–,–,–,–,–,–,–,30.03,–,–,–,–,–,88,23.7,17.6,3.26,–,–,12.4,9.73,8.28,1.22,–,–,–,–,–,–,–,–,–,–,–,–,–,–,–,–,–,–,–,37.8,–,–,–,–,–,–,–,–,–,–,–,–,–,–,–,–,–,–,–,–,–,–,–,–,–,–,–,–,–,–,–,–,–,–,–,–,–,–,–,–,–,3,1.95,–,25.6,5.59,–,10,8.95,0.375,0.349,–,17.7,–,–,–,–,–,–,–,–,–,–,–,–,–,–,–,–,–,–,–,–,–,–,–,–,–,–,–,–,–,–
14th,–,HSS,HSS10X3X5/16,–,–,–,–,–,–,7.01,–,–,–,–,–,–,–,–,25.46,–,–,–,–,–,76.3,20.3,15.3,3.3,–,–,11,8.42,7.3,1.25,–,–,–,–,–,–,–,–,–,–,–,–,–,–,–,–,–,–,–,33,–,–,–,–,–,–,–,–,–,–,–,–,–,–,–,–,–,–,–,–,–,–,–,–,–,–,–,–,–,–,–,–,–,–,–,–,–,–,–,–,–,3,2.13,–,31.4,7.32,–,10,9.13,0.3125,0.291,–,15.2,–,–,–,–,–,–,–,–,–,–,–,–,–,–,–,–,–,–,–,–,–,–,–,–,–,–,–,–,–,–
14th,–,HSS,HSS10X3X1/4,–,–,–,–,–,–,5.7,–,–,–,–,–,–,–,–,20.72,–,–,–,–,–,63.6,16.7,12.7,3.34,–,–,9.28,6.99,6.19,1.28,–,–,–,–,–,–,–,–,–,–,–,–,–,–,–,–,–,–,–,27.6,–,–,–,–,–,–,–,–,–,–,–,–,–,–,–,–,–,–,–,–,–,–,–,–,–,–,–,–,–,–,–,–,–,–,–,–,–,–,–,–,–,3,2.3,–,39.9,9.87,–,10,9.3,0.25,0.233,–,12.5,–,–,–,–,–,–,–,–,–,–,–,–,–,–,–,–,–,–,–,–,–,–,–,–,–,–,–,–,–,–
14th,–,HSS,HSS10X3X3/16,–,–,–,–,–,–,4.32,–,–,–,–,–,–,–,–,15.8,–,–,–,–,–,49.4,12.8,9.87,3.38,–,–,7.33,5.41,4.89,1.3,–,–,–,–,–,–,–,–,–,–,–,–,–,–,–,–,–,–,–,21.5,–,–,–,–,–,–,–,–,–,–,–,–,–,–,–,–,–,–,–,–,–,–,–,–,–,–,–,–,–,–,–,–,–,–,–,–,–,–,–,–,–,3,2.48,–,54.5,14.3,–,10,9.48,0.1875,0.174,–,9.64,–,–,–,–,–,–,–,–,–,–,–,–,–,–,–,–,–,–,–,–,–,–,–,–,–,–,–,–,–,–
14th,–,HSS,HSS10X3X1/8,–,–,–,–,–,–,2.93,–,–,–,–,–,–,–,–,10.71,–,–,–,–,–,34.2,8.8,6.83,3.42,–,–,5.16,3.74,3.44,1.33,–,–,–,–,–,–,–,–,–,–,–,–,–,–,–,–,–,–,–,14.9,–,–,–,–,–,–,–,–,–,–,–,–,–,–,–,–,–,–,–,–,–,–,–,–,–,–,–,–,–,–,–,–,–,–,–,–,–,–,–,–,–,3,2.65,–,83.2,22.8,–,10,9.65,0.125,0.116,–,6.61,–,–,–,–,–,–,–,–,–,–,–,–,–,–,–,–,–,–,–,–,–,–,–,–,–,–,–,–,–,–
14th,–,HSS,HSS10X2X3/8,–,–,–,–,–,–,7.58,–,–,–,–,–,–,–,–,27.48,–,–,–,–,–,71.7,20.3,14.3,3.08,–,–,4.7,5.76,4.7,0.787,–,–,–,–,–,–,–,–,–,–,–,–,–,–,–,–,–,–,–,15.9,–,–,–,–,–,–,–,–,–,–,–,–,–,–,–,–,–,–,–,–,–,–,–,–,–,–,–,–,–,–,–,–,–,–,–,–,–,–,–,–,–,2,0.953,–,25.6,2.73,–,10,8.95,0.375,0.349,–,11,–,–,–,–,–,–,–,–,–,–,–,–,–,–,–,–,–,–,–,–,–,–,–,–,–,–,–,–,–,–
14th,–,HSS,HSS10X2X5/16,–,–,–,–,–,–,6.43,–,–,–,–,–,–,–,–,23.34,–,–,–,–,–,62.6,17.5,12.5,3.12,–,–,4.24,5.06,4.24,0.812,–,–,–,–,–,–,–,–,–,–,–,–,–,–,–,–,–,–,–,14.2,–,–,–,–,–,–,–,–,–,–,–,–,–,–,–,–,–,–,–,–,–,–,–,–,–,–,–,–,–,–,–,–,–,–,–,–,–,–,–,–,–,2,1.13,–,31.4,3.88,–,10,9.13,0.3125,0.291,–,9.56,–,–,–,–,–,–,–,–,–,–,–,–,–,–,–,–,–,–,–,–,–,–,–,–,–,–,–,–,–,–
14th,–,HSS,HSS10X2X1/4,–,–,–,–,–,–,5.24,–,–,–,–,–,–,–,–,19.02,–,–,–,–,–,52.5,14.4,10.5,3.17,–,–,3.67,4.26,3.67,0.838,–,–,–,–,–,–,–,–,–,–,–,–,–,–,–,–,–,–,–,12.2,–,–,–,–,–,–,–,–,–,–,–,–,–,–,–,–,–,–,–,–,–,–,–,–,–,–,–,–,–,–,–,–,–,–,–,–,–,–,–,–,–,2,1.3,–,39.9,5.58,–,10,9.3,0.25,0.233,–,7.99,–,–,–,–,–,–,–,–,–,–,–,–,–,–,–,–,–,–,–,–,–,–,–,–,–,–,–,–,–,–
14th,–,HSS,HSS10X2X3/16,–,–,–,–,–,–,3.98,–,–,–,–,–,–,–,–,14.53,–,–,–,–,–,41,11.1,8.19,3.21,–,–,2.97,3.34,2.97,0.864,–,–,–,–,–,–,–,–,–,–,–,–,–,–,–,–,–,–,–,9.74,–,–,–,–,–,–,–,–,–,–,–,–,–,–,–,–,–,–,–,–,–,–,–,–,–,–,–,–,–,–,–,–,–,–,–,–,–,–,–,–,–,2,1.48,–,54.5,8.51,–,10,9.48,0.1875,0.174,–,6.22,–,–,–,–,–,–,–,–,–,–,–,–,–,–,–,–,–,–,–,–,–,–,–,–,–,–,–,–,–,–
14th,–,HSS,HSS10X2X1/8,–,–,–,–,–,–,2.7,–,–,–,–,–,–,–,–,9.86,–,–,–,–,–,28.5,7.65,5.7,3.25,–,–,2.14,2.33,2.14,0.89,–,–,–,–,–,–,–,–,–,–,–,–,–,–,–,–,–,–,–,6.9,–,–,–,–,–,–,–,–,–,–,–,–,–,–,–,–,–,–,–,–,–,–,–,–,–,–,–,–,–,–,–,–,–,–,–,–,–,–,–,–,–,2,1.65,–,83.2,14.2,–,10,9.65,0.125,0.116,–,4.31,–,–,–,–,–,–,–,–,–,–,–,–,–,–,–,–,–,–,–,–,–,–,–,–,–,–,–,–,–,–
14th,–,HSS,HSS9X9X5/8,–,–,–,–,–,–,18.7,–,–,–,–,–,–,–,–,67.82,–,–,–,–,–,216,58.1,47.9,3.4,–,–,216,58.1,47.9,3.4,–,–,–,–,–,–,–,–,–,–,–,–,–,–,–,–,–,–,–,356,–,–,–,–,–,–,–,–,–,–,–,–,–,–,–,–,–,–,–,–,–,–,–,–,–,–,–,–,–,–,–,–,–,–,–,–,–,–,–,–,–,9,7.26,–,12.5,12.5,–,9,7.26,0.625,0.581,–,81.6,–,–,–,–,–,–,–,–,–,–,–,–,–,–,–,–,–,–,–,–,–,–,–,–,–,–,–,–,–,–
14th,–,HSS,HSS9X9X1/2,–,–,–,–,–,–,15.3,–,–,–,–,–,–,–,–,55.66,–,–,–,–,–,183,48.4,40.6,3.45,–,–,183,48.4,40.6,3.45,–,–,–,–,–,–,–,–,–,–,–,–,–,–,–,–,–,–,–,296,–,–,–,–,–,–,–,–,–,–,–,–,–,–,–,–,–,–,–,–,–,–,–,–,–,–,–,–,–,–,–,–,–,–,–,–,–,–,–,–,–,9,7.6,–,16.3,16.3,–,9,7.6,0.5,0.465,–,67.4,–,–,–,–,–,–,–,–,–,–,–,–,–,–,–,–,–,–,–,–,–,–,–,–,–,–,–,–,–,–
14th,–,HSS,HSS9X9X3/8,–,–,–,–,–,–,11.8,–,–,–,–,–,–,–,–,42.79,–,–,–,–,–,145,37.8,32.2,3.51,–,–,145,37.8,32.2,3.51,–,–,–,–,–,–,–,–,–,–,–,–,–,–,–,–,–,–,–,231,–,–,–,–,–,–,–,–,–,–,–,–,–,–,–,–,–,–,–,–,–,–,–,–,–,–,–,–,–,–,–,–,–,–,–,–,–,–,–,–,–,9,7.95,–,22.8,22.8,–,9,7.95,0.375,0.349,–,52.1,–,–,–,–,–,–,–,–,–,–,–,–,–,–,–,–,–,–,–,–,–,–,–,–,–,–,–,–,–,–
14th,–,HSS,HSS9X9X5/16,–,–,–,–,–,–,9.92,–,–,–,–,–,–,–,–,36.1,–,–,–,–,–,124,32.1,27.6,3.54,–,–,124,32.1,27.6,3.54,–,–,–,–,–,–,–,–,–,–,–,–,–,–,–,–,–,–,–,196,–,–,–,–,–,–,–,–,–,–,–,–,–,–,–,–,–,–,–,–,–,–,–,–,–,–,–,–,–,–,–,–,–,–,–,–,–,–,–,–,–,9,8.13,–,27.9,27.9,–,9,8.13,0.3125,0.291,–,44,–,–,–,–,–,–,–,–,–,–,–,–,–,–,–,–,–,–,–,–,–,–,–,–,–,–,–,–,–,–
14th,–,HSS,HSS9X9X1/4,–,–,–,–,–,–,8.03,–,–,–,–,–,–,–,–,29.23,–,–,–,–,–,102,26.2,22.7,3.56,–,–,102,26.2,22.7,3.56,–,–,–,–,–,–,–,–,–,–,–,–,–,–,–,–,–,–,–,159,–,–,–,–,–,–,–,–,–,–,–,–,–,–,–,–,–,–,–,–,–,–,–,–,–,–,–,–,–,–,–,–,–,–,–,–,–,–,–,–,–,9,8.3,–,35.6,35.6,–,9,8.3,0.25,0.233,–,35.8,–,–,–,–,–,–,–,–,–,–,–,–,–,–,–,–,–,–,–,–,–,–,–,–,–,–,–,–,–,–
14th,–,HSS,HSS9X9X3/16,–,–,–,–,–,–,6.06,–,–,–,–,–,–,–,–,22.18,–,–,–,–,–,78.2,20,17.4,3.59,–,–,78.2,20,17.4,3.59,–,–,–,–,–,–,–,–,–,–,–,–,–,–,–,–,–,–,–,121,–,–,–,–,–,–,–,–,–,–,–,–,–,–,–,–,–,–,–,–,–,–,–,–,–,–,–,–,–,–,–,–,–,–,–,–,–,–,–,–,–,9,8.48,–,48.7,48.7,–,9,8.48,0.1875,0.174,–,27.1,–,–,–,–,–,–,–,–,–,–,–,–,–,–,–,–,–,–,–,–,–,–,–,–,–,–,–,–,–,–
14th,–,HSS,HSS9X9X1/8,–,–,–,–,–,–,4.09,–,–,–,–,–,–,–,–,14.96,–,–,–,–,–,53.5,13.6,11.9,3.62,–,–,53.5,13.6,11.9,3.62,–,–,–,–,–,–,–,–,–,–,–,–,–,–,–,–,–,–,–,82,–,–,–,–,–,–,–,–,–,–,–,–,–,–,–,–,–,–,–,–,–,–,–,–,–,–,–,–,–,–,–,–,–,–,–,–,–,–,–,–,–,9,8.65,–,74.6,74.6,–,9,8.65,0.125,0.116,–,18.3,–,–,–,–,–,–,–,–,–,–,–,–,–,–,–,–,–,–,–,–,–,–,–,–,–,–,–,–,–,–
14th,–,HSS,HSS9X7X5/8,–,–,–,–,–,–,16.4,–,–,–,–,–,–,–,–,59.32,–,–,–,–,–,174,48.3,38.7,3.26,–,–,117,40.5,33.5,2.68,–,–,–,–,–,–,–,–,–,–,–,–,–,–,–,–,–,–,–,235,–,–,–,–,–,–,–,–,–,–,–,–,–,–,–,–,–,–,–,–,–,–,–,–,–,–,–,–,–,–,–,–,–,–,–,–,–,–,–,–,–,7,5.26,–,12.5,9.05,–,9,7.26,0.625,0.581,–,62,–,–,–,–,–,–,–,–,–,–,–,–,–,–,–,–,–,–,–,–,–,–,–,–,–,–,–,–,–,–
14th,–,HSS,HSS9X7X1/2,–,–,–,–,–,–,13.5,–,–,–,–,–,–,–,–,48.85,–,–,–,–,–,149,40.5,33,3.32,–,–,100,34,28.7,2.73,–,–,–,–,–,–,–,–,–,–,–,–,–,–,–,–,–,–,–,197,–,–,–,–,–,–,–,–,–,–,–,–,–,–,–,–,–,–,–,–,–,–,–,–,–,–,–,–,–,–,–,–,–,–,–,–,–,–,–,–,–,7,5.6,–,16.3,12,–,9,7.6,0.5,0.465,–,51.5,–,–,–,–,–,–,–,–,–,–,–,–,–,–,–,–,–,–,–,–,–,–,–,–,–,–,–,–,–,–
14th,–,HSS,HSS9X7X3/8,–,–,–,–,–,–,10.4,–,–,–,–,–,–,–,–,37.69,–,–,–,–,–,119,31.8,26.4,3.38,–,–,80.4,26.7,23,2.78,–,–,–,–,–,–,–,–,–,–,–,–,–,–,–,–,–,–,–,154,–,–,–,–,–,–,–,–,–,–,–,–,–,–,–,–,–,–,–,–,–,–,–,–,–,–,–,–,–,–,–,–,–,–,–,–,–,–,–,–,–,7,5.95,–,22.8,17,–,9,7.95,0.375,0.349,–,40,–,–,–,–,–,–,–,–,–,–,–,–,–,–,–,–,–,–,–,–,–,–,–,–,–,–,–,–,–,–
14th,–,HSS,HSS9X7X5/16,–,–,–,–,–,–,8.76,–,–,–,–,–,–,–,–,31.84,–,–,–,–,–,102,27.1,22.6,3.41,–,–,69.2,22.8,19.8,2.81,–,–,–,–,–,–,–,–,–,–,–,–,–,–,–,–,–,–,–,131,–,–,–,–,–,–,–,–,–,–,–,–,–,–,–,–,–,–,–,–,–,–,–,–,–,–,–,–,–,–,–,–,–,–,–,–,–,–,–,–,–,7,6.13,–,27.9,21.1,–,9,8.13,0.3125,0.291,–,33.9,–,–,–,–,–,–,–,–,–,–,–,–,–,–,–,–,–,–,–,–,–,–,–,–,–,–,–,–,–,–
14th,–,HSS,HSS9X7X1/4,–,–,–,–,–,–,7.1,–,–,–,–,–,–,–,–,25.82,–,–,–,–,–,84.1,22.2,18.7,3.44,–,–,57.2,18.7,16.3,2.84,–,–,–,–,–,–,–,–,–,–,–,–,–,–,–,–,–,–,–,107,–,–,–,–,–,–,–,–,–,–,–,–,–,–,–,–,–,–,–,–,–,–,–,–,–,–,–,–,–,–,–,–,–,–,–,–,–,–,–,–,–,7,6.3,–,35.6,27,–,9,8.3,0.25,0.233,–,27.6,–,–,–,–,–,–,–,–,–,–,–,–,–,–,–,–,–,–,–,–,–,–,–,–,–,–,–,–,–,–
14th,–,HSS,HSS9X7X3/16,–,–,–,–,–,–,5.37,–,–,–,–,–,–,–,–,19.63,–,–,–,–,–,64.7,16.9,14.4,3.47,–,–,44.1,14.3,12.6,2.87,–,–,–,–,–,–,–,–,–,–,–,–,–,–,–,–,–,–,–,81.7,–,–,–,–,–,–,–,–,–,–,–,–,–,–,–,–,–,–,–,–,–,–,–,–,–,–,–,–,–,–,–,–,–,–,–,–,–,–,–,–,–,7,6.48,–,48.7,37.2,–,9,8.48,0.1875,0.174,–,20.9,–,–,–,–,–,–,–,–,–,–,–,–,–,–,–,–,–,–,–,–,–,–,–,–,–,–,–,–,–,–
14th,–,HSS,HSS9X5X5/8,–,–,–,–,–,–,14,–,–,–,–,–,–,–,–,50.81,–,–,–,–,–,133,38.5,29.6,3.08,–,–,52,25.3,20.8,1.92,–,–,–,–,–,–,–,–,–,–,–,–,–,–,–,–,–,–,–,128,–,–,–,–,–,–,–,–,–,–,–,–,–,–,–,–,–,–,–,–,–,–,–,–,–,–,–,–,–,–,–,–,–,–,–,–,–,–,–,–,–,5,3.26,–,12.5,5.61,–,9,7.26,0.625,0.581,–,42.5,–,–,–,–,–,–,–,–,–,–,–,–,–,–,–,–,–,–,–,–,–,–,–,–,–,–,–,–,–,–
14th,–,HSS,HSS9X5X1/2,–,–,–,–,–,–,11.6,–,–,–,–,–,–,–,–,42.05,–,–,–,–,–,115,32.5,25.5,3.14,–,–,45.2,21.5,18.1,1.97,–,–,–,–,–,–,–,–,–,–,–,–,–,–,–,–,–,–,–,109,–,–,–,–,–,–,–,–,–,–,–,–,–,–,–,–,–,–,–,–,–,–,–,–,–,–,–,–,–,–,–,–,–,–,–,–,–,–,–,–,–,5,3.6,–,16.3,7.74,–,9,7.6,0.5,0.465,–,35.6,–,–,–,–,–,–,–,–,–,–,–,–,–,–,–,–,–,–,–,–,–,–,–,–,–,–,–,–,–,–
14th,–,HSS,HSS9X5X3/8,–,–,–,–,–,–,8.97,–,–,–,–,–,–,–,–,32.58,–,–,–,–,–,92.5,25.7,20.5,3.21,–,–,36.8,17.1,14.7,2.03,–,–,–,–,–,–,–,–,–,–,–,–,–,–,–,–,–,–,–,86.9,–,–,–,–,–,–,–,–,–,–,–,–,–,–,–,–,–,–,–,–,–,–,–,–,–,–,–,–,–,–,–,–,–,–,–,–,–,–,–,–,–,5,3.95,–,22.8,11.3,–,9,7.95,0.375,0.349,–,27.9,–,–,–,–,–,–,–,–,–,–,–,–,–,–,–,–,–,–,–,–,–,–,–,–,–,–,–,–,–,–
14th,–,HSS,HSS9X5X5/16,–,–,–,–,–,–,7.59,–,–,–,–,–,–,–,–,27.59,–,–,–,–,–,79.8,22,17.7,3.24,–,–,32,14.6,12.8,2.05,–,–,–,–,–,–,–,–,–,–,–,–,–,–,–,–,–,–,–,74.4,–,–,–,–,–,–,–,–,–,–,–,–,–,–,–,–,–,–,–,–,–,–,–,–,–,–,–,–,–,–,–,–,–,–,–,–,–,–,–,–,–,5,4.13,–,27.9,14.2,–,9,8.13,0.3125,0.291,–,23.8,–,–,–,–,–,–,–,–,–,–,–,–,–,–,–,–,–,–,–,–,–,–,–,–,–,–,–,–,–,–
14th,–,HSS,HSS9X5X1/4,–,–,–,–,–,–,6.17,–,–,–,–,–,–,–,–,22.42,–,–,–,–,–,66.1,18.1,14.7,3.27,–,–,26.6,12,10.6,2.08,–,–,–,–,–,–,–,–,–,–,–,–,–,–,–,–,–,–,–,61.2,–,–,–,–,–,–,–,–,–,–,–,–,–,–,–,–,–,–,–,–,–,–,–,–,–,–,–,–,–,–,–,–,–,–,–,–,–,–,–,–,–,5,4.3,–,35.6,18.5,–,9,8.3,0.25,0.233,–,19.4,–,–,–,–,–,–,–,–,–,–,–,–,–,–,–,–,–,–,–,–,–,–,–,–,–,–,–,–,–,–
14th,–,HSS,HSS9X5X3/16,–,–,–,–,–,–,4.67,–,–,–,–,–,–,–,–,17.08,–,–,–,–,–,51.1,13.8,11.4,3.31,–,–,20.7,9.25,8.28,2.1,–,–,–,–,–,–,–,–,–,–,–,–,–,–,–,–,–,–,–,46.9,–,–,–,–,–,–,–,–,–,–,–,–,–,–,–,–,–,–,–,–,–,–,–,–,–,–,–,–,–,–,–,–,–,–,–,–,–,–,–,–,–,5,4.48,–,48.7,25.7,–,9,8.48,0.1875,0.174,–,14.8,–,–,–,–,–,–,–,–,–,–,–,–,–,–,–,–,–,–,–,–,–,–,–,–,–,–,–,–,–,–
14th,–,HSS,HSS9X3X1/2,–,–,–,–,–,–,9.74,–,–,–,–,–,–,–,–,35.24,–,–,–,–,–,80.8,24.6,18,2.88,–,–,13.2,10.8,8.81,1.17,–,–,–,–,–,–,–,–,–,–,–,–,–,–,–,–,–,–,–,40,–,–,–,–,–,–,–,–,–,–,–,–,–,–,–,–,–,–,–,–,–,–,–,–,–,–,–,–,–,–,–,–,–,–,–,–,–,–,–,–,–,3,1.6,–,16.3,3.44,–,9,7.6,0.5,0.465,–,19.7,–,–,–,–,–,–,–,–,–,–,–,–,–,–,–,–,–,–,–,–,–,–,–,–,–,–,–,–,–,–
14th,–,HSS,HSS9X3X3/8,–,–,–,–,–,–,7.58,–,–,–,–,–,–,–,–,27.48,–,–,–,–,–,66.3,19.7,14.7,2.96,–,–,11.2,8.8,7.45,1.21,–,–,–,–,–,–,–,–,–,–,–,–,–,–,–,–,–,–,–,33.1,–,–,–,–,–,–,–,–,–,–,–,–,–,–,–,–,–,–,–,–,–,–,–,–,–,–,–,–,–,–,–,–,–,–,–,–,–,–,–,–,–,3,1.95,–,22.8,5.59,–,9,7.95,0.375,0.349,–,15.8,–,–,–,–,–,–,–,–,–,–,–,–,–,–,–,–,–,–,–,–,–,–,–,–,–,–,–,–,–,–
14th,–,HSS,HSS9X3X5/16,–,–,–,–,–,–,6.43,–,–,–,–,–,–,–,–,23.34,–,–,–,–,–,57.7,16.9,12.8,3,–,–,9.88,7.63,6.59,1.24,–,–,–,–,–,–,–,–,–,–,–,–,–,–,–,–,–,–,–,28.9,–,–,–,–,–,–,–,–,–,–,–,–,–,–,–,–,–,–,–,–,–,–,–,–,–,–,–,–,–,–,–,–,–,–,–,–,–,–,–,–,–,3,2.13,–,27.9,7.32,–,9,8.13,0.3125,0.291,–,13.6,–,–,–,–,–,–,–,–,–,–,–,–,–,–,–,–,–,–,–,–,–,–,–,–,–,–,–,–,–,–
14th,–,HSS,HSS9X3X1/4,–,–,–,–,–,–,5.24,–,–,–,–,–,–,–,–,19.02,–,–,–,–,–,48.2,14,10.7,3.04,–,–,8.38,6.35,5.59,1.27,–,–,–,–,–,–,–,–,–,–,–,–,–,–,–,–,–,–,–,24.2,–,–,–,–,–,–,–,–,–,–,–,–,–,–,–,–,–,–,–,–,–,–,–,–,–,–,–,–,–,–,–,–,–,–,–,–,–,–,–,–,–,3,2.3,–,35.6,9.87,–,9,8.3,0.25,0.233,–,11.3,–,–,–,–,–,–,–,–,–,–,–,–,–,–,–,–,–,–,–,–,–,–,–,–,–,–,–,–,–,–
14th,–,HSS,HSS9X3X3/16,–,–,–,–,–,–,3.98,–,–,–,–,–,–,–,–,14.53,–,–,–,–,–,37.6,10.8,8.35,3.07,–,–,6.64,4.92,4.42,1.29,–,–,–,–,–,–,–,–,–,–,–,–,–,–,–,–,–,–,–,18.9,–,–,–,–,–,–,–,–,–,–,–,–,–,–,–,–,–,–,–,–,–,–,–,–,–,–,–,–,–,–,–,–,–,–,–,–,–,–,–,–,–,3,2.48,–,48.7,14.3,–,9,8.48,0.1875,0.174,–,8.66,–,–,–,–,–,–,–,–,–,–,–,–,–,–,–,–,–,–,–,–,–,–,–,–,–,–,–,–,–,–
14th,–,HSS,HSS8X8X5/8,–,–,–,–,–,–,16.4,–,–,–,–,–,–,–,–,59.32,–,–,–,–,–,146,44.7,36.5,2.99,–,–,146,44.7,36.5,2.99,–,–,–,–,–,–,–,–,–,–,–,–,–,–,–,–,–,–,–,244,–,–,–,–,–,–,–,–,–,–,–,–,–,–,–,–,–,–,–,–,–,–,–,–,–,–,–,–,–,–,–,–,–,–,–,–,–,–,–,–,–,8,6.26,–,10.8,10.8,–,8,6.26,0.625,0.581,–,63.2,–,–,–,–,–,–,–,–,–,–,–,–,–,–,–,–,–,–,–,–,–,–,–,–,–,–,–,–,–,–
14th,–,HSS,HSS8X8X1/2,–,–,–,–,–,–,13.5,–,–,–,–,–,–,–,–,48.85,–,–,–,–,–,125,37.5,31.2,3.04,–,–,125,37.5,31.2,3.04,–,–,–,–,–,–,–,–,–,–,–,–,–,–,–,–,–,–,–,204,–,–,–,–,–,–,–,–,–,–,–,–,–,–,–,–,–,–,–,–,–,–,–,–,–,–,–,–,–,–,–,–,–,–,–,–,–,–,–,–,–,8,6.6,–,14.2,14.2,–,8,6.6,0.5,0.465,–,52.4,–,–,–,–,–,–,–,–,–,–,–,–,–,–,–,–,–,–,–,–,–,–,–,–,–,–,–,–,–,–
14th,–,HSS,HSS8X8X3/8,–,–,–,–,–,–,10.4,–,–,–,–,–,–,–,–,37.69,–,–,–,–,–,100,29.4,24.9,3.1,–,–,100,29.4,24.9,3.1,–,–,–,–,–,–,–,–,–,–,–,–,–,–,–,–,–,–,–,160,–,–,–,–,–,–,–,–,–,–,–,–,–,–,–,–,–,–,–,–,–,–,–,–,–,–,–,–,–,–,–,–,–,–,–,–,–,–,–,–,–,8,6.95,–,19.9,19.9,–,8,6.95,0.375,0.349,–,40.7,–,–,–,–,–,–,–,–,–,–,–,–,–,–,–,–,–,–,–,–,–,–,–,–,–,–,–,–,–,–
14th,–,HSS,HSS8X8X5/16,–,–,–,–,–,–,8.76,–,–,–,–,–,–,–,–,31.84,–,–,–,–,–,85.6,25.1,21.4,3.13,–,–,85.6,25.1,21.4,3.13,–,–,–,–,–,–,–,–,–,–,–,–,–,–,–,–,–,–,–,136,–,–,–,–,–,–,–,–,–,–,–,–,–,–,–,–,–,–,–,–,–,–,–,–,–,–,–,–,–,–,–,–,–,–,–,–,–,–,–,–,–,8,7.13,–,24.5,24.5,–,8,7.13,0.3125,0.291,–,34.5,–,–,–,–,–,–,–,–,–,–,–,–,–,–,–,–,–,–,–,–,–,–,–,–,–,–,–,–,–,–
14th,–,HSS,HSS8X8X1/4,–,–,–,–,–,–,7.1,–,–,–,–,–,–,–,–,25.82,–,–,–,–,–,70.7,20.5,17.7,3.15,–,–,70.7,20.5,17.7,3.15,–,–,–,–,–,–,–,–,–,–,–,–,–,–,–,–,–,–,–,111,–,–,–,–,–,–,–,–,–,–,–,–,–,–,–,–,–,–,–,–,–,–,–,–,–,–,–,–,–,–,–,–,–,–,–,–,–,–,–,–,–,8,7.3,–,31.3,31.3,–,8,7.3,0.25,0.233,–,28.1,–,–,–,–,–,–,–,–,–,–,–,–,–,–,–,–,–,–,–,–,–,–,–,–,–,–,–,–,–,–
14th,–,HSS,HSS8X8X3/16,–,–,–,–,–,–,5.37,–,–,–,–,–,–,–,–,19.63,–,–,–,–,–,54.4,15.7,13.6,3.18,–,–,54.4,15.7,13.6,3.18,–,–,–,–,–,–,–,–,–,–,–,–,–,–,–,–,–,–,–,84.5,–,–,–,–,–,–,–,–,–,–,–,–,–,–,–,–,–,–,–,–,–,–,–,–,–,–,–,–,–,–,–,–,–,–,–,–,–,–,–,–,–,8,7.48,–,43,43,–,8,7.48,0.1875,0.174,–,21.3,–,–,–,–,–,–,–,–,–,–,–,–,–,–,–,–,–,–,–,–,–,–,–,–,–,–,–,–,–,–
14th,–,HSS,HSS8X8X1/8,–,–,–,–,–,–,3.62,–,–,–,–,–,–,–,–,13.26,–,–,–,–,–,37.4,10.7,9.34,3.21,–,–,37.4,10.7,9.34,3.21,–,–,–,–,–,–,–,–,–,–,–,–,–,–,–,–,–,–,–,57.3,–,–,–,–,–,–,–,–,–,–,–,–,–,–,–,–,–,–,–,–,–,–,–,–,–,–,–,–,–,–,–,–,–,–,–,–,–,–,–,–,–,8,7.65,–,65.9,65.9,–,8,7.65,0.125,0.116,–,14.4,–,–,–,–,–,–,–,–,–,–,–,–,–,–,–,–,–,–,–,–,–,–,–,–,–,–,–,–,–,–
14th,–,HSS,HSS8X6X5/8,–,–,–,–,–,–,14,–,–,–,–,–,–,–,–,50.81,–,–,–,–,–,114,36.1,28.5,2.85,–,–,72.3,29.5,24.1,2.27,–,–,–,–,–,–,–,–,–,–,–,–,–,–,–,–,–,–,–,150,–,–,–,–,–,–,–,–,–,–,–,–,–,–,–,–,–,–,–,–,–,–,–,–,–,–,–,–,–,–,–,–,–,–,–,–,–,–,–,–,–,6,4.26,–,10.8,7.33,–,8,6.26,0.625,0.581,–,46,–,–,–,–,–,–,–,–,–,–,–,–,–,–,–,–,–,–,–,–,–,–,–,–,–,–,–,–,–,–
14th,–,HSS,HSS8X6X1/2,–,–,–,–,–,–,11.6,–,–,–,–,–,–,–,–,42.05,–,–,–,–,–,98.2,30.5,24.6,2.91,–,–,62.5,24.9,20.8,2.32,–,–,–,–,–,–,–,–,–,–,–,–,–,–,–,–,–,–,–,127,–,–,–,–,–,–,–,–,–,–,–,–,–,–,–,–,–,–,–,–,–,–,–,–,–,–,–,–,–,–,–,–,–,–,–,–,–,–,–,–,–,6,4.61,–,14.2,9.91,–,8,6.6,0.5,0.465,–,38.4,–,–,–,–,–,–,–,–,–,–,–,–,–,–,–,–,–,–,–,–,–,–,–,–,–,–,–,–,–,–
14th,–,HSS,HSS8X6X3/8,–,–,–,–,–,–,8.97,–,–,–,–,–,–,–,–,32.58,–,–,–,–,–,79.1,24.1,19.8,2.97,–,–,50.6,19.8,16.9,2.38,–,–,–,–,–,–,–,–,–,–,–,–,–,–,–,–,–,–,–,100,–,–,–,–,–,–,–,–,–,–,–,–,–,–,–,–,–,–,–,–,–,–,–,–,–,–,–,–,–,–,–,–,–,–,–,–,–,–,–,–,–,6,4.95,–,19.9,14.2,–,8,6.95,0.375,0.349,–,30,–,–,–,–,–,–,–,–,–,–,–,–,–,–,–,–,–,–,–,–,–,–,–,–,–,–,–,–,–,–
14th,–,HSS,HSS8X6X5/16,–,–,–,–,–,–,7.59,–,–,–,–,–,–,–,–,27.59,–,–,–,–,–,68.3,20.6,17.1,3,–,–,43.8,16.9,14.6,2.4,–,–,–,–,–,–,–,–,–,–,–,–,–,–,–,–,–,–,–,85.8,–,–,–,–,–,–,–,–,–,–,–,–,–,–,–,–,–,–,–,–,–,–,–,–,–,–,–,–,–,–,–,–,–,–,–,–,–,–,–,–,–,6,5.13,–,24.5,17.6,–,8,7.13,0.3125,0.291,–,25.5,–,–,–,–,–,–,–,–,–,–,–,–,–,–,–,–,–,–,–,–,–,–,–,–,–,–,–,–,–,–
14th,–,HSS,HSS8X6X1/4,–,–,–,–,–,–,6.17,–,–,–,–,–,–,–,–,22.42,–,–,–,–,–,56.6,16.9,14.2,3.03,–,–,36.4,13.9,12.1,2.43,–,–,–,–,–,–,–,–,–,–,–,–,–,–,–,–,–,–,–,70.3,–,–,–,–,–,–,–,–,–,–,–,–,–,–,–,–,–,–,–,–,–,–,–,–,–,–,–,–,–,–,–,–,–,–,–,–,–,–,–,–,–,6,5.3,–,31.3,22.7,–,8,7.3,0.25,0.233,–,20.8,–,–,–,–,–,–,–,–,–,–,–,–,–,–,–,–,–,–,–,–,–,–,–,–,–,–,–,–,–,–
14th,–,HSS,HSS8X6X3/16,–,–,–,–,–,–,4.67,–,–,–,–,–,–,–,–,17.08,–,–,–,–,–,43.7,13,10.9,3.06,–,–,28.2,10.7,9.39,2.46,–,–,–,–,–,–,–,–,–,–,–,–,–,–,–,–,–,–,–,53.7,–,–,–,–,–,–,–,–,–,–,–,–,–,–,–,–,–,–,–,–,–,–,–,–,–,–,–,–,–,–,–,–,–,–,–,–,–,–,–,–,–,6,5.48,–,43,31.5,–,8,7.48,0.1875,0.174,–,15.8,–,–,–,–,–,–,–,–,–,–,–,–,–,–,–,–,–,–,–,–,–,–,–,–,–,–,–,–,–,–
14th,–,HSS,HSS8X4X5/8,–,–,–,–,–,–,11.7,–,–,–,–,–,–,–,–,42.3,–,–,–,–,–,82,27.4,20.5,2.64,–,–,26.6,16.6,13.3,1.51,–,–,–,–,–,–,–,–,–,–,–,–,–,–,–,–,–,–,–,70.3,–,–,–,–,–,–,–,–,–,–,–,–,–,–,–,–,–,–,–,–,–,–,–,–,–,–,–,–,–,–,–,–,–,–,–,–,–,–,–,–,–,4,2.26,–,10.8,3.89,–,8,6.26,0.625,0.581,–,28.7,–,–,–,–,–,–,–,–,–,–,–,–,–,–,–,–,–,–,–,–,–,–,–,–,–,–,–,–,–,–
14th,–,HSS,HSS8X4X1/2,–,–,–,–,–,–,9.74,–,–,–,–,–,–,–,–,35.24,–,–,–,–,–,71.8,23.5,17.9,2.71,–,–,23.6,14.3,11.8,1.56,–,–,–,–,–,–,–,–,–,–,–,–,–,–,–,–,–,–,–,61.1,–,–,–,–,–,–,–,–,–,–,–,–,–,–,–,–,–,–,–,–,–,–,–,–,–,–,–,–,–,–,–,–,–,–,–,–,–,–,–,–,–,4,2.6,–,14.2,5.59,–,8,6.6,0.5,0.465,–,24.4,–,–,–,–,–,–,–,–,–,–,–,–,–,–,–,–,–,–,–,–,–,–,–,–,–,–,–,–,–,–
14th,–,HSS,HSS8X4X3/8,–,–,–,–,–,–,7.58,–,–,–,–,–,–,–,–,27.48,–,–,–,–,–,58.7,18.8,14.7,2.78,–,–,19.6,11.5,9.8,1.61,–,–,–,–,–,–,–,–,–,–,–,–,–,–,–,–,–,–,–,49.3,–,–,–,–,–,–,–,–,–,–,–,–,–,–,–,–,–,–,–,–,–,–,–,–,–,–,–,–,–,–,–,–,–,–,–,–,–,–,–,–,–,4,2.95,–,19.9,8.45,–,8,6.95,0.375,0.349,–,19.3,–,–,–,–,–,–,–,–,–,–,–,–,–,–,–,–,–,–,–,–,–,–,–,–,–,–,–,–,–,–
14th,–,HSS,HSS8X4X5/16,–,–,–,–,–,–,6.43,–,–,–,–,–,–,–,–,23.34,–,–,–,–,–,51,16.1,12.8,2.82,–,–,17.2,9.91,8.58,1.63,–,–,–,–,–,–,–,–,–,–,–,–,–,–,–,–,–,–,–,42.6,–,–,–,–,–,–,–,–,–,–,–,–,–,–,–,–,–,–,–,–,–,–,–,–,–,–,–,–,–,–,–,–,–,–,–,–,–,–,–,–,–,4,3.13,–,24.5,10.8,–,8,7.13,0.3125,0.291,–,16.5,–,–,–,–,–,–,–,–,–,–,–,–,–,–,–,–,–,–,–,–,–,–,–,–,–,–,–,–,–,–
14th,–,HSS,HSS8X4X1/4,–,–,–,–,–,–,5.24,–,–,–,–,–,–,–,–,19.02,–,–,–,–,–,42.5,13.3,10.6,2.85,–,–,14.4,8.2,7.21,1.66,–,–,–,–,–,–,–,–,–,–,–,–,–,–,–,–,–,–,–,35.3,–,–,–,–,–,–,–,–,–,–,–,–,–,–,–,–,–,–,–,–,–,–,–,–,–,–,–,–,–,–,–,–,–,–,–,–,–,–,–,–,–,4,3.3,–,31.3,14.2,–,8,7.3,0.25,0.233,–,13.6,–,–,–,–,–,–,–,–,–,–,–,–,–,–,–,–,–,–,–,–,–,–,–,–,–,–,–,–,–,–
14th,–,HSS,HSS8X4X3/16,–,–,–,–,–,–,3.98,–,–,–,–,–,–,–,–,14.53,–,–,–,–,–,33.1,10.2,8.27,2.88,–,–,11.3,6.33,5.65,1.69,–,–,–,–,–,–,–,–,–,–,–,–,–,–,–,–,–,–,–,27.2,–,–,–,–,–,–,–,–,–,–,–,–,–,–,–,–,–,–,–,–,–,–,–,–,–,–,–,–,–,–,–,–,–,–,–,–,–,–,–,–,–,4,3.48,–,43,20,–,8,7.48,0.1875,0.174,–,10.4,–,–,–,–,–,–,–,–,–,–,–,–,–,–,–,–,–,–,–,–,–,–,–,–,–,–,–,–,–,–
14th,–,HSS,HSS8X4X1/8,–,–,–,–,–,–,2.7,–,–,–,–,–,–,–,–,9.86,–,–,–,–,–,22.9,7.02,5.73,2.92,–,–,7.9,4.36,3.95,1.71,–,–,–,–,–,–,–,–,–,–,–,–,–,–,–,–,–,–,–,18.7,–,–,–,–,–,–,–,–,–,–,–,–,–,–,–,–,–,–,–,–,–,–,–,–,–,–,–,–,–,–,–,–,–,–,–,–,–,–,–,–,–,4,3.65,–,65.9,31.5,–,8,7.65,0.125,0.116,–,7.1,–,–,–,–,–,–,–,–,–,–,–,–,–,–,–,–,–,–,–,–,–,–,–,–,–,–,–,–,–,–
14th,–,HSS,HSS8X3X1/2,–,–,–,–,–,–,8.81,–,–,–,–,–,–,–,–,31.84,–,–,–,–,–,58.6,20,14.6,2.58,–,–,11.7,9.64,7.81,1.15,–,–,–,–,–,–,–,–,–,–,–,–,–,–,–,–,–,–,–,34.3,–,–,–,–,–,–,–,–,–,–,–,–,–,–,–,–,–,–,–,–,–,–,–,–,–,–,–,–,–,–,–,–,–,–,–,–,–,–,–,–,–,3,1.6,–,14.2,3.44,–,8,6.6,0.5,0.465,–,17.4,–,–,–,–,–,–,–,–,–,–,–,–,–,–,–,–,–,–,–,–,–,–,–,–,–,–,–,–,–,–
14th,–,HSS,HSS8X3X3/8,–,–,–,–,–,–,6.88,–,–,–,–,–,–,–,–,24.93,–,–,–,–,–,48.5,16.1,12.1,2.65,–,–,10,7.88,6.63,1.2,–,–,–,–,–,–,–,–,–,–,–,–,–,–,–,–,–,–,–,28.5,–,–,–,–,–,–,–,–,–,–,–,–,–,–,–,–,–,–,–,–,–,–,–,–,–,–,–,–,–,–,–,–,–,–,–,–,–,–,–,–,–,3,1.95,–,19.9,5.59,–,8,6.95,0.375,0.349,–,14,–,–,–,–,–,–,–,–,–,–,–,–,–,–,–,–,–,–,–,–,–,–,–,–,–,–,–,–,–,–
14th,–,HSS,HSS8X3X5/16,–,–,–,–,–,–,5.85,–,–,–,–,–,–,–,–,21.21,–,–,–,–,–,42.4,13.9,10.6,2.69,–,–,8.81,6.84,5.87,1.23,–,–,–,–,–,–,–,–,–,–,–,–,–,–,–,–,–,–,–,24.9,–,–,–,–,–,–,–,–,–,–,–,–,–,–,–,–,–,–,–,–,–,–,–,–,–,–,–,–,–,–,–,–,–,–,–,–,–,–,–,–,–,3,2.13,–,24.5,7.32,–,8,7.13,0.3125,0.291,–,12.1,–,–,–,–,–,–,–,–,–,–,–,–,–,–,–,–,–,–,–,–,–,–,–,–,–,–,–,–,–,–
14th,–,HSS,HSS8X3X1/4,–,–,–,–,–,–,4.77,–,–,–,–,–,–,–,–,17.32,–,–,–,–,–,35.5,11.5,8.88,2.73,–,–,7.49,5.7,4.99,1.25,–,–,–,–,–,–,–,–,–,–,–,–,–,–,–,–,–,–,–,20.8,–,–,–,–,–,–,–,–,–,–,–,–,–,–,–,–,–,–,–,–,–,–,–,–,–,–,–,–,–,–,–,–,–,–,–,–,–,–,–,–,–,3,2.3,–,31.3,9.87,–,8,7.3,0.25,0.233,–,10,–,–,–,–,–,–,–,–,–,–,–,–,–,–,–,–,–,–,–,–,–,–,–,–,–,–,–,–,–,–
14th,–,HSS,HSS8X3X3/16,–,–,–,–,–,–,3.63,–,–,–,–,–,–,–,–,13.25,–,–,–,–,–,27.8,8.87,6.94,2.77,–,–,5.94,4.43,3.96,1.28,–,–,–,–,–,–,–,–,–,–,–,–,–,–,–,–,–,–,–,16.2,–,–,–,–,–,–,–,–,–,–,–,–,–,–,–,–,–,–,–,–,–,–,–,–,–,–,–,–,–,–,–,–,–,–,–,–,–,–,–,–,–,3,2.48,–,43,14.3,–,8,7.48,0.1875,0.174,–,7.68,–,–,–,–,–,–,–,–,–,–,–,–,–,–,–,–,–,–,–,–,–,–,–,–,–,–,–,–,–,–
14th,–,HSS,HSS8X3X1/8,–,–,–,–,–,–,2.46,–,–,–,–,–,–,–,–,9.01,–,–,–,–,–,19.3,6.11,4.83,2.8,–,–,4.2,3.07,2.8,1.31,–,–,–,–,–,–,–,–,–,–,–,–,–,–,–,–,–,–,–,11.3,–,–,–,–,–,–,–,–,–,–,–,–,–,–,–,–,–,–,–,–,–,–,–,–,–,–,–,–,–,–,–,–,–,–,–,–,–,–,–,–,–,3,2.65,–,65.9,22.8,–,8,7.65,0.125,0.116,–,5.27,–,–,–,–,–,–,–,–,–,–,–,–,–,–,–,–,–,–,–,–,–,–,–,–,–,–,–,–,–,–
14th,–,HSS,HSS8X2X3/8,–,–,–,–,–,–,6.18,–,–,–,–,–,–,–,–,22.37,–,–,–,–,–,38.2,13.4,9.56,2.49,–,–,3.73,4.61,3.73,0.777,–,–,–,–,–,–,–,–,–,–,–,–,–,–,–,–,–,–,–,12.1,–,–,–,–,–,–,–,–,–,–,–,–,–,–,–,–,–,–,–,–,–,–,–,–,–,–,–,–,–,–,–,–,–,–,–,–,–,–,–,–,–,2,0.953,–,19.9,2.73,–,8,6.95,0.375,0.349,–,8.65,–,–,–,–,–,–,–,–,–,–,–,–,–,–,–,–,–,–,–,–,–,–,–,–,–,–,–,–,–,–
14th,–,HSS,HSS8X2X5/16,–,–,–,–,–,–,5.26,–,–,–,–,–,–,–,–,19.08,–,–,–,–,–,33.7,11.6,8.43,2.53,–,–,3.38,4.06,3.38,0.802,–,–,–,–,–,–,–,–,–,–,–,–,–,–,–,–,–,–,–,10.9,–,–,–,–,–,–,–,–,–,–,–,–,–,–,–,–,–,–,–,–,–,–,–,–,–,–,–,–,–,–,–,–,–,–,–,–,–,–,–,–,–,2,1.13,–,24.5,3.88,–,8,7.13,0.3125,0.291,–,7.57,–,–,–,–,–,–,–,–,–,–,–,–,–,–,–,–,–,–,–,–,–,–,–,–,–,–,–,–,–,–
14th,–,HSS,HSS8X2X1/4,–,–,–,–,–,–,4.3,–,–,–,–,–,–,–,–,15.62,–,–,–,–,–,28.5,9.68,7.12,2.57,–,–,2.94,3.43,2.94,0.827,–,–,–,–,–,–,–,–,–,–,–,–,–,–,–,–,–,–,–,9.36,–,–,–,–,–,–,–,–,–,–,–,–,–,–,–,–,–,–,–,–,–,–,–,–,–,–,–,–,–,–,–,–,–,–,–,–,–,–,–,–,–,2,1.3,–,31.3,5.58,–,8,7.3,0.25,0.233,–,6.35,–,–,–,–,–,–,–,–,–,–,–,–,–,–,–,–,–,–,–,–,–,–,–,–,–,–,–,–,–,–
14th,–,HSS,HSS8X2X3/16,–,–,–,–,–,–,3.28,–,–,–,–,–,–,–,–,11.97,–,–,–,–,–,22.4,7.51,5.61,2.61,–,–,2.39,2.7,2.39,0.853,–,–,–,–,–,–,–,–,–,–,–,–,–,–,–,–,–,–,–,7.48,–,–,–,–,–,–,–,–,–,–,–,–,–,–,–,–,–,–,–,–,–,–,–,–,–,–,–,–,–,–,–,–,–,–,–,–,–,–,–,–,–,2,1.48,–,43,8.51,–,8,7.48,0.1875,0.174,–,4.95,–,–,–,–,–,–,–,–,–,–,–,–,–,–,–,–,–,–,–,–,–,–,–,–,–,–,–,–,–,–
14th,–,HSS,HSS8X2X1/8,–,–,–,–,–,–,2.23,–,–,–,–,–,–,–,–,8.16,–,–,–,–,–,15.7,5.19,3.93,2.65,–,–,1.72,1.9,1.72,0.879,–,–,–,–,–,–,–,–,–,–,–,–,–,–,–,–,–,–,–,5.3,–,–,–,–,–,–,–,–,–,–,–,–,–,–,–,–,–,–,–,–,–,–,–,–,–,–,–,–,–,–,–,–,–,–,–,–,–,–,–,–,–,2,1.65,–,65.9,14.2,–,8,7.65,0.125,0.116,–,3.44,–,–,–,–,–,–,–,–,–,–,–,–,–,–,–,–,–,–,–,–,–,–,–,–,–,–,–,–,–,–
14th,–,HSS,HSS7X7X5/8,–,–,–,–,–,–,14,–,–,–,–,–,–,–,–,50.81,–,–,–,–,–,93.4,33.1,26.7,2.58,–,–,93.4,33.1,26.7,2.58,–,–,–,–,–,–,–,–,–,–,–,–,–,–,–,–,–,–,–,158,–,–,–,–,–,–,–,–,–,–,–,–,–,–,–,–,–,–,–,–,–,–,–,–,–,–,–,–,–,–,–,–,–,–,–,–,–,–,–,–,–,7,5.26,–,9.05,9.05,–,7,5.26,0.625,0.581,–,47.1,–,–,–,–,–,–,–,–,–,–,–,–,–,–,–,–,–,–,–,–,–,–,–,–,–,–,–,–,–,–
14th,–,HSS,HSS7X7X1/2,–,–,–,–,–,–,11.6,–,–,–,–,–,–,–,–,42.05,–,–,–,–,–,80.5,27.9,23,2.63,–,–,80.5,27.9,23,2.63,–,–,–,–,–,–,–,–,–,–,–,–,–,–,–,–,–,–,–,133,–,–,–,–,–,–,–,–,–,–,–,–,–,–,–,–,–,–,–,–,–,–,–,–,–,–,–,–,–,–,–,–,–,–,–,–,–,–,–,–,–,7,5.6,–,12,12,–,7,5.6,0.5,0.465,–,39.3,–,–,–,–,–,–,–,–,–,–,–,–,–,–,–,–,–,–,–,–,–,–,–,–,–,–,–,–,–,–
14th,–,HSS,HSS7X7X3/8,–,–,–,–,–,–,8.97,–,–,–,–,–,–,–,–,32.58,–,–,–,–,–,65,22.1,18.6,2.69,–,–,65,22.1,18.6,2.69,–,–,–,–,–,–,–,–,–,–,–,–,–,–,–,–,–,–,–,105,–,–,–,–,–,–,–,–,–,–,–,–,–,–,–,–,–,–,–,–,–,–,–,–,–,–,–,–,–,–,–,–,–,–,–,–,–,–,–,–,–,7,5.95,–,17,17,–,7,5.95,0.375,0.349,–,30.7,–,–,–,–,–,–,–,–,–,–,–,–,–,–,–,–,–,–,–,–,–,–,–,–,–,–,–,–,–,–
14th,–,HSS,HSS7X7X5/16,–,–,–,–,–,–,7.59,–,–,–,–,–,–,–,–,27.59,–,–,–,–,–,56.1,18.9,16,2.72,–,–,56.1,18.9,16,2.72,–,–,–,–,–,–,–,–,–,–,–,–,–,–,–,–,–,–,–,89.7,–,–,–,–,–,–,–,–,–,–,–,–,–,–,–,–,–,–,–,–,–,–,–,–,–,–,–,–,–,–,–,–,–,–,–,–,–,–,–,–,–,7,6.13,–,21.1,21.1,–,7,6.13,0.3125,0.291,–,26.1,–,–,–,–,–,–,–,–,–,–,–,–,–,–,–,–,–,–,–,–,–,–,–,–,–,–,–,–,–,–
14th,–,HSS,HSS7X7X1/4,–,–,–,–,–,–,6.17,–,–,–,–,–,–,–,–,22.42,–,–,–,–,–,46.5,15.5,13.3,2.75,–,–,46.5,15.5,13.3,2.75,–,–,–,–,–,–,–,–,–,–,–,–,–,–,–,–,–,–,–,73.5,–,–,–,–,–,–,–,–,–,–,–,–,–,–,–,–,–,–,–,–,–,–,–,–,–,–,–,–,–,–,–,–,–,–,–,–,–,–,–,–,–,7,6.3,–,27,27,–,7,6.3,0.25,0.233,–,21.3,–,–,–,–,–,–,–,–,–,–,–,–,–,–,–,–,–,–,–,–,–,–,–,–,–,–,–,–,–,–
14th,–,HSS,HSS7X7X3/16,–,–,–,–,–,–,4.67,–,–,–,–,–,–,–,–,17.08,–,–,–,–,–,36,11.9,10.3,2.77,–,–,36,11.9,10.3,2.77,–,–,–,–,–,–,–,–,–,–,–,–,–,–,–,–,–,–,–,56.1,–,–,–,–,–,–,–,–,–,–,–,–,–,–,–,–,–,–,–,–,–,–,–,–,–,–,–,–,–,–,–,–,–,–,–,–,–,–,–,–,–,7,6.48,–,37.2,37.2,–,7,6.48,0.1875,0.174,–,16.2,–,–,–,–,–,–,–,–,–,–,–,–,–,–,–,–,–,–,–,–,–,–,–,–,–,–,–,–,–,–
14th,–,HSS,HSS7X7X1/8,–,–,–,–,–,–,3.16,–,–,–,–,–,–,–,–,11.56,–,–,–,–,–,24.8,8.13,7.09,2.8,–,–,24.8,8.13,7.09,2.8,–,–,–,–,–,–,–,–,–,–,–,–,–,–,–,–,–,–,–,38.2,–,–,–,–,–,–,–,–,–,–,–,–,–,–,–,–,–,–,–,–,–,–,–,–,–,–,–,–,–,–,–,–,–,–,–,–,–,–,–,–,–,7,6.65,–,57.3,57.3,–,7,6.65,0.125,0.116,–,11,–,–,–,–,–,–,–,–,–,–,–,–,–,–,–,–,–,–,–,–,–,–,–,–,–,–,–,–,–,–
14th,–,HSS,HSS7X5X1/2,–,–,–,–,–,–,9.74,–,–,–,–,–,–,–,–,35.24,–,–,–,–,–,60.6,21.9,17.3,2.5,–,–,35.6,17.3,14.2,1.91,–,–,–,–,–,–,–,–,–,–,–,–,–,–,–,–,–,–,–,75.8,–,–,–,–,–,–,–,–,–,–,–,–,–,–,–,–,–,–,–,–,–,–,–,–,–,–,–,–,–,–,–,–,–,–,–,–,–,–,–,–,–,5,3.6,–,12,7.74,–,7,5.6,0.5,0.465,–,27.2,–,–,–,–,–,–,–,–,–,–,–,–,–,–,–,–,–,–,–,–,–,–,–,–,–,–,–,–,–,–
14th,–,HSS,HSS7X5X3/8,–,–,–,–,–,–,7.58,–,–,–,–,–,–,–,–,27.48,–,–,–,–,–,49.5,17.5,14.1,2.56,–,–,29.3,13.8,11.7,1.97,–,–,–,–,–,–,–,–,–,–,–,–,–,–,–,–,–,–,–,60.6,–,–,–,–,–,–,–,–,–,–,–,–,–,–,–,–,–,–,–,–,–,–,–,–,–,–,–,–,–,–,–,–,–,–,–,–,–,–,–,–,–,5,3.95,–,17,11.3,–,7,5.95,0.375,0.349,–,21.4,–,–,–,–,–,–,–,–,–,–,–,–,–,–,–,–,–,–,–,–,–,–,–,–,–,–,–,–,–,–
14th,–,HSS,HSS7X5X5/16,–,–,–,–,–,–,6.43,–,–,–,–,–,–,–,–,23.34,–,–,–,–,–,43,15,12.3,2.59,–,–,25.5,11.9,10.2,1.99,–,–,–,–,–,–,–,–,–,–,–,–,–,–,–,–,–,–,–,52.1,–,–,–,–,–,–,–,–,–,–,–,–,–,–,–,–,–,–,–,–,–,–,–,–,–,–,–,–,–,–,–,–,–,–,–,–,–,–,–,–,–,5,4.13,–,21.1,14.2,–,7,6.13,0.3125,0.291,–,18.3,–,–,–,–,–,–,–,–,–,–,–,–,–,–,–,–,–,–,–,–,–,–,–,–,–,–,–,–,–,–
14th,–,HSS,HSS7X5X1/4,–,–,–,–,–,–,5.24,–,–,–,–,–,–,–,–,19.02,–,–,–,–,–,35.9,12.4,10.2,2.62,–,–,21.3,9.83,8.53,2.02,–,–,–,–,–,–,–,–,–,–,–,–,–,–,–,–,–,–,–,42.9,–,–,–,–,–,–,–,–,–,–,–,–,–,–,–,–,–,–,–,–,–,–,–,–,–,–,–,–,–,–,–,–,–,–,–,–,–,–,–,–,–,5,4.3,–,27,18.5,–,7,6.3,0.25,0.233,–,15,–,–,–,–,–,–,–,–,–,–,–,–,–,–,–,–,–,–,–,–,–,–,–,–,–,–,–,–,–,–
14th,–,HSS,HSS7X5X3/16,–,–,–,–,–,–,3.98,–,–,–,–,–,–,–,–,14.53,–,–,–,–,–,27.9,9.52,7.96,2.65,–,–,16.6,7.57,6.65,2.05,–,–,–,–,–,–,–,–,–,–,–,–,–,–,–,–,–,–,–,32.9,–,–,–,–,–,–,–,–,–,–,–,–,–,–,–,–,–,–,–,–,–,–,–,–,–,–,–,–,–,–,–,–,–,–,–,–,–,–,–,–,–,5,4.48,–,37.2,25.7,–,7,6.48,0.1875,0.174,–,11.4,–,–,–,–,–,–,–,–,–,–,–,–,–,–,–,–,–,–,–,–,–,–,–,–,–,–,–,–,–,–
14th,–,HSS,HSS7X5X1/8,–,–,–,–,–,–,2.7,–,–,–,–,–,–,–,–,9.86,–,–,–,–,–,19.3,6.53,5.52,2.68,–,–,11.6,5.2,4.63,2.07,–,–,–,–,–,–,–,–,–,–,–,–,–,–,–,–,–,–,–,22.5,–,–,–,–,–,–,–,–,–,–,–,–,–,–,–,–,–,–,–,–,–,–,–,–,–,–,–,–,–,–,–,–,–,–,–,–,–,–,–,–,–,5,4.65,–,57.3,40.1,–,7,6.65,0.125,0.116,–,7.79,–,–,–,–,–,–,–,–,–,–,–,–,–,–,–,–,–,–,–,–,–,–,–,–,–,–,–,–,–,–
14th,–,HSS,HSS7X4X1/2,–,–,–,–,–,–,8.81,–,–,–,–,–,–,–,–,31.84,–,–,–,–,–,50.7,18.8,14.5,2.4,–,–,20.7,12.6,10.4,1.53,–,–,–,–,–,–,–,–,–,–,–,–,–,–,–,–,–,–,–,50.5,–,–,–,–,–,–,–,–,–,–,–,–,–,–,–,–,–,–,–,–,–,–,–,–,–,–,–,–,–,–,–,–,–,–,–,–,–,–,–,–,–,4,2.6,–,12,5.59,–,7,5.6,0.5,0.465,–,21.1,–,–,–,–,–,–,–,–,–,–,–,–,–,–,–,–,–,–,–,–,–,–,–,–,–,–,–,–,–,–
14th,–,HSS,HSS7X4X3/8,–,–,–,–,–,–,6.88,–,–,–,–,–,–,–,–,24.93,–,–,–,–,–,41.8,15.1,11.9,2.46,–,–,17.3,10.2,8.63,1.58,–,–,–,–,–,–,–,–,–,–,–,–,–,–,–,–,–,–,–,41,–,–,–,–,–,–,–,–,–,–,–,–,–,–,–,–,–,–,–,–,–,–,–,–,–,–,–,–,–,–,–,–,–,–,–,–,–,–,–,–,–,4,2.95,–,17,8.45,–,7,5.95,0.375,0.349,–,16.8,–,–,–,–,–,–,–,–,–,–,–,–,–,–,–,–,–,–,–,–,–,–,–,–,–,–,–,–,–,–
14th,–,HSS,HSS7X4X5/16,–,–,–,–,–,–,5.85,–,–,–,–,–,–,–,–,21.21,–,–,–,–,–,36.5,13.1,10.4,2.5,–,–,15.2,8.83,7.58,1.61,–,–,–,–,–,–,–,–,–,–,–,–,–,–,–,–,–,–,–,35.4,–,–,–,–,–,–,–,–,–,–,–,–,–,–,–,–,–,–,–,–,–,–,–,–,–,–,–,–,–,–,–,–,–,–,–,–,–,–,–,–,–,4,3.13,–,21.1,10.8,–,7,6.13,0.3125,0.291,–,14.4,–,–,–,–,–,–,–,–,–,–,–,–,–,–,–,–,–,–,–,–,–,–,–,–,–,–,–,–,–,–
14th,–,HSS,HSS7X4X1/4,–,–,–,–,–,–,4.77,–,–,–,–,–,–,–,–,17.32,–,–,–,–,–,30.5,10.8,8.72,2.53,–,–,12.8,7.33,6.38,1.64,–,–,–,–,–,–,–,–,–,–,–,–,–,–,–,–,–,–,–,29.3,–,–,–,–,–,–,–,–,–,–,–,–,–,–,–,–,–,–,–,–,–,–,–,–,–,–,–,–,–,–,–,–,–,–,–,–,–,–,–,–,–,4,3.3,–,27,14.2,–,7,6.3,0.25,0.233,–,11.8,–,–,–,–,–,–,–,–,–,–,–,–,–,–,–,–,–,–,–,–,–,–,–,–,–,–,–,–,–,–
14th,–,HSS,HSS7X4X3/16,–,–,–,–,–,–,3.63,–,–,–,–,–,–,–,–,13.25,–,–,–,–,–,23.8,8.33,6.81,2.56,–,–,10,5.67,5.02,1.66,–,–,–,–,–,–,–,–,–,–,–,–,–,–,–,–,–,–,–,22.7,–,–,–,–,–,–,–,–,–,–,–,–,–,–,–,–,–,–,–,–,–,–,–,–,–,–,–,–,–,–,–,–,–,–,–,–,–,–,–,–,–,4,3.48,–,37.2,20,–,7,6.48,0.1875,0.174,–,9.07,–,–,–,–,–,–,–,–,–,–,–,–,–,–,–,–,–,–,–,–,–,–,–,–,–,–,–,–,–,–
14th,–,HSS,HSS7X4X1/8,–,–,–,–,–,–,2.46,–,–,–,–,–,–,–,–,9.01,–,–,–,–,–,16.6,5.73,4.73,2.59,–,–,7.03,3.91,3.51,1.69,–,–,–,–,–,–,–,–,–,–,–,–,–,–,–,–,–,–,–,15.6,–,–,–,–,–,–,–,–,–,–,–,–,–,–,–,–,–,–,–,–,–,–,–,–,–,–,–,–,–,–,–,–,–,–,–,–,–,–,–,–,–,4,3.65,–,57.3,31.5,–,7,6.65,0.125,0.116,–,6.2,–,–,–,–,–,–,–,–,–,–,–,–,–,–,–,–,–,–,–,–,–,–,–,–,–,–,–,–,–,–
14th,–,HSS,HSS7X3X1/2,–,–,–,–,–,–,7.88,–,–,–,–,–,–,–,–,28.43,–,–,–,–,–,40.7,15.8,11.6,2.27,–,–,10.2,8.46,6.8,1.14,–,–,–,–,–,–,–,–,–,–,–,–,–,–,–,–,–,–,–,28.6,–,–,–,–,–,–,–,–,–,–,–,–,–,–,–,–,–,–,–,–,–,–,–,–,–,–,–,–,–,–,–,–,–,–,–,–,–,–,–,–,–,3,1.6,–,12,3.44,–,7,5.6,0.5,0.465,–,15,–,–,–,–,–,–,–,–,–,–,–,–,–,–,–,–,–,–,–,–,–,–,–,–,–,–,–,–,–,–
14th,–,HSS,HSS7X3X3/8,–,–,–,–,–,–,6.18,–,–,–,–,–,–,–,–,22.37,–,–,–,–,–,34.1,12.8,9.73,2.35,–,–,8.71,6.95,5.81,1.19,–,–,–,–,–,–,–,–,–,–,–,–,–,–,–,–,–,–,–,23.9,–,–,–,–,–,–,–,–,–,–,–,–,–,–,–,–,–,–,–,–,–,–,–,–,–,–,–,–,–,–,–,–,–,–,–,–,–,–,–,–,–,3,1.95,–,17,5.59,–,7,5.95,0.375,0.349,–,12.1,–,–,–,–,–,–,–,–,–,–,–,–,–,–,–,–,–,–,–,–,–,–,–,–,–,–,–,–,–,–
14th,–,HSS,HSS7X3X5/16,–,–,–,–,–,–,5.26,–,–,–,–,–,–,–,–,19.08,–,–,–,–,–,29.9,11.1,8.54,2.38,–,–,7.74,6.05,5.16,1.21,–,–,–,–,–,–,–,–,–,–,–,–,–,–,–,–,–,–,–,20.9,–,–,–,–,–,–,–,–,–,–,–,–,–,–,–,–,–,–,–,–,–,–,–,–,–,–,–,–,–,–,–,–,–,–,–,–,–,–,–,–,–,3,2.13,–,21.1,7.32,–,7,6.13,0.3125,0.291,–,10.5,–,–,–,–,–,–,–,–,–,–,–,–,–,–,–,–,–,–,–,–,–,–,–,–,–,–,–,–,–,–
14th,–,HSS,HSS7X3X1/4,–,–,–,–,–,–,4.3,–,–,–,–,–,–,–,–,15.62,–,–,–,–,–,25.2,9.22,7.19,2.42,–,–,6.6,5.06,4.4,1.24,–,–,–,–,–,–,–,–,–,–,–,–,–,–,–,–,–,–,–,17.5,–,–,–,–,–,–,–,–,–,–,–,–,–,–,–,–,–,–,–,–,–,–,–,–,–,–,–,–,–,–,–,–,–,–,–,–,–,–,–,–,–,3,2.3,–,27,9.87,–,7,6.3,0.25,0.233,–,8.68,–,–,–,–,–,–,–,–,–,–,–,–,–,–,–,–,–,–,–,–,–,–,–,–,–,–,–,–,–,–
14th,–,HSS,HSS7X3X3/16,–,–,–,–,–,–,3.28,–,–,–,–,–,–,–,–,11.97,–,–,–,–,–,19.8,7.14,5.65,2.45,–,–,5.24,3.94,3.5,1.26,–,–,–,–,–,–,–,–,–,–,–,–,–,–,–,–,–,–,–,13.7,–,–,–,–,–,–,–,–,–,–,–,–,–,–,–,–,–,–,–,–,–,–,–,–,–,–,–,–,–,–,–,–,–,–,–,–,–,–,–,–,–,3,2.48,–,37.2,14.3,–,7,6.48,0.1875,0.174,–,6.69,–,–,–,–,–,–,–,–,–,–,–,–,–,–,–,–,–,–,–,–,–,–,–,–,–,–,–,–,–,–
14th,–,HSS,HSS7X3X1/8,–,–,–,–,–,–,2.23,–,–,–,–,–,–,–,–,8.16,–,–,–,–,–,13.8,4.93,3.95,2.49,–,–,3.71,2.73,2.48,1.29,–,–,–,–,–,–,–,–,–,–,–,–,–,–,–,–,–,–,–,9.48,–,–,–,–,–,–,–,–,–,–,–,–,–,–,–,–,–,–,–,–,–,–,–,–,–,–,–,–,–,–,–,–,–,–,–,–,–,–,–,–,–,3,2.65,–,57.3,22.8,–,7,6.65,0.125,0.116,–,4.6,–,–,–,–,–,–,–,–,–,–,–,–,–,–,–,–,–,–,–,–,–,–,–,–,–,–,–,–,–,–
14th,–,HSS,HSS7X2X1/4,–,–,–,–,–,–,3.84,–,–,–,–,–,–,–,–,13.91,–,–,–,–,–,19.8,7.64,5.67,2.27,–,–,2.58,3.02,2.58,0.819,–,–,–,–,–,–,–,–,–,–,–,–,–,–,–,–,–,–,–,7.95,–,–,–,–,–,–,–,–,–,–,–,–,–,–,–,–,–,–,–,–,–,–,–,–,–,–,–,–,–,–,–,–,–,–,–,–,–,–,–,–,–,2,1.3,–,27,5.58,–,7,6.3,0.25,0.233,–,5.52,–,–,–,–,–,–,–,–,–,–,–,–,–,–,–,–,–,–,–,–,–,–,–,–,–,–,–,–,–,–
14th,–,HSS,HSS7X2X3/16,–,–,–,–,–,–,2.93,–,–,–,–,–,–,–,–,10.7,–,–,–,–,–,15.7,5.95,4.49,2.31,–,–,2.1,2.39,2.1,0.845,–,–,–,–,–,–,–,–,–,–,–,–,–,–,–,–,–,–,–,6.35,–,–,–,–,–,–,–,–,–,–,–,–,–,–,–,–,–,–,–,–,–,–,–,–,–,–,–,–,–,–,–,–,–,–,–,–,–,–,–,–,–,2,1.48,–,37.2,8.51,–,7,6.48,0.1875,0.174,–,4.32,–,–,–,–,–,–,–,–,–,–,–,–,–,–,–,–,–,–,–,–,–,–,–,–,–,–,–,–,–,–
14th,–,HSS,HSS7X2X1/8,–,–,–,–,–,–,2,–,–,–,–,–,–,–,–,7.31,–,–,–,–,–,11.1,4.13,3.16,2.35,–,–,1.52,1.68,1.52,0.871,–,–,–,–,–,–,–,–,–,–,–,–,–,–,–,–,–,–,–,4.51,–,–,–,–,–,–,–,–,–,–,–,–,–,–,–,–,–,–,–,–,–,–,–,–,–,–,–,–,–,–,–,–,–,–,–,–,–,–,–,–,–,2,1.65,–,57.3,14.2,–,7,6.65,0.125,0.116,–,3,–,–,–,–,–,–,–,–,–,–,–,–,–,–,–,–,–,–,–,–,–,–,–,–,–,–,–,–,–,–
14th,–,HSS,HSS6X6X5/8,–,–,–,–,–,–,11.7,–,–,–,–,–,–,–,–,42.3,–,–,–,–,–,55.2,23.2,18.4,2.17,–,–,55.2,23.2,18.4,2.17,–,–,–,–,–,–,–,–,–,–,–,–,–,–,–,–,–,–,–,94.9,–,–,–,–,–,–,–,–,–,–,–,–,–,–,–,–,–,–,–,–,–,–,–,–,–,–,–,–,–,–,–,–,–,–,–,–,–,–,–,–,–,6,4.26,–,7.33,7.33,–,6,4.26,0.625,0.581,–,33.4,–,–,–,–,–,–,–,–,–,–,–,–,–,–,–,–,–,–,–,–,–,–,–,–,–,–,–,–,–,–
14th,–,HSS,HSS6X6X1/2,–,–,–,–,–,–,9.74,–,–,–,–,–,–,–,–,35.24,–,–,–,–,–,48.3,19.8,16.1,2.23,–,–,48.3,19.8,16.1,2.23,–,–,–,–,–,–,–,–,–,–,–,–,–,–,–,–,–,–,–,81.1,–,–,–,–,–,–,–,–,–,–,–,–,–,–,–,–,–,–,–,–,–,–,–,–,–,–,–,–,–,–,–,–,–,–,–,–,–,–,–,–,–,6,4.61,–,9.91,9.91,–,6,4.61,0.5,0.465,–,28.1,–,–,–,–,–,–,–,–,–,–,–,–,–,–,–,–,–,–,–,–,–,–,–,–,–,–,–,–,–,–
14th,–,HSS,HSS6X6X3/8,–,–,–,–,–,–,7.58,–,–,–,–,–,–,–,–,27.48,–,–,–,–,–,39.5,15.8,13.2,2.28,–,–,39.5,15.8,13.2,2.28,–,–,–,–,–,–,–,–,–,–,–,–,–,–,–,–,–,–,–,64.6,–,–,–,–,–,–,–,–,–,–,–,–,–,–,–,–,–,–,–,–,–,–,–,–,–,–,–,–,–,–,–,–,–,–,–,–,–,–,–,–,–,6,4.95,–,14.2,14.2,–,6,4.95,0.375,0.349,–,22.1,–,–,–,–,–,–,–,–,–,–,–,–,–,–,–,–,–,–,–,–,–,–,–,–,–,–,–,–,–,–
14th,–,HSS,HSS6X6X5/16,–,–,–,–,–,–,6.43,–,–,–,–,–,–,–,–,23.34,–,–,–,–,–,34.3,13.6,11.4,2.31,–,–,34.3,13.6,11.4,2.31,–,–,–,–,–,–,–,–,–,–,–,–,–,–,–,–,–,–,–,55.4,–,–,–,–,–,–,–,–,–,–,–,–,–,–,–,–,–,–,–,–,–,–,–,–,–,–,–,–,–,–,–,–,–,–,–,–,–,–,–,–,–,6,5.13,–,17.6,17.6,–,6,5.13,0.3125,0.291,–,18.9,–,–,–,–,–,–,–,–,–,–,–,–,–,–,–,–,–,–,–,–,–,–,–,–,–,–,–,–,–,–
14th,–,HSS,HSS6X6X1/4,–,–,–,–,–,–,5.24,–,–,–,–,–,–,–,–,19.02,–,–,–,–,–,28.6,11.2,9.54,2.34,–,–,28.6,11.2,9.54,2.34,–,–,–,–,–,–,–,–,–,–,–,–,–,–,–,–,–,–,–,45.6,–,–,–,–,–,–,–,–,–,–,–,–,–,–,–,–,–,–,–,–,–,–,–,–,–,–,–,–,–,–,–,–,–,–,–,–,–,–,–,–,–,6,5.3,–,22.7,22.7,–,6,5.3,0.25,0.233,–,15.4,–,–,–,–,–,–,–,–,–,–,–,–,–,–,–,–,–,–,–,–,–,–,–,–,–,–,–,–,–,–
14th,–,HSS,HSS6X6X3/16,–,–,–,–,–,–,3.98,–,–,–,–,–,–,–,–,14.53,–,–,–,–,–,22.3,8.63,7.42,2.37,–,–,22.3,8.63,7.42,2.37,–,–,–,–,–,–,–,–,–,–,–,–,–,–,–,–,–,–,–,35,–,–,–,–,–,–,–,–,–,–,–,–,–,–,–,–,–,–,–,–,–,–,–,–,–,–,–,–,–,–,–,–,–,–,–,–,–,–,–,–,–,6,5.48,–,31.5,31.5,–,6,5.48,0.1875,0.174,–,11.8,–,–,–,–,–,–,–,–,–,–,–,–,–,–,–,–,–,–,–,–,–,–,–,–,–,–,–,–,–,–
14th,–,HSS,HSS6X6X1/8,–,–,–,–,–,–,2.7,–,–,–,–,–,–,–,–,9.86,–,–,–,–,–,15.5,5.92,5.15,2.39,–,–,15.5,5.92,5.15,2.39,–,–,–,–,–,–,–,–,–,–,–,–,–,–,–,–,–,–,–,23.9,–,–,–,–,–,–,–,–,–,–,–,–,–,–,–,–,–,–,–,–,–,–,–,–,–,–,–,–,–,–,–,–,–,–,–,–,–,–,–,–,–,6,5.65,–,48.7,48.7,–,6,5.65,0.125,0.116,–,8.03,–,–,–,–,–,–,–,–,–,–,–,–,–,–,–,–,–,–,–,–,–,–,–,–,–,–,–,–,–,–
14th,–,HSS,HSS6X5X1/2,–,–,–,–,–,–,8.81,–,–,–,–,–,–,–,–,31.84,–,–,–,–,–,41.1,17.2,13.7,2.16,–,–,30.8,15.2,12.3,1.87,–,–,–,–,–,–,–,–,–,–,–,–,–,–,–,–,–,–,–,59.8,–,–,–,–,–,–,–,–,–,–,–,–,–,–,–,–,–,–,–,–,–,–,–,–,–,–,–,–,–,–,–,–,–,–,–,–,–,–,–,–,–,5,3.6,–,9.91,7.74,–,6,4.61,0.5,0.465,–,23,–,–,–,–,–,–,–,–,–,–,–,–,–,–,–,–,–,–,–,–,–,–,–,–,–,–,–,–,–,–
14th,–,HSS,HSS6X5X3/8,–,–,–,–,–,–,6.88,–,–,–,–,–,–,–,–,24.93,–,–,–,–,–,33.9,13.8,11.3,2.22,–,–,25.5,12.2,10.2,1.92,–,–,–,–,–,–,–,–,–,–,–,–,–,–,–,–,–,–,–,48.1,–,–,–,–,–,–,–,–,–,–,–,–,–,–,–,–,–,–,–,–,–,–,–,–,–,–,–,–,–,–,–,–,–,–,–,–,–,–,–,–,–,5,3.95,–,14.2,11.3,–,6,4.95,0.375,0.349,–,18.2,–,–,–,–,–,–,–,–,–,–,–,–,–,–,–,–,–,–,–,–,–,–,–,–,–,–,–,–,–,–
14th,–,HSS,HSS6X5X5/16,–,–,–,–,–,–,5.85,–,–,–,–,–,–,–,–,21.21,–,–,–,–,–,29.6,11.9,9.85,2.25,–,–,22.3,10.5,8.91,1.95,–,–,–,–,–,–,–,–,–,–,–,–,–,–,–,–,–,–,–,41.4,–,–,–,–,–,–,–,–,–,–,–,–,–,–,–,–,–,–,–,–,–,–,–,–,–,–,–,–,–,–,–,–,–,–,–,–,–,–,–,–,–,5,4.13,–,17.6,14.2,–,6,5.13,0.3125,0.291,–,15.6,–,–,–,–,–,–,–,–,–,–,–,–,–,–,–,–,–,–,–,–,–,–,–,–,–,–,–,–,–,–
14th,–,HSS,HSS6X5X1/4,–,–,–,–,–,–,4.77,–,–,–,–,–,–,–,–,17.32,–,–,–,–,–,24.7,9.87,8.25,2.28,–,–,18.7,8.72,7.47,1.98,–,–,–,–,–,–,–,–,–,–,–,–,–,–,–,–,–,–,–,34.2,–,–,–,–,–,–,–,–,–,–,–,–,–,–,–,–,–,–,–,–,–,–,–,–,–,–,–,–,–,–,–,–,–,–,–,–,–,–,–,–,–,5,4.3,–,22.7,18.5,–,6,5.3,0.25,0.233,–,12.8,–,–,–,–,–,–,–,–,–,–,–,–,–,–,–,–,–,–,–,–,–,–,–,–,–,–,–,–,–,–
14th,–,HSS,HSS6X5X3/16,–,–,–,–,–,–,3.63,–,–,–,–,–,–,–,–,13.25,–,–,–,–,–,19.3,7.62,6.44,2.31,–,–,14.6,6.73,5.84,2.01,–,–,–,–,–,–,–,–,–,–,–,–,–,–,–,–,–,–,–,26.3,–,–,–,–,–,–,–,–,–,–,–,–,–,–,–,–,–,–,–,–,–,–,–,–,–,–,–,–,–,–,–,–,–,–,–,–,–,–,–,–,–,5,4.48,–,31.5,25.7,–,6,5.48,0.1875,0.174,–,9.76,–,–,–,–,–,–,–,–,–,–,–,–,–,–,–,–,–,–,–,–,–,–,–,–,–,–,–,–,–,–
14th,–,HSS,HSS6X5X1/8,–,–,–,–,–,–,2.46,–,–,–,–,–,–,–,–,9.01,–,–,–,–,–,13.4,5.24,4.48,2.34,–,–,10.2,4.63,4.07,2.03,–,–,–,–,–,–,–,–,–,–,–,–,–,–,–,–,–,–,–,18,–,–,–,–,–,–,–,–,–,–,–,–,–,–,–,–,–,–,–,–,–,–,–,–,–,–,–,–,–,–,–,–,–,–,–,–,–,–,–,–,–,5,4.65,–,48.7,40.1,–,6,5.65,0.125,0.116,–,6.66,–,–,–,–,–,–,–,–,–,–,–,–,–,–,–,–,–,–,–,–,–,–,–,–,–,–,–,–,–,–
14th,–,HSS,HSS6X4X1/2,–,–,–,–,–,–,7.88,–,–,–,–,–,–,–,–,28.43,–,–,–,–,–,34,14.6,11.3,2.08,–,–,17.8,11,8.89,1.5,–,–,–,–,–,–,–,–,–,–,–,–,–,–,–,–,–,–,–,40.3,–,–,–,–,–,–,–,–,–,–,–,–,–,–,–,–,–,–,–,–,–,–,–,–,–,–,–,–,–,–,–,–,–,–,–,–,–,–,–,–,–,4,2.6,–,9.91,5.59,–,6,4.61,0.5,0.465,–,17.8,–,–,–,–,–,–,–,–,–,–,–,–,–,–,–,–,–,–,–,–,–,–,–,–,–,–,–,–,–,–
14th,–,HSS,HSS6X4X3/8,–,–,–,–,–,–,6.18,–,–,–,–,–,–,–,–,22.37,–,–,–,–,–,28.3,11.9,9.43,2.14,–,–,14.9,8.94,7.47,1.55,–,–,–,–,–,–,–,–,–,–,–,–,–,–,–,–,–,–,–,32.8,–,–,–,–,–,–,–,–,–,–,–,–,–,–,–,–,–,–,–,–,–,–,–,–,–,–,–,–,–,–,–,–,–,–,–,–,–,–,–,–,–,4,2.95,–,14.2,8.45,–,6,4.95,0.375,0.349,–,14.2,–,–,–,–,–,–,–,–,–,–,–,–,–,–,–,–,–,–,–,–,–,–,–,–,–,–,–,–,–,–
14th,–,HSS,HSS6X4X5/16,–,–,–,–,–,–,5.26,–,–,–,–,–,–,–,–,19.08,–,–,–,–,–,24.8,10.3,8.27,2.17,–,–,13.2,7.75,6.58,1.58,–,–,–,–,–,–,–,–,–,–,–,–,–,–,–,–,–,–,–,28.4,–,–,–,–,–,–,–,–,–,–,–,–,–,–,–,–,–,–,–,–,–,–,–,–,–,–,–,–,–,–,–,–,–,–,–,–,–,–,–,–,–,4,3.13,–,17.6,10.8,–,6,5.13,0.3125,0.291,–,12.2,–,–,–,–,–,–,–,–,–,–,–,–,–,–,–,–,–,–,–,–,–,–,–,–,–,–,–,–,–,–
14th,–,HSS,HSS6X4X1/4,–,–,–,–,–,–,4.3,–,–,–,–,–,–,–,–,15.62,–,–,–,–,–,20.9,8.53,6.96,2.2,–,–,11.1,6.45,5.56,1.61,–,–,–,–,–,–,–,–,–,–,–,–,–,–,–,–,–,–,–,23.6,–,–,–,–,–,–,–,–,–,–,–,–,–,–,–,–,–,–,–,–,–,–,–,–,–,–,–,–,–,–,–,–,–,–,–,–,–,–,–,–,–,4,3.3,–,22.7,14.2,–,6,5.3,0.25,0.233,–,10.1,–,–,–,–,–,–,–,–,–,–,–,–,–,–,–,–,–,–,–,–,–,–,–,–,–,–,–,–,–,–
14th,–,HSS,HSS6X4X3/16,–,–,–,–,–,–,3.28,–,–,–,–,–,–,–,–,11.97,–,–,–,–,–,16.4,6.6,5.46,2.23,–,–,8.76,5,4.38,1.63,–,–,–,–,–,–,–,–,–,–,–,–,–,–,–,–,–,–,–,18.2,–,–,–,–,–,–,–,–,–,–,–,–,–,–,–,–,–,–,–,–,–,–,–,–,–,–,–,–,–,–,–,–,–,–,–,–,–,–,–,–,–,4,3.48,–,31.5,20,–,6,5.48,0.1875,0.174,–,7.74,–,–,–,–,–,–,–,–,–,–,–,–,–,–,–,–,–,–,–,–,–,–,–,–,–,–,–,–,–,–
14th,–,HSS,HSS6X4X1/8,–,–,–,–,–,–,2.23,–,–,–,–,–,–,–,–,8.16,–,–,–,–,–,11.4,4.56,3.81,2.26,–,–,6.15,3.46,3.08,1.66,–,–,–,–,–,–,–,–,–,–,–,–,–,–,–,–,–,–,–,12.6,–,–,–,–,–,–,–,–,–,–,–,–,–,–,–,–,–,–,–,–,–,–,–,–,–,–,–,–,–,–,–,–,–,–,–,–,–,–,–,–,–,4,3.65,–,48.7,31.5,–,6,5.65,0.125,0.116,–,5.3,–,–,–,–,–,–,–,–,–,–,–,–,–,–,–,–,–,–,–,–,–,–,–,–,–,–,–,–,–,–
14th,–,HSS,HSS6X3X1/2,–,–,–,–,–,–,6.95,–,–,–,–,–,–,–,–,25.03,–,–,–,–,–,26.8,12.1,8.95,1.97,–,–,8.69,7.28,5.79,1.12,–,–,–,–,–,–,–,–,–,–,–,–,–,–,–,–,–,–,–,23.1,–,–,–,–,–,–,–,–,–,–,–,–,–,–,–,–,–,–,–,–,–,–,–,–,–,–,–,–,–,–,–,–,–,–,–,–,–,–,–,–,–,3,1.6,–,9.91,3.44,–,6,4.61,0.5,0.465,–,12.7,–,–,–,–,–,–,–,–,–,–,–,–,–,–,–,–,–,–,–,–,–,–,–,–,–,–,–,–,–,–
14th,–,HSS,HSS6X3X3/8,–,–,–,–,–,–,5.48,–,–,–,–,–,–,–,–,19.82,–,–,–,–,–,22.7,9.9,7.57,2.04,–,–,7.48,6.03,4.99,1.17,–,–,–,–,–,–,–,–,–,–,–,–,–,–,–,–,–,–,–,19.3,–,–,–,–,–,–,–,–,–,–,–,–,–,–,–,–,–,–,–,–,–,–,–,–,–,–,–,–,–,–,–,–,–,–,–,–,–,–,–,–,–,3,1.95,–,14.2,5.59,–,6,4.95,0.375,0.349,–,10.3,–,–,–,–,–,–,–,–,–,–,–,–,–,–,–,–,–,–,–,–,–,–,–,–,–,–,–,–,–,–
14th,–,HSS,HSS6X3X5/16,–,–,–,–,–,–,4.68,–,–,–,–,–,–,–,–,16.96,–,–,–,–,–,20.1,8.61,6.69,2.07,–,–,6.67,5.27,4.45,1.19,–,–,–,–,–,–,–,–,–,–,–,–,–,–,–,–,–,–,–,16.9,–,–,–,–,–,–,–,–,–,–,–,–,–,–,–,–,–,–,–,–,–,–,–,–,–,–,–,–,–,–,–,–,–,–,–,–,–,–,–,–,–,3,2.13,–,17.6,7.32,–,6,5.13,0.3125,0.291,–,8.91,–,–,–,–,–,–,–,–,–,–,–,–,–,–,–,–,–,–,–,–,–,–,–,–,–,–,–,–,–,–
14th,–,HSS,HSS6X3X1/4,–,–,–,–,–,–,3.84,–,–,–,–,–,–,–,–,13.91,–,–,–,–,–,17,7.19,5.66,2.1,–,–,5.7,4.41,3.8,1.22,–,–,–,–,–,–,–,–,–,–,–,–,–,–,–,–,–,–,–,14.2,–,–,–,–,–,–,–,–,–,–,–,–,–,–,–,–,–,–,–,–,–,–,–,–,–,–,–,–,–,–,–,–,–,–,–,–,–,–,–,–,–,3,2.3,–,22.7,9.87,–,6,5.3,0.25,0.233,–,7.39,–,–,–,–,–,–,–,–,–,–,–,–,–,–,–,–,–,–,–,–,–,–,–,–,–,–,–,–,–,–
14th,–,HSS,HSS6X3X3/16,–,–,–,–,–,–,2.93,–,–,–,–,–,–,–,–,10.7,–,–,–,–,–,13.4,5.59,4.47,2.14,–,–,4.55,3.45,3.03,1.25,–,–,–,–,–,–,–,–,–,–,–,–,–,–,–,–,–,–,–,11.1,–,–,–,–,–,–,–,–,–,–,–,–,–,–,–,–,–,–,–,–,–,–,–,–,–,–,–,–,–,–,–,–,–,–,–,–,–,–,–,–,–,3,2.48,–,31.5,14.3,–,6,5.48,0.1875,0.174,–,5.71,–,–,–,–,–,–,–,–,–,–,–,–,–,–,–,–,–,–,–,–,–,–,–,–,–,–,–,–,–,–
14th,–,HSS,HSS6X3X1/8,–,–,–,–,–,–,2,–,–,–,–,–,–,–,–,7.31,–,–,–,–,–,9.43,3.87,3.14,2.17,–,–,3.23,2.4,2.15,1.27,–,–,–,–,–,–,–,–,–,–,–,–,–,–,–,–,–,–,–,7.73,–,–,–,–,–,–,–,–,–,–,–,–,–,–,–,–,–,–,–,–,–,–,–,–,–,–,–,–,–,–,–,–,–,–,–,–,–,–,–,–,–,3,2.65,–,48.7,22.8,–,6,5.65,0.125,0.116,–,3.93,–,–,–,–,–,–,–,–,–,–,–,–,–,–,–,–,–,–,–,–,–,–,–,–,–,–,–,–,–,–
14th,–,HSS,HSS6X2X3/8,–,–,–,–,–,–,4.78,–,–,–,–,–,–,–,–,17.27,–,–,–,–,–,17.1,7.93,5.71,1.89,–,–,2.77,3.46,2.77,0.76,–,–,–,–,–,–,–,–,–,–,–,–,–,–,–,–,–,–,–,8.42,–,–,–,–,–,–,–,–,–,–,–,–,–,–,–,–,–,–,–,–,–,–,–,–,–,–,–,–,–,–,–,–,–,–,–,–,–,–,–,–,–,2,0.953,–,14.2,2.73,–,6,4.95,0.375,0.349,–,6.35,–,–,–,–,–,–,–,–,–,–,–,–,–,–,–,–,–,–,–,–,–,–,–,–,–,–,–,–,–,–
14th,–,HSS,HSS6X2X5/16,–,–,–,–,–,–,4.1,–,–,–,–,–,–,–,–,14.83,–,–,–,–,–,15.3,6.95,5.11,1.93,–,–,2.52,3.07,2.52,0.785,–,–,–,–,–,–,–,–,–,–,–,–,–,–,–,–,–,–,–,7.6,–,–,–,–,–,–,–,–,–,–,–,–,–,–,–,–,–,–,–,–,–,–,–,–,–,–,–,–,–,–,–,–,–,–,–,–,–,–,–,–,–,2,1.13,–,17.6,3.88,–,6,5.13,0.3125,0.291,–,5.58,–,–,–,–,–,–,–,–,–,–,–,–,–,–,–,–,–,–,–,–,–,–,–,–,–,–,–,–,–,–
14th,–,HSS,HSS6X2X1/4,–,–,–,–,–,–,3.37,–,–,–,–,–,–,–,–,12.21,–,–,–,–,–,13.1,5.84,4.37,1.97,–,–,2.21,2.61,2.21,0.81,–,–,–,–,–,–,–,–,–,–,–,–,–,–,–,–,–,–,–,6.55,–,–,–,–,–,–,–,–,–,–,–,–,–,–,–,–,–,–,–,–,–,–,–,–,–,–,–,–,–,–,–,–,–,–,–,–,–,–,–,–,–,2,1.3,–,22.7,5.58,–,6,5.3,0.25,0.233,–,4.7,–,–,–,–,–,–,–,–,–,–,–,–,–,–,–,–,–,–,–,–,–,–,–,–,–,–,–,–,–,–
14th,–,HSS,HSS6X2X3/16,–,–,–,–,–,–,2.58,–,–,–,–,–,–,–,–,9.42,–,–,–,–,–,10.5,4.58,3.49,2.01,–,–,1.8,2.07,1.8,0.836,–,–,–,–,–,–,–,–,–,–,–,–,–,–,–,–,–,–,–,5.24,–,–,–,–,–,–,–,–,–,–,–,–,–,–,–,–,–,–,–,–,–,–,–,–,–,–,–,–,–,–,–,–,–,–,–,–,–,–,–,–,–,2,1.48,–,31.5,8.51,–,6,5.48,0.1875,0.174,–,3.68,–,–,–,–,–,–,–,–,–,–,–,–,–,–,–,–,–,–,–,–,–,–,–,–,–,–,–,–,–,–
14th,–,HSS,HSS6X2X1/8,–,–,–,–,–,–,1.77,–,–,–,–,–,–,–,–,6.46,–,–,–,–,–,7.42,3.19,2.47,2.05,–,–,1.31,1.46,1.31,0.861,–,–,–,–,–,–,–,–,–,–,–,–,–,–,–,–,–,–,–,3.72,–,–,–,–,–,–,–,–,–,–,–,–,–,–,–,–,–,–,–,–,–,–,–,–,–,–,–,–,–,–,–,–,–,–,–,–,–,–,–,–,–,2,1.65,–,48.7,14.2,–,6,5.65,0.125,0.116,–,2.57,–,–,–,–,–,–,–,–,–,–,–,–,–,–,–,–,–,–,–,–,–,–,–,–,–,–,–,–,–,–
14th,–,HSS,HSS5-1/2X5-1/2X3/8,–,–,–,–,–,–,6.88,–,–,–,–,–,–,–,–,24.93,–,–,–,–,–,29.7,13.1,10.8,2.08,–,–,29.7,13.1,10.8,2.08,–,–,–,–,–,–,–,–,–,–,–,–,–,–,–,–,–,–,–,49,–,–,–,–,–,–,–,–,–,–,–,–,–,–,–,–,–,–,–,–,–,–,–,–,–,–,–,–,–,–,–,–,–,–,–,–,–,–,–,–,–,5.5,4.45,–,12.8,12.8,–,5.5,4.45,0.375,0.349,–,18.4,–,–,–,–,–,–,–,–,–,–,–,–,–,–,–,–,–,–,–,–,–,–,–,–,–,–,–,–,–,–
14th,–,HSS,HSS5-1/2X5-1/2X5/16,–,–,–,–,–,–,5.85,–,–,–,–,–,–,–,–,21.21,–,–,–,–,–,25.9,11.3,9.43,2.11,–,–,25.9,11.3,9.43,2.11,–,–,–,–,–,–,–,–,–,–,–,–,–,–,–,–,–,–,–,42.2,–,–,–,–,–,–,–,–,–,–,–,–,–,–,–,–,–,–,–,–,–,–,–,–,–,–,–,–,–,–,–,–,–,–,–,–,–,–,–,–,–,5.5,4.63,–,15.9,15.9,–,5.5,4.63,0.3125,0.291,–,15.7,–,–,–,–,–,–,–,–,–,–,–,–,–,–,–,–,–,–,–,–,–,–,–,–,–,–,–,–,–,–
14th,–,HSS,HSS5-1/2X5-1/2X1/4,–,–,–,–,–,–,4.77,–,–,–,–,–,–,–,–,17.32,–,–,–,–,–,21.7,9.32,7.9,2.13,–,–,21.7,9.32,7.9,2.13,–,–,–,–,–,–,–,–,–,–,–,–,–,–,–,–,–,–,–,34.8,–,–,–,–,–,–,–,–,–,–,–,–,–,–,–,–,–,–,–,–,–,–,–,–,–,–,–,–,–,–,–,–,–,–,–,–,–,–,–,–,–,5.5,4.8,–,20.6,20.6,–,5.5,4.8,0.25,0.233,–,12.9,–,–,–,–,–,–,–,–,–,–,–,–,–,–,–,–,–,–,–,–,–,–,–,–,–,–,–,–,–,–
14th,–,HSS,HSS5-1/2X5-1/2X3/16,–,–,–,–,–,–,3.63,–,–,–,–,–,–,–,–,13.25,–,–,–,–,–,17,7.19,6.17,2.16,–,–,17,7.19,6.17,2.16,–,–,–,–,–,–,–,–,–,–,–,–,–,–,–,–,–,–,–,26.7,–,–,–,–,–,–,–,–,–,–,–,–,–,–,–,–,–,–,–,–,–,–,–,–,–,–,–,–,–,–,–,–,–,–,–,–,–,–,–,–,–,5.5,4.98,–,28.6,28.6,–,5.5,4.98,0.1875,0.174,–,9.85,–,–,–,–,–,–,–,–,–,–,–,–,–,–,–,–,–,–,–,–,–,–,–,–,–,–,–,–,–,–
14th,–,HSS,HSS5-1/2X5-1/2X1/8,–,–,–,–,–,–,2.46,–,–,–,–,–,–,–,–,9.01,–,–,–,–,–,11.8,4.95,4.3,2.19,–,–,11.8,4.95,4.3,2.19,–,–,–,–,–,–,–,–,–,–,–,–,–,–,–,–,–,–,–,18.3,–,–,–,–,–,–,–,–,–,–,–,–,–,–,–,–,–,–,–,–,–,–,–,–,–,–,–,–,–,–,–,–,–,–,–,–,–,–,–,–,–,5.5,5.15,–,44.4,44.4,–,5.5,5.15,0.125,0.116,–,6.72,–,–,–,–,–,–,–,–,–,–,–,–,–,–,–,–,–,–,–,–,–,–,–,–,–,–,–,–,–,–
14th,–,HSS,HSS5X5X1/2,–,–,–,–,–,–,7.88,–,–,–,–,–,–,–,–,28.43,–,–,–,–,–,26,13.1,10.4,1.82,–,–,26,13.1,10.4,1.82,–,–,–,–,–,–,–,–,–,–,–,–,–,–,–,–,–,–,–,44.6,–,–,–,–,–,–,–,–,–,–,–,–,–,–,–,–,–,–,–,–,–,–,–,–,–,–,–,–,–,–,–,–,–,–,–,–,–,–,–,–,–,5,3.6,–,7.74,7.74,–,5,3.6,0.5,0.465,–,18.7,–,–,–,–,–,–,–,–,–,–,–,–,–,–,–,–,–,–,–,–,–,–,–,–,–,–,–,–,–,–
14th,–,HSS,HSS5X5X3/8,–,–,–,–,–,–,6.18,–,–,–,–,–,–,–,–,22.37,–,–,–,–,–,21.7,10.6,8.68,1.87,–,–,21.7,10.6,8.68,1.87,–,–,–,–,–,–,–,–,–,–,–,–,–,–,–,–,–,–,–,36.1,–,–,–,–,–,–,–,–,–,–,–,–,–,–,–,–,–,–,–,–,–,–,–,–,–,–,–,–,–,–,–,–,–,–,–,–,–,–,–,–,–,5,3.95,–,11.3,11.3,–,5,3.95,0.375,0.349,–,14.9,–,–,–,–,–,–,–,–,–,–,–,–,–,–,–,–,–,–,–,–,–,–,–,–,–,–,–,–,–,–
14th,–,HSS,HSS5X5X5/16,–,–,–,–,–,–,5.26,–,–,–,–,–,–,–,–,19.08,–,–,–,–,–,19,9.16,7.62,1.9,–,–,19,9.16,7.62,1.9,–,–,–,–,–,–,–,–,–,–,–,–,–,–,–,–,–,–,–,31.2,–,–,–,–,–,–,–,–,–,–,–,–,–,–,–,–,–,–,–,–,–,–,–,–,–,–,–,–,–,–,–,–,–,–,–,–,–,–,–,–,–,5,4.13,–,14.2,14.2,–,5,4.13,0.3125,0.291,–,12.8,–,–,–,–,–,–,–,–,–,–,–,–,–,–,–,–,–,–,–,–,–,–,–,–,–,–,–,–,–,–
14th,–,HSS,HSS5X5X1/4,–,–,–,–,–,–,4.3,–,–,–,–,–,–,–,–,15.62,–,–,–,–,–,16,7.61,6.41,1.93,–,–,16,7.61,6.41,1.93,–,–,–,–,–,–,–,–,–,–,–,–,–,–,–,–,–,–,–,25.8,–,–,–,–,–,–,–,–,–,–,–,–,–,–,–,–,–,–,–,–,–,–,–,–,–,–,–,–,–,–,–,–,–,–,–,–,–,–,–,–,–,5,4.3,–,18.5,18.5,–,5,4.3,0.25,0.233,–,10.5,–,–,–,–,–,–,–,–,–,–,–,–,–,–,–,–,–,–,–,–,–,–,–,–,–,–,–,–,–,–
14th,–,HSS,HSS5X5X3/16,–,–,–,–,–,–,3.28,–,–,–,–,–,–,–,–,11.97,–,–,–,–,–,12.6,5.89,5.03,1.96,–,–,12.6,5.89,5.03,1.96,–,–,–,–,–,–,–,–,–,–,–,–,–,–,–,–,–,–,–,19.9,–,–,–,–,–,–,–,–,–,–,–,–,–,–,–,–,–,–,–,–,–,–,–,–,–,–,–,–,–,–,–,–,–,–,–,–,–,–,–,–,–,5,4.48,–,25.7,25.7,–,5,4.48,0.1875,0.174,–,8.08,–,–,–,–,–,–,–,–,–,–,–,–,–,–,–,–,–,–,–,–,–,–,–,–,–,–,–,–,–,–
14th,–,HSS,HSS5X5X1/8,–,–,–,–,–,–,2.23,–,–,–,–,–,–,–,–,8.16,–,–,–,–,–,8.8,4.07,3.52,1.99,–,–,8.8,4.07,3.52,1.99,–,–,–,–,–,–,–,–,–,–,–,–,–,–,–,–,–,–,–,13.7,–,–,–,–,–,–,–,–,–,–,–,–,–,–,–,–,–,–,–,–,–,–,–,–,–,–,–,–,–,–,–,–,–,–,–,–,–,–,–,–,–,5,4.65,–,40.1,40.1,–,5,4.65,0.125,0.116,–,5.53,–,–,–,–,–,–,–,–,–,–,–,–,–,–,–,–,–,–,–,–,–,–,–,–,–,–,–,–,–,–
14th,–,HSS,HSS5X4X1/2,–,–,–,–,–,–,6.95,–,–,–,–,–,–,–,–,25.03,–,–,–,–,–,21.2,10.9,8.49,1.75,–,–,14.9,9.35,7.43,1.46,–,–,–,–,–,–,–,–,–,–,–,–,–,–,–,–,–,–,–,30.3,–,–,–,–,–,–,–,–,–,–,–,–,–,–,–,–,–,–,–,–,–,–,–,–,–,–,–,–,–,–,–,–,–,–,–,–,–,–,–,–,–,4,2.6,–,7.74,5.59,–,5,3.6,0.5,0.465,–,14.5,–,–,–,–,–,–,–,–,–,–,–,–,–,–,–,–,–,–,–,–,–,–,–,–,–,–,–,–,–,–
14th,–,HSS,HSS5X4X3/8,–,–,–,–,–,–,5.48,–,–,–,–,–,–,–,–,19.82,–,–,–,–,–,17.9,8.96,7.17,1.81,–,–,12.6,7.67,6.3,1.52,–,–,–,–,–,–,–,–,–,–,–,–,–,–,–,–,–,–,–,24.9,–,–,–,–,–,–,–,–,–,–,–,–,–,–,–,–,–,–,–,–,–,–,–,–,–,–,–,–,–,–,–,–,–,–,–,–,–,–,–,–,–,4,2.95,–,11.3,8.45,–,5,3.95,0.375,0.349,–,11.7,–,–,–,–,–,–,–,–,–,–,–,–,–,–,–,–,–,–,–,–,–,–,–,–,–,–,–,–,–,–
14th,–,HSS,HSS5X4X5/16,–,–,–,–,–,–,4.68,–,–,–,–,–,–,–,–,16.96,–,–,–,–,–,15.8,7.79,6.32,1.84,–,–,11.1,6.67,5.57,1.54,–,–,–,–,–,–,–,–,–,–,–,–,–,–,–,–,–,–,–,21.7,–,–,–,–,–,–,–,–,–,–,–,–,–,–,–,–,–,–,–,–,–,–,–,–,–,–,–,–,–,–,–,–,–,–,–,–,–,–,–,–,–,4,3.13,–,14.2,10.8,–,5,4.13,0.3125,0.291,–,10.1,–,–,–,–,–,–,–,–,–,–,–,–,–,–,–,–,–,–,–,–,–,–,–,–,–,–,–,–,–,–
14th,–,HSS,HSS5X4X1/4,–,–,–,–,–,–,3.84,–,–,–,–,–,–,–,–,13.91,–,–,–,–,–,13.4,6.49,5.35,1.87,–,–,9.46,5.57,4.73,1.57,–,–,–,–,–,–,–,–,–,–,–,–,–,–,–,–,–,–,–,18,–,–,–,–,–,–,–,–,–,–,–,–,–,–,–,–,–,–,–,–,–,–,–,–,–,–,–,–,–,–,–,–,–,–,–,–,–,–,–,–,–,4,3.3,–,18.5,14.2,–,5,4.3,0.25,0.233,–,8.32,–,–,–,–,–,–,–,–,–,–,–,–,–,–,–,–,–,–,–,–,–,–,–,–,–,–,–,–,–,–
14th,–,HSS,HSS5X4X3/16,–,–,–,–,–,–,2.93,–,–,–,–,–,–,–,–,10.7,–,–,–,–,–,10.6,5.05,4.22,1.9,–,–,7.48,4.34,3.74,1.6,–,–,–,–,–,–,–,–,–,–,–,–,–,–,–,–,–,–,–,14,–,–,–,–,–,–,–,–,–,–,–,–,–,–,–,–,–,–,–,–,–,–,–,–,–,–,–,–,–,–,–,–,–,–,–,–,–,–,–,–,–,4,3.48,–,25.7,20,–,5,4.48,0.1875,0.174,–,6.41,–,–,–,–,–,–,–,–,–,–,–,–,–,–,–,–,–,–,–,–,–,–,–,–,–,–,–,–,–,–
14th,–,HSS,HSS5X4X1/8,–,–,–,–,–,–,2,–,–,–,–,–,–,–,–,7.31,–,–,–,–,–,7.42,3.5,2.97,1.93,–,–,5.27,3.01,2.64,1.62,–,–,–,–,–,–,–,–,–,–,–,–,–,–,–,–,–,–,–,9.66,–,–,–,–,–,–,–,–,–,–,–,–,–,–,–,–,–,–,–,–,–,–,–,–,–,–,–,–,–,–,–,–,–,–,–,–,–,–,–,–,–,4,3.65,–,40.1,31.5,–,5,4.65,0.125,0.116,–,4.39,–,–,–,–,–,–,–,–,–,–,–,–,–,–,–,–,–,–,–,–,–,–,–,–,–,–,–,–,–,–
14th,–,HSS,HSS5X3X1/2,–,–,–,–,–,–,6.02,–,–,–,–,–,–,–,–,21.63,–,–,–,–,–,16.4,8.83,6.57,1.65,–,–,7.18,6.1,4.78,1.09,–,–,–,–,–,–,–,–,–,–,–,–,–,–,–,–,–,–,–,17.6,–,–,–,–,–,–,–,–,–,–,–,–,–,–,–,–,–,–,–,–,–,–,–,–,–,–,–,–,–,–,–,–,–,–,–,–,–,–,–,–,–,3,1.6,–,7.74,3.44,–,5,3.6,0.5,0.465,–,10.3,–,–,–,–,–,–,–,–,–,–,–,–,–,–,–,–,–,–,–,–,–,–,–,–,–,–,–,–,–,–
14th,–,HSS,HSS5X3X3/8,–,–,–,–,–,–,4.78,–,–,–,–,–,–,–,–,17.27,–,–,–,–,–,14.1,7.34,5.65,1.72,–,–,6.25,5.1,4.16,1.14,–,–,–,–,–,–,–,–,–,–,–,–,–,–,–,–,–,–,–,14.9,–,–,–,–,–,–,–,–,–,–,–,–,–,–,–,–,–,–,–,–,–,–,–,–,–,–,–,–,–,–,–,–,–,–,–,–,–,–,–,–,–,3,1.95,–,11.3,5.59,–,5,3.95,0.375,0.349,–,8.44,–,–,–,–,–,–,–,–,–,–,–,–,–,–,–,–,–,–,–,–,–,–,–,–,–,–,–,–,–,–
14th,–,HSS,HSS5X3X5/16,–,–,–,–,–,–,4.1,–,–,–,–,–,–,–,–,14.83,–,–,–,–,–,12.6,6.42,5.03,1.75,–,–,5.6,4.48,3.73,1.17,–,–,–,–,–,–,–,–,–,–,–,–,–,–,–,–,–,–,–,13.1,–,–,–,–,–,–,–,–,–,–,–,–,–,–,–,–,–,–,–,–,–,–,–,–,–,–,–,–,–,–,–,–,–,–,–,–,–,–,–,–,–,3,2.13,–,14.2,7.32,–,5,4.13,0.3125,0.291,–,7.33,–,–,–,–,–,–,–,–,–,–,–,–,–,–,–,–,–,–,–,–,–,–,–,–,–,–,–,–,–,–
14th,–,HSS,HSS5X3X1/4,–,–,–,–,–,–,3.37,–,–,–,–,–,–,–,–,12.21,–,–,–,–,–,10.7,5.38,4.29,1.78,–,–,4.81,3.77,3.21,1.19,–,–,–,–,–,–,–,–,–,–,–,–,–,–,–,–,–,–,–,11,–,–,–,–,–,–,–,–,–,–,–,–,–,–,–,–,–,–,–,–,–,–,–,–,–,–,–,–,–,–,–,–,–,–,–,–,–,–,–,–,–,3,2.3,–,18.5,9.87,–,5,4.3,0.25,0.233,–,6.1,–,–,–,–,–,–,–,–,–,–,–,–,–,–,–,–,–,–,–,–,–,–,–,–,–,–,–,–,–,–
14th,–,HSS,HSS5X3X3/16,–,–,–,–,–,–,2.58,–,–,–,–,–,–,–,–,9.42,–,–,–,–,–,8.53,4.21,3.41,1.82,–,–,3.85,2.96,2.57,1.22,–,–,–,–,–,–,–,–,–,–,–,–,–,–,–,–,–,–,–,8.64,–,–,–,–,–,–,–,–,–,–,–,–,–,–,–,–,–,–,–,–,–,–,–,–,–,–,–,–,–,–,–,–,–,–,–,–,–,–,–,–,–,3,2.48,–,25.7,14.3,–,5,4.48,0.1875,0.174,–,4.73,–,–,–,–,–,–,–,–,–,–,–,–,–,–,–,–,–,–,–,–,–,–,–,–,–,–,–,–,–,–
14th,–,HSS,HSS5X3X1/8,–,–,–,–,–,–,1.77,–,–,–,–,–,–,–,–,6.46,–,–,–,–,–,6.03,2.93,2.41,1.85,–,–,2.75,2.07,1.83,1.25,–,–,–,–,–,–,–,–,–,–,–,–,–,–,–,–,–,–,–,6.02,–,–,–,–,–,–,–,–,–,–,–,–,–,–,–,–,–,–,–,–,–,–,–,–,–,–,–,–,–,–,–,–,–,–,–,–,–,–,–,–,–,3,2.65,–,40.1,22.8,–,5,4.65,0.125,0.116,–,3.26,–,–,–,–,–,–,–,–,–,–,–,–,–,–,–,–,–,–,–,–,–,–,–,–,–,–,–,–,–,–
14th,–,HSS,HSS5X2-1/2X1/4,–,–,–,–,–,–,3.14,–,–,–,–,–,–,–,–,11.36,–,–,–,–,–,9.4,4.83,3.76,1.73,–,–,3.13,2.95,2.5,0.999,–,–,–,–,–,–,–,–,–,–,–,–,–,–,–,–,–,–,–,7.93,–,–,–,–,–,–,–,–,–,–,–,–,–,–,–,–,–,–,–,–,–,–,–,–,–,–,–,–,–,–,–,–,–,–,–,–,–,–,–,–,–,2.5,1.8,–,18.5,7.73,–,5,4.3,0.25,0.233,–,4.99,–,–,–,–,–,–,–,–,–,–,–,–,–,–,–,–,–,–,–,–,–,–,–,–,–,–,–,–,–,–
14th,–,HSS,HSS5X2-1/2X3/16,–,–,–,–,–,–,2.41,–,–,–,–,–,–,–,–,8.78,–,–,–,–,–,7.51,3.79,3.01,1.77,–,–,2.53,2.33,2.03,1.02,–,–,–,–,–,–,–,–,–,–,–,–,–,–,–,–,–,–,–,6.26,–,–,–,–,–,–,–,–,–,–,–,–,–,–,–,–,–,–,–,–,–,–,–,–,–,–,–,–,–,–,–,–,–,–,–,–,–,–,–,–,–,2.5,1.98,–,25.7,11.4,–,5,4.48,0.1875,0.174,–,3.89,–,–,–,–,–,–,–,–,–,–,–,–,–,–,–,–,–,–,–,–,–,–,–,–,–,–,–,–,–,–
14th,–,HSS,HSS5X2-1/2X1/8,–,–,–,–,–,–,1.65,–,–,–,–,–,–,–,–,6.03,–,–,–,–,–,5.34,2.65,2.14,1.8,–,–,1.82,1.64,1.46,1.05,–,–,–,–,–,–,–,–,–,–,–,–,–,–,–,–,–,–,–,4.4,–,–,–,–,–,–,–,–,–,–,–,–,–,–,–,–,–,–,–,–,–,–,–,–,–,–,–,–,–,–,–,–,–,–,–,–,–,–,–,–,–,2.5,2.15,–,40.1,18.5,–,5,4.65,0.125,0.116,–,2.7,–,–,–,–,–,–,–,–,–,–,–,–,–,–,–,–,–,–,–,–,–,–,–,–,–,–,–,–,–,–
14th,–,HSS,HSS5X2X3/8,–,–,–,–,–,–,4.09,–,–,–,–,–,–,–,–,14.72,–,–,–,–,–,10.4,5.71,4.14,1.59,–,–,2.28,2.88,2.28,0.748,–,–,–,–,–,–,–,–,–,–,–,–,–,–,–,–,–,–,–,6.61,–,–,–,–,–,–,–,–,–,–,–,–,–,–,–,–,–,–,–,–,–,–,–,–,–,–,–,–,–,–,–,–,–,–,–,–,–,–,–,–,–,2,0.953,–,11.3,2.73,–,5,3.95,0.375,0.349,–,5.2,–,–,–,–,–,–,–,–,–,–,–,–,–,–,–,–,–,–,–,–,–,–,–,–,–,–,–,–,–,–
14th,–,HSS,HSS5X2X5/16,–,–,–,–,–,–,3.52,–,–,–,–,–,–,–,–,12.7,–,–,–,–,–,9.35,5.05,3.74,1.63,–,–,2.1,2.57,2.1,0.772,–,–,–,–,–,–,–,–,–,–,–,–,–,–,–,–,–,–,–,5.99,–,–,–,–,–,–,–,–,–,–,–,–,–,–,–,–,–,–,–,–,–,–,–,–,–,–,–,–,–,–,–,–,–,–,–,–,–,–,–,–,–,2,1.13,–,14.2,3.88,–,5,4.13,0.3125,0.291,–,4.59,–,–,–,–,–,–,–,–,–,–,–,–,–,–,–,–,–,–,–,–,–,–,–,–,–,–,–,–,–,–
14th,–,HSS,HSS5X2X1/4,–,–,–,–,–,–,2.91,–,–,–,–,–,–,–,–,10.51,–,–,–,–,–,8.08,4.27,3.23,1.67,–,–,1.84,2.2,1.84,0.797,–,–,–,–,–,–,–,–,–,–,–,–,–,–,–,–,–,–,–,5.17,–,–,–,–,–,–,–,–,–,–,–,–,–,–,–,–,–,–,–,–,–,–,–,–,–,–,–,–,–,–,–,–,–,–,–,–,–,–,–,–,–,2,1.3,–,18.5,5.58,–,5,4.3,0.25,0.233,–,3.88,–,–,–,–,–,–,–,–,–,–,–,–,–,–,–,–,–,–,–,–,–,–,–,–,–,–,–,–,–,–
14th,–,HSS,HSS5X2X3/16,–,–,–,–,–,–,2.24,–,–,–,–,–,–,–,–,8.15,–,–,–,–,–,6.5,3.37,2.6,1.7,–,–,1.51,1.75,1.51,0.823,–,–,–,–,–,–,–,–,–,–,–,–,–,–,–,–,–,–,–,4.15,–,–,–,–,–,–,–,–,–,–,–,–,–,–,–,–,–,–,–,–,–,–,–,–,–,–,–,–,–,–,–,–,–,–,–,–,–,–,–,–,–,2,1.48,–,25.7,8.51,–,5,4.48,0.1875,0.174,–,3.05,–,–,–,–,–,–,–,–,–,–,–,–,–,–,–,–,–,–,–,–,–,–,–,–,–,–,–,–,–,–
14th,–,HSS,HSS5X2X1/8,–,–,–,–,–,–,1.54,–,–,–,–,–,–,–,–,5.61,–,–,–,–,–,4.65,2.37,1.86,1.74,–,–,1.1,1.24,1.1,0.848,–,–,–,–,–,–,–,–,–,–,–,–,–,–,–,–,–,–,–,2.95,–,–,–,–,–,–,–,–,–,–,–,–,–,–,–,–,–,–,–,–,–,–,–,–,–,–,–,–,–,–,–,–,–,–,–,–,–,–,–,–,–,2,1.65,–,40.1,14.2,–,5,4.65,0.125,0.116,–,2.13,–,–,–,–,–,–,–,–,–,–,–,–,–,–,–,–,–,–,–,–,–,–,–,–,–,–,–,–,–,–
14th,–,HSS,HSS4-1/2X4-1/2X1/2,–,–,–,–,–,–,6.95,–,–,–,–,–,–,–,–,25.03,–,–,–,–,–,18.1,10.2,8.03,1.61,–,–,18.1,10.2,8.03,1.61,–,–,–,–,–,–,–,–,–,–,–,–,–,–,–,–,–,–,–,31.3,–,–,–,–,–,–,–,–,–,–,–,–,–,–,–,–,–,–,–,–,–,–,–,–,–,–,–,–,–,–,–,–,–,–,–,–,–,–,–,–,–,4.5,3.1,–,6.67,6.67,–,4.5,3.1,0.5,0.465,–,14.8,–,–,–,–,–,–,–,–,–,–,–,–,–,–,–,–,–,–,–,–,–,–,–,–,–,–,–,–,–,–
14th,–,HSS,HSS4-1/2X4-1/2X3/8,–,–,–,–,–,–,5.48,–,–,–,–,–,–,–,–,19.82,–,–,–,–,–,15.3,8.36,6.79,1.67,–,–,15.3,8.36,6.79,1.67,–,–,–,–,–,–,–,–,–,–,–,–,–,–,–,–,–,–,–,25.7,–,–,–,–,–,–,–,–,–,–,–,–,–,–,–,–,–,–,–,–,–,–,–,–,–,–,–,–,–,–,–,–,–,–,–,–,–,–,–,–,–,4.5,3.45,–,9.89,9.89,–,4.5,3.45,0.375,0.349,–,11.9,–,–,–,–,–,–,–,–,–,–,–,–,–,–,–,–,–,–,–,–,–,–,–,–,–,–,–,–,–,–
14th,–,HSS,HSS4-1/2X4-1/2X5/16,–,–,–,–,–,–,4.68,–,–,–,–,–,–,–,–,16.96,–,–,–,–,–,13.5,7.27,6,1.7,–,–,13.5,7.27,6,1.7,–,–,–,–,–,–,–,–,–,–,–,–,–,–,–,–,–,–,–,22.3,–,–,–,–,–,–,–,–,–,–,–,–,–,–,–,–,–,–,–,–,–,–,–,–,–,–,–,–,–,–,–,–,–,–,–,–,–,–,–,–,–,4.5,3.63,–,12.5,12.5,–,4.5,3.63,0.3125,0.291,–,10.2,–,–,–,–,–,–,–,–,–,–,–,–,–,–,–,–,–,–,–,–,–,–,–,–,–,–,–,–,–,–
14th,–,HSS,HSS4-1/2X4-1/2X1/4,–,–,–,–,–,–,3.84,–,–,–,–,–,–,–,–,13.91,–,–,–,–,–,11.4,6.06,5.08,1.73,–,–,11.4,6.06,5.08,1.73,–,–,–,–,–,–,–,–,–,–,–,–,–,–,–,–,–,–,–,18.5,–,–,–,–,–,–,–,–,–,–,–,–,–,–,–,–,–,–,–,–,–,–,–,–,–,–,–,–,–,–,–,–,–,–,–,–,–,–,–,–,–,4.5,3.8,–,16.3,16.3,–,4.5,3.8,0.25,0.233,–,8.44,–,–,–,–,–,–,–,–,–,–,–,–,–,–,–,–,–,–,–,–,–,–,–,–,–,–,–,–,–,–
14th,–,HSS,HSS4-1/2X4-1/2X3/16,–,–,–,–,–,–,2.93,–,–,–,–,–,–,–,–,10.7,–,–,–,–,–,9.02,4.71,4.01,1.75,–,–,9.02,4.71,4.01,1.75,–,–,–,–,–,–,–,–,–,–,–,–,–,–,–,–,–,–,–,14.4,–,–,–,–,–,–,–,–,–,–,–,–,–,–,–,–,–,–,–,–,–,–,–,–,–,–,–,–,–,–,–,–,–,–,–,–,–,–,–,–,–,4.5,3.98,–,22.9,22.9,–,4.5,3.98,0.1875,0.174,–,6.49,–,–,–,–,–,–,–,–,–,–,–,–,–,–,–,–,–,–,–,–,–,–,–,–,–,–,–,–,–,–
14th,–,HSS,HSS4-1/2X4-1/2X1/8,–,–,–,–,–,–,2,–,–,–,–,–,–,–,–,7.31,–,–,–,–,–,6.35,3.27,2.82,1.78,–,–,6.35,3.27,2.82,1.78,–,–,–,–,–,–,–,–,–,–,–,–,–,–,–,–,–,–,–,9.92,–,–,–,–,–,–,–,–,–,–,–,–,–,–,–,–,–,–,–,–,–,–,–,–,–,–,–,–,–,–,–,–,–,–,–,–,–,–,–,–,–,4.5,4.15,–,35.8,35.8,–,4.5,4.15,0.125,0.116,–,4.45,–,–,–,–,–,–,–,–,–,–,–,–,–,–,–,–,–,–,–,–,–,–,–,–,–,–,–,–,–,–
14th,–,HSS,HSS4X4X1/2,–,–,–,–,–,–,6.02,–,–,–,–,–,–,–,–,21.63,–,–,–,–,–,11.9,7.7,5.97,1.41,–,–,11.9,7.7,5.97,1.41,–,–,–,–,–,–,–,–,–,–,–,–,–,–,–,–,–,–,–,21,–,–,–,–,–,–,–,–,–,–,–,–,–,–,–,–,–,–,–,–,–,–,–,–,–,–,–,–,–,–,–,–,–,–,–,–,–,–,–,–,–,4,2.6,–,5.59,5.59,–,4,2.6,0.5,0.465,–,11.2,–,–,–,–,–,–,–,–,–,–,–,–,–,–,–,–,–,–,–,–,–,–,–,–,–,–,–,–,–,–
14th,–,HSS,HSS4X4X3/8,–,–,–,–,–,–,4.78,–,–,–,–,–,–,–,–,17.27,–,–,–,–,–,10.3,6.39,5.13,1.47,–,–,10.3,6.39,5.13,1.47,–,–,–,–,–,–,–,–,–,–,–,–,–,–,–,–,–,–,–,17.5,–,–,–,–,–,–,–,–,–,–,–,–,–,–,–,–,–,–,–,–,–,–,–,–,–,–,–,–,–,–,–,–,–,–,–,–,–,–,–,–,–,4,2.95,–,8.45,8.45,–,4,2.95,0.375,0.349,–,9.14,–,–,–,–,–,–,–,–,–,–,–,–,–,–,–,–,–,–,–,–,–,–,–,–,–,–,–,–,–,–
14th,–,HSS,HSS4X4X5/16,–,–,–,–,–,–,4.1,–,–,–,–,–,–,–,–,14.83,–,–,–,–,–,9.14,5.59,4.57,1.49,–,–,9.14,5.59,4.57,1.49,–,–,–,–,–,–,–,–,–,–,–,–,–,–,–,–,–,–,–,15.3,–,–,–,–,–,–,–,–,–,–,–,–,–,–,–,–,–,–,–,–,–,–,–,–,–,–,–,–,–,–,–,–,–,–,–,–,–,–,–,–,–,4,3.13,–,10.8,10.8,–,4,3.13,0.3125,0.291,–,7.91,–,–,–,–,–,–,–,–,–,–,–,–,–,–,–,–,–,–,–,–,–,–,–,–,–,–,–,–,–,–
14th,–,HSS,HSS4X4X1/4,–,–,–,–,–,–,3.37,–,–,–,–,–,–,–,–,12.21,–,–,–,–,–,7.8,4.69,3.9,1.52,–,–,7.8,4.69,3.9,1.52,–,–,–,–,–,–,–,–,–,–,–,–,–,–,–,–,–,–,–,12.8,–,–,–,–,–,–,–,–,–,–,–,–,–,–,–,–,–,–,–,–,–,–,–,–,–,–,–,–,–,–,–,–,–,–,–,–,–,–,–,–,–,4,3.3,–,14.2,14.2,–,4,3.3,0.25,0.233,–,6.56,–,–,–,–,–,–,–,–,–,–,–,–,–,–,–,–,–,–,–,–,–,–,–,–,–,–,–,–,–,–
14th,–,HSS,HSS4X4X3/16,–,–,–,–,–,–,2.58,–,–,–,–,–,–,–,–,9.42,–,–,–,–,–,6.21,3.67,3.1,1.55,–,–,6.21,3.67,3.1,1.55,–,–,–,–,–,–,–,–,–,–,–,–,–,–,–,–,–,–,–,10,–,–,–,–,–,–,–,–,–,–,–,–,–,–,–,–,–,–,–,–,–,–,–,–,–,–,–,–,–,–,–,–,–,–,–,–,–,–,–,–,–,4,3.48,–,20,20,–,4,3.48,0.1875,0.174,–,5.07,–,–,–,–,–,–,–,–,–,–,–,–,–,–,–,–,–,–,–,–,–,–,–,–,–,–,–,–,–,–
14th,–,HSS,HSS4X4X1/8,–,–,–,–,–,–,1.77,–,–,–,–,–,–,–,–,6.46,–,–,–,–,–,4.4,2.56,2.2,1.58,–,–,4.4,2.56,2.2,1.58,–,–,–,–,–,–,–,–,–,–,–,–,–,–,–,–,–,–,–,6.91,–,–,–,–,–,–,–,–,–,–,–,–,–,–,–,–,–,–,–,–,–,–,–,–,–,–,–,–,–,–,–,–,–,–,–,–,–,–,–,–,–,4,3.65,–,31.5,31.5,–,4,3.65,0.125,0.116,–,3.49,–,–,–,–,–,–,–,–,–,–,–,–,–,–,–,–,–,–,–,–,–,–,–,–,–,–,–,–,–,–
14th,–,HSS,HSS4X3X3/8,–,–,–,–,–,–,4.09,–,–,–,–,–,–,–,–,14.72,–,–,–,–,–,7.93,5.12,3.97,1.39,–,–,5.01,4.18,3.34,1.11,–,–,–,–,–,–,–,–,–,–,–,–,–,–,–,–,–,–,–,10.6,–,–,–,–,–,–,–,–,–,–,–,–,–,–,–,–,–,–,–,–,–,–,–,–,–,–,–,–,–,–,–,–,–,–,–,–,–,–,–,–,–,3,1.95,–,8.45,5.59,–,4,2.95,0.375,0.349,–,6.59,–,–,–,–,–,–,–,–,–,–,–,–,–,–,–,–,–,–,–,–,–,–,–,–,–,–,–,–,–,–
14th,–,HSS,HSS4X3X5/16,–,–,–,–,–,–,3.52,–,–,–,–,–,–,–,–,12.7,–,–,–,–,–,7.14,4.51,3.57,1.42,–,–,4.52,3.69,3.02,1.13,–,–,–,–,–,–,–,–,–,–,–,–,–,–,–,–,–,–,–,9.41,–,–,–,–,–,–,–,–,–,–,–,–,–,–,–,–,–,–,–,–,–,–,–,–,–,–,–,–,–,–,–,–,–,–,–,–,–,–,–,–,–,3,2.13,–,10.8,7.32,–,4,3.13,0.3125,0.291,–,5.75,–,–,–,–,–,–,–,–,–,–,–,–,–,–,–,–,–,–,–,–,–,–,–,–,–,–,–,–,–,–
14th,–,HSS,HSS4X3X1/4,–,–,–,–,–,–,2.91,–,–,–,–,–,–,–,–,10.51,–,–,–,–,–,6.15,3.81,3.07,1.45,–,–,3.91,3.12,2.61,1.16,–,–,–,–,–,–,–,–,–,–,–,–,–,–,–,–,–,–,–,7.96,–,–,–,–,–,–,–,–,–,–,–,–,–,–,–,–,–,–,–,–,–,–,–,–,–,–,–,–,–,–,–,–,–,–,–,–,–,–,–,–,–,3,2.3,–,14.2,9.87,–,4,3.3,0.25,0.233,–,4.81,–,–,–,–,–,–,–,–,–,–,–,–,–,–,–,–,–,–,–,–,–,–,–,–,–,–,–,–,–,–
14th,–,HSS,HSS4X3X3/16,–,–,–,–,–,–,2.24,–,–,–,–,–,–,–,–,8.15,–,–,–,–,–,4.93,3,2.47,1.49,–,–,3.16,2.46,2.1,1.19,–,–,–,–,–,–,–,–,–,–,–,–,–,–,–,–,–,–,–,6.26,–,–,–,–,–,–,–,–,–,–,–,–,–,–,–,–,–,–,–,–,–,–,–,–,–,–,–,–,–,–,–,–,–,–,–,–,–,–,–,–,–,3,2.48,–,20,14.3,–,4,3.48,0.1875,0.174,–,3.74,–,–,–,–,–,–,–,–,–,–,–,–,–,–,–,–,–,–,–,–,–,–,–,–,–,–,–,–,–,–
14th,–,HSS,HSS4X3X1/8,–,–,–,–,–,–,1.54,–,–,–,–,–,–,–,–,5.61,–,–,–,–,–,3.52,2.11,1.76,1.52,–,–,2.27,1.73,1.51,1.21,–,–,–,–,–,–,–,–,–,–,–,–,–,–,–,–,–,–,–,4.38,–,–,–,–,–,–,–,–,–,–,–,–,–,–,–,–,–,–,–,–,–,–,–,–,–,–,–,–,–,–,–,–,–,–,–,–,–,–,–,–,–,3,2.65,–,31.5,22.8,–,4,3.65,0.125,0.116,–,2.59,–,–,–,–,–,–,–,–,–,–,–,–,–,–,–,–,–,–,–,–,–,–,–,–,–,–,–,–,–,–
14th,–,HSS,HSS4X2-1/2X3/8,–,–,–,–,–,–,3.74,–,–,–,–,–,–,–,–,13.44,–,–,–,–,–,6.77,4.48,3.38,1.35,–,–,3.17,3.2,2.54,0.922,–,–,–,–,–,–,–,–,–,–,–,–,–,–,–,–,–,–,–,7.57,–,–,–,–,–,–,–,–,–,–,–,–,–,–,–,–,–,–,–,–,–,–,–,–,–,–,–,–,–,–,–,–,–,–,–,–,–,–,–,–,–,2.5,1.45,–,8.45,4.15,–,4,2.95,0.375,0.349,–,5.32,–,–,–,–,–,–,–,–,–,–,–,–,–,–,–,–,–,–,–,–,–,–,–,–,–,–,–,–,–,–
14th,–,HSS,HSS4X2-1/2X5/16,–,–,–,–,–,–,3.23,–,–,–,–,–,–,–,–,11.64,–,–,–,–,–,6.13,3.97,3.07,1.38,–,–,2.89,2.85,2.32,0.947,–,–,–,–,–,–,–,–,–,–,–,–,–,–,–,–,–,–,–,6.77,–,–,–,–,–,–,–,–,–,–,–,–,–,–,–,–,–,–,–,–,–,–,–,–,–,–,–,–,–,–,–,–,–,–,–,–,–,–,–,–,–,2.5,1.63,–,10.8,5.6,–,4,3.13,0.3125,0.291,–,4.67,–,–,–,–,–,–,–,–,–,–,–,–,–,–,–,–,–,–,–,–,–,–,–,–,–,–,–,–,–,–
14th,–,HSS,HSS4X2-1/2X1/4,–,–,–,–,–,–,2.67,–,–,–,–,–,–,–,–,9.66,–,–,–,–,–,5.32,3.38,2.66,1.41,–,–,2.53,2.43,2.02,0.973,–,–,–,–,–,–,–,–,–,–,–,–,–,–,–,–,–,–,–,5.78,–,–,–,–,–,–,–,–,–,–,–,–,–,–,–,–,–,–,–,–,–,–,–,–,–,–,–,–,–,–,–,–,–,–,–,–,–,–,–,–,–,2.5,1.8,–,14.2,7.73,–,4,3.3,0.25,0.233,–,3.93,–,–,–,–,–,–,–,–,–,–,–,–,–,–,–,–,–,–,–,–,–,–,–,–,–,–,–,–,–,–
14th,–,HSS,HSS4X2-1/2X3/16,–,–,–,–,–,–,2.06,–,–,–,–,–,–,–,–,7.51,–,–,–,–,–,4.3,2.67,2.15,1.44,–,–,2.06,1.93,1.65,0.999,–,–,–,–,–,–,–,–,–,–,–,–,–,–,–,–,–,–,–,4.59,–,–,–,–,–,–,–,–,–,–,–,–,–,–,–,–,–,–,–,–,–,–,–,–,–,–,–,–,–,–,–,–,–,–,–,–,–,–,–,–,–,2.5,1.98,–,20,11.4,–,4,3.48,0.1875,0.174,–,3.08,–,–,–,–,–,–,–,–,–,–,–,–,–,–,–,–,–,–,–,–,–,–,–,–,–,–,–,–,–,–
14th,–,HSS,HSS4X2-1/2X1/8,–,–,–,–,–,–,1.42,–,–,–,–,–,–,–,–,5.18,–,–,–,–,–,3.09,1.88,1.54,1.47,–,–,1.49,1.36,1.19,1.03,–,–,–,–,–,–,–,–,–,–,–,–,–,–,–,–,–,–,–,3.23,–,–,–,–,–,–,–,–,–,–,–,–,–,–,–,–,–,–,–,–,–,–,–,–,–,–,–,–,–,–,–,–,–,–,–,–,–,–,–,–,–,2.5,2.15,–,31.5,18.5,–,4,3.65,0.125,0.116,–,2.14,–,–,–,–,–,–,–,–,–,–,–,–,–,–,–,–,–,–,–,–,–,–,–,–,–,–,–,–,–,–
14th,–,HSS,HSS4X2X3/8,–,–,–,–,–,–,3.39,–,–,–,–,–,–,–,–,12.17,–,–,–,–,–,5.6,3.84,2.8,1.29,–,–,1.8,2.31,1.8,0.729,–,–,–,–,–,–,–,–,–,–,–,–,–,–,–,–,–,–,–,4.83,–,–,–,–,–,–,–,–,–,–,–,–,–,–,–,–,–,–,–,–,–,–,–,–,–,–,–,–,–,–,–,–,–,–,–,–,–,–,–,–,–,2,0.953,–,8.45,2.73,–,4,2.95,0.375,0.349,–,4.04,–,–,–,–,–,–,–,–,–,–,–,–,–,–,–,–,–,–,–,–,–,–,–,–,–,–,–,–,–,–
14th,–,HSS,HSS4X2X5/16,–,–,–,–,–,–,2.94,–,–,–,–,–,–,–,–,10.58,–,–,–,–,–,5.13,3.43,2.56,1.32,–,–,1.67,2.08,1.67,0.754,–,–,–,–,–,–,–,–,–,–,–,–,–,–,–,–,–,–,–,4.4,–,–,–,–,–,–,–,–,–,–,–,–,–,–,–,–,–,–,–,–,–,–,–,–,–,–,–,–,–,–,–,–,–,–,–,–,–,–,–,–,–,2,1.13,–,10.8,3.88,–,4,3.13,0.3125,0.291,–,3.59,–,–,–,–,–,–,–,–,–,–,–,–,–,–,–,–,–,–,–,–,–,–,–,–,–,–,–,–,–,–
14th,–,HSS,HSS4X2X1/4,–,–,–,–,–,–,2.44,–,–,–,–,–,–,–,–,8.81,–,–,–,–,–,4.49,2.94,2.25,1.36,–,–,1.48,1.79,1.48,0.779,–,–,–,–,–,–,–,–,–,–,–,–,–,–,–,–,–,–,–,3.82,–,–,–,–,–,–,–,–,–,–,–,–,–,–,–,–,–,–,–,–,–,–,–,–,–,–,–,–,–,–,–,–,–,–,–,–,–,–,–,–,–,2,1.3,–,14.2,5.58,–,4,3.3,0.25,0.233,–,3.05,–,–,–,–,–,–,–,–,–,–,–,–,–,–,–,–,–,–,–,–,–,–,–,–,–,–,–,–,–,–
14th,–,HSS,HSS4X2X3/16,–,–,–,–,–,–,1.89,–,–,–,–,–,–,–,–,6.87,–,–,–,–,–,3.66,2.34,1.83,1.39,–,–,1.22,1.43,1.22,0.804,–,–,–,–,–,–,–,–,–,–,–,–,–,–,–,–,–,–,–,3.08,–,–,–,–,–,–,–,–,–,–,–,–,–,–,–,–,–,–,–,–,–,–,–,–,–,–,–,–,–,–,–,–,–,–,–,–,–,–,–,–,–,2,1.48,–,20,8.51,–,4,3.48,0.1875,0.174,–,2.41,–,–,–,–,–,–,–,–,–,–,–,–,–,–,–,–,–,–,–,–,–,–,–,–,–,–,–,–,–,–
14th,–,HSS,HSS4X2X1/8,–,–,–,–,–,–,1.3,–,–,–,–,–,–,–,–,4.75,–,–,–,–,–,2.65,1.66,1.32,1.43,–,–,0.898,1.02,0.898,0.83,–,–,–,–,–,–,–,–,–,–,–,–,–,–,–,–,–,–,–,2.2,–,–,–,–,–,–,–,–,–,–,–,–,–,–,–,–,–,–,–,–,–,–,–,–,–,–,–,–,–,–,–,–,–,–,–,–,–,–,–,–,–,2,1.65,–,31.5,14.2,–,4,3.65,0.125,0.116,–,1.69,–,–,–,–,–,–,–,–,–,–,–,–,–,–,–,–,–,–,–,–,–,–,–,–,–,–,–,–,–,–
14th,–,HSS,HSS3-1/2X3-1/2X3/8,–,–,–,–,–,–,4.09,–,–,–,–,–,–,–,–,14.72,–,–,–,–,–,6.49,4.69,3.71,1.26,–,–,6.49,4.69,3.71,1.26,–,–,–,–,–,–,–,–,–,–,–,–,–,–,–,–,–,–,–,11.2,–,–,–,–,–,–,–,–,–,–,–,–,–,–,–,–,–,–,–,–,–,–,–,–,–,–,–,–,–,–,–,–,–,–,–,–,–,–,–,–,–,3.5,2.45,–,7.02,7.02,–,3.5,2.45,0.375,0.349,–,6.77,–,–,–,–,–,–,–,–,–,–,–,–,–,–,–,–,–,–,–,–,–,–,–,–,–,–,–,–,–,–
14th,–,HSS,HSS3-1/2X3-1/2X5/16,–,–,–,–,–,–,3.52,–,–,–,–,–,–,–,–,12.7,–,–,–,–,–,5.84,4.14,3.34,1.29,–,–,5.84,4.14,3.34,1.29,–,–,–,–,–,–,–,–,–,–,–,–,–,–,–,–,–,–,–,9.89,–,–,–,–,–,–,–,–,–,–,–,–,–,–,–,–,–,–,–,–,–,–,–,–,–,–,–,–,–,–,–,–,–,–,–,–,–,–,–,–,–,3.5,2.63,–,9.04,9.04,–,3.5,2.63,0.3125,0.291,–,5.9,–,–,–,–,–,–,–,–,–,–,–,–,–,–,–,–,–,–,–,–,–,–,–,–,–,–,–,–,–,–
14th,–,HSS,HSS3-1/2X3-1/2X1/4,–,–,–,–,–,–,2.91,–,–,–,–,–,–,–,–,10.51,–,–,–,–,–,5.04,3.5,2.88,1.32,–,–,5.04,3.5,2.88,1.32,–,–,–,–,–,–,–,–,–,–,–,–,–,–,–,–,–,–,–,8.35,–,–,–,–,–,–,–,–,–,–,–,–,–,–,–,–,–,–,–,–,–,–,–,–,–,–,–,–,–,–,–,–,–,–,–,–,–,–,–,–,–,3.5,2.8,–,12,12,–,3.5,2.8,0.25,0.233,–,4.92,–,–,–,–,–,–,–,–,–,–,–,–,–,–,–,–,–,–,–,–,–,–,–,–,–,–,–,–,–,–
14th,–,HSS,HSS3-1/2X3-1/2X3/16,–,–,–,–,–,–,2.24,–,–,–,–,–,–,–,–,8.15,–,–,–,–,–,4.05,2.76,2.31,1.35,–,–,4.05,2.76,2.31,1.35,–,–,–,–,–,–,–,–,–,–,–,–,–,–,–,–,–,–,–,6.56,–,–,–,–,–,–,–,–,–,–,–,–,–,–,–,–,–,–,–,–,–,–,–,–,–,–,–,–,–,–,–,–,–,–,–,–,–,–,–,–,–,3.5,2.98,–,17.1,17.1,–,3.5,2.98,0.1875,0.174,–,3.83,–,–,–,–,–,–,–,–,–,–,–,–,–,–,–,–,–,–,–,–,–,–,–,–,–,–,–,–,–,–
14th,–,HSS,HSS3-1/2X3-1/2X1/8,–,–,–,–,–,–,1.54,–,–,–,–,–,–,–,–,5.61,–,–,–,–,–,2.9,1.93,1.66,1.37,–,–,2.9,1.93,1.66,1.37,–,–,–,–,–,–,–,–,–,–,–,–,–,–,–,–,–,–,–,4.58,–,–,–,–,–,–,–,–,–,–,–,–,–,–,–,–,–,–,–,–,–,–,–,–,–,–,–,–,–,–,–,–,–,–,–,–,–,–,–,–,–,3.5,3.15,–,27.2,27.2,–,3.5,3.15,0.125,0.116,–,2.65,–,–,–,–,–,–,–,–,–,–,–,–,–,–,–,–,–,–,–,–,–,–,–,–,–,–,–,–,–,–
14th,–,HSS,HSS3-1/2X2-1/2X3/8,–,–,–,–,–,–,3.39,–,–,–,–,–,–,–,–,12.17,–,–,–,–,–,4.75,3.59,2.72,1.18,–,–,2.77,2.82,2.21,0.904,–,–,–,–,–,–,–,–,–,–,–,–,–,–,–,–,–,–,–,6.16,–,–,–,–,–,–,–,–,–,–,–,–,–,–,–,–,–,–,–,–,–,–,–,–,–,–,–,–,–,–,–,–,–,–,–,–,–,–,–,–,–,2.5,1.45,–,7.02,4.15,–,3.5,2.45,0.375,0.349,–,4.57,–,–,–,–,–,–,–,–,–,–,–,–,–,–,–,–,–,–,–,–,–,–,–,–,–,–,–,–,–,–
14th,–,HSS,HSS3-1/2X2-1/2X5/16,–,–,–,–,–,–,2.94,–,–,–,–,–,–,–,–,10.58,–,–,–,–,–,4.34,3.2,2.48,1.22,–,–,2.54,2.52,2.03,0.93,–,–,–,–,–,–,–,–,–,–,–,–,–,–,–,–,–,–,–,5.53,–,–,–,–,–,–,–,–,–,–,–,–,–,–,–,–,–,–,–,–,–,–,–,–,–,–,–,–,–,–,–,–,–,–,–,–,–,–,–,–,–,2.5,1.63,–,9.04,5.6,–,3.5,2.63,0.3125,0.291,–,4.03,–,–,–,–,–,–,–,–,–,–,–,–,–,–,–,–,–,–,–,–,–,–,–,–,–,–,–,–,–,–
14th,–,HSS,HSS3-1/2X2-1/2X1/4,–,–,–,–,–,–,2.44,–,–,–,–,–,–,–,–,8.81,–,–,–,–,–,3.79,2.74,2.17,1.25,–,–,2.23,2.16,1.78,0.956,–,–,–,–,–,–,–,–,–,–,–,–,–,–,–,–,–,–,–,4.75,–,–,–,–,–,–,–,–,–,–,–,–,–,–,–,–,–,–,–,–,–,–,–,–,–,–,–,–,–,–,–,–,–,–,–,–,–,–,–,–,–,2.5,1.8,–,12,7.73,–,3.5,2.8,0.25,0.233,–,3.4,–,–,–,–,–,–,–,–,–,–,–,–,–,–,–,–,–,–,–,–,–,–,–,–,–,–,–,–,–,–
14th,–,HSS,HSS3-1/2X2-1/2X3/16,–,–,–,–,–,–,1.89,–,–,–,–,–,–,–,–,6.87,–,–,–,–,–,3.09,2.18,1.76,1.28,–,–,1.82,1.72,1.46,0.983,–,–,–,–,–,–,–,–,–,–,–,–,–,–,–,–,–,–,–,3.78,–,–,–,–,–,–,–,–,–,–,–,–,–,–,–,–,–,–,–,–,–,–,–,–,–,–,–,–,–,–,–,–,–,–,–,–,–,–,–,–,–,2.5,1.98,–,17.1,11.4,–,3.5,2.98,0.1875,0.174,–,2.67,–,–,–,–,–,–,–,–,–,–,–,–,–,–,–,–,–,–,–,–,–,–,–,–,–,–,–,–,–,–
14th,–,HSS,HSS3-1/2X2-1/2X1/8,–,–,–,–,–,–,1.3,–,–,–,–,–,–,–,–,4.75,–,–,–,–,–,2.23,1.54,1.28,1.31,–,–,1.33,1.22,1.06,1.01,–,–,–,–,–,–,–,–,–,–,–,–,–,–,–,–,–,–,–,2.67,–,–,–,–,–,–,–,–,–,–,–,–,–,–,–,–,–,–,–,–,–,–,–,–,–,–,–,–,–,–,–,–,–,–,–,–,–,–,–,–,–,2.5,2.15,–,27.2,18.5,–,3.5,3.15,0.125,0.116,–,1.87,–,–,–,–,–,–,–,–,–,–,–,–,–,–,–,–,–,–,–,–,–,–,–,–,–,–,–,–,–,–
14th,–,HSS,HSS3-1/2X2X1/4,–,–,–,–,–,–,2.21,–,–,–,–,–,–,–,–,7.96,–,–,–,–,–,3.17,2.36,1.81,1.2,–,–,1.3,1.58,1.3,0.766,–,–,–,–,–,–,–,–,–,–,–,–,–,–,–,–,–,–,–,3.16,–,–,–,–,–,–,–,–,–,–,–,–,–,–,–,–,–,–,–,–,–,–,–,–,–,–,–,–,–,–,–,–,–,–,–,–,–,–,–,–,–,2,1.3,–,12,5.58,–,3.5,2.8,0.25,0.233,–,2.64,–,–,–,–,–,–,–,–,–,–,–,–,–,–,–,–,–,–,–,–,–,–,–,–,–,–,–,–,–,–
14th,–,HSS,HSS3-1/2X2X3/16,–,–,–,–,–,–,1.71,–,–,–,–,–,–,–,–,6.23,–,–,–,–,–,2.61,1.89,1.49,1.23,–,–,1.08,1.27,1.08,0.792,–,–,–,–,–,–,–,–,–,–,–,–,–,–,–,–,–,–,–,2.55,–,–,–,–,–,–,–,–,–,–,–,–,–,–,–,–,–,–,–,–,–,–,–,–,–,–,–,–,–,–,–,–,–,–,–,–,–,–,–,–,–,2,1.48,–,17.1,8.51,–,3.5,2.98,0.1875,0.174,–,2.09,–,–,–,–,–,–,–,–,–,–,–,–,–,–,–,–,–,–,–,–,–,–,–,–,–,–,–,–,–,–
14th,–,HSS,HSS3-1/2X2X1/8,–,–,–,–,–,–,1.19,–,–,–,–,–,–,–,–,4.33,–,–,–,–,–,1.9,1.34,1.09,1.27,–,–,0.795,0.912,0.795,0.818,–,–,–,–,–,–,–,–,–,–,–,–,–,–,–,–,–,–,–,1.83,–,–,–,–,–,–,–,–,–,–,–,–,–,–,–,–,–,–,–,–,–,–,–,–,–,–,–,–,–,–,–,–,–,–,–,–,–,–,–,–,–,2,1.65,–,27.2,14.2,–,3.5,3.15,0.125,0.116,–,1.47,–,–,–,–,–,–,–,–,–,–,–,–,–,–,–,–,–,–,–,–,–,–,–,–,–,–,–,–,–,–
14th,–,HSS,HSS3-1/2X1-1/2X1/4,–,–,–,–,–,–,1.97,–,–,–,–,–,–,–,–,7.11,–,–,–,–,–,2.55,1.98,1.46,1.14,–,–,0.638,1.06,0.851,0.569,–,–,–,–,–,–,–,–,–,–,–,–,–,–,–,–,–,–,–,1.79,–,–,–,–,–,–,–,–,–,–,–,–,–,–,–,–,–,–,–,–,–,–,–,–,–,–,–,–,–,–,–,–,–,–,–,–,–,–,–,–,–,1.5,0.801,–,12,3.44,–,3.5,2.8,0.25,0.233,–,1.88,–,–,–,–,–,–,–,–,–,–,–,–,–,–,–,–,–,–,–,–,–,–,–,–,–,–,–,–,–,–
14th,–,HSS,HSS3-1/2X1-1/2X3/16,–,–,–,–,–,–,1.54,–,–,–,–,–,–,–,–,5.59,–,–,–,–,–,2.12,1.6,1.21,1.17,–,–,0.544,0.867,0.725,0.594,–,–,–,–,–,–,–,–,–,–,–,–,–,–,–,–,–,–,–,1.49,–,–,–,–,–,–,–,–,–,–,–,–,–,–,–,–,–,–,–,–,–,–,–,–,–,–,–,–,–,–,–,–,–,–,–,–,–,–,–,–,–,1.5,0.978,–,17.1,5.62,–,3.5,2.98,0.1875,0.174,–,1.51,–,–,–,–,–,–,–,–,–,–,–,–,–,–,–,–,–,–,–,–,–,–,–,–,–,–,–,–,–,–
14th,–,HSS,HSS3-1/2X1-1/2X1/8,–,–,–,–,–,–,1.07,–,–,–,–,–,–,–,–,3.9,–,–,–,–,–,1.57,1.15,0.896,1.21,–,–,0.411,0.63,0.548,0.619,–,–,–,–,–,–,–,–,–,–,–,–,–,–,–,–,–,–,–,1.09,–,–,–,–,–,–,–,–,–,–,–,–,–,–,–,–,–,–,–,–,–,–,–,–,–,–,–,–,–,–,–,–,–,–,–,–,–,–,–,–,–,1.5,1.15,–,27.2,9.91,–,3.5,3.15,0.125,0.116,–,1.08,–,–,–,–,–,–,–,–,–,–,–,–,–,–,–,–,–,–,–,–,–,–,–,–,–,–,–,–,–,–
14th,–,HSS,HSS3X3X3/8,–,–,–,–,–,–,3.39,–,–,–,–,–,–,–,–,12.17,–,–,–,–,–,3.78,3.25,2.52,1.06,–,–,3.78,3.25,2.52,1.06,–,–,–,–,–,–,–,–,–,–,–,–,–,–,–,–,–,–,–,6.64,–,–,–,–,–,–,–,–,–,–,–,–,–,–,–,–,–,–,–,–,–,–,–,–,–,–,–,–,–,–,–,–,–,–,–,–,–,–,–,–,–,3,1.95,–,5.59,5.59,–,3,1.95,0.375,0.349,–,4.74,–,–,–,–,–,–,–,–,–,–,–,–,–,–,–,–,–,–,–,–,–,–,–,–,–,–,–,–,–,–
14th,–,HSS,HSS3X3X5/16,–,–,–,–,–,–,2.94,–,–,–,–,–,–,–,–,10.58,–,–,–,–,–,3.45,2.9,2.3,1.08,–,–,3.45,2.9,2.3,1.08,–,–,–,–,–,–,–,–,–,–,–,–,–,–,–,–,–,–,–,5.94,–,–,–,–,–,–,–,–,–,–,–,–,–,–,–,–,–,–,–,–,–,–,–,–,–,–,–,–,–,–,–,–,–,–,–,–,–,–,–,–,–,3,2.13,–,7.32,7.32,–,3,2.13,0.3125,0.291,–,4.18,–,–,–,–,–,–,–,–,–,–,–,–,–,–,–,–,–,–,–,–,–,–,–,–,–,–,–,–,–,–
14th,–,HSS,HSS3X3X1/4,–,–,–,–,–,–,2.44,–,–,–,–,–,–,–,–,8.81,–,–,–,–,–,3.02,2.48,2.01,1.11,–,–,3.02,2.48,2.01,1.11,–,–,–,–,–,–,–,–,–,–,–,–,–,–,–,–,–,–,–,5.08,–,–,–,–,–,–,–,–,–,–,–,–,–,–,–,–,–,–,–,–,–,–,–,–,–,–,–,–,–,–,–,–,–,–,–,–,–,–,–,–,–,3,2.3,–,9.87,9.87,–,3,2.3,0.25,0.233,–,3.52,–,–,–,–,–,–,–,–,–,–,–,–,–,–,–,–,–,–,–,–,–,–,–,–,–,–,–,–,–,–
14th,–,HSS,HSS3X3X3/16,–,–,–,–,–,–,1.89,–,–,–,–,–,–,–,–,6.87,–,–,–,–,–,2.46,1.97,1.64,1.14,–,–,2.46,1.97,1.64,1.14,–,–,–,–,–,–,–,–,–,–,–,–,–,–,–,–,–,–,–,4.03,–,–,–,–,–,–,–,–,–,–,–,–,–,–,–,–,–,–,–,–,–,–,–,–,–,–,–,–,–,–,–,–,–,–,–,–,–,–,–,–,–,3,2.48,–,14.3,14.3,–,3,2.48,0.1875,0.174,–,2.76,–,–,–,–,–,–,–,–,–,–,–,–,–,–,–,–,–,–,–,–,–,–,–,–,–,–,–,–,–,–
14th,–,HSS,HSS3X3X1/8,–,–,–,–,–,–,1.3,–,–,–,–,–,–,–,–,4.75,–,–,–,–,–,1.78,1.4,1.19,1.17,–,–,1.78,1.4,1.19,1.17,–,–,–,–,–,–,–,–,–,–,–,–,–,–,–,–,–,–,–,2.84,–,–,–,–,–,–,–,–,–,–,–,–,–,–,–,–,–,–,–,–,–,–,–,–,–,–,–,–,–,–,–,–,–,–,–,–,–,–,–,–,–,3,2.65,–,22.8,22.8,–,3,2.65,0.125,0.116,–,1.92,–,–,–,–,–,–,–,–,–,–,–,–,–,–,–,–,–,–,–,–,–,–,–,–,–,–,–,–,–,–
14th,–,HSS,HSS3X2-1/2X5/16,–,–,–,–,–,–,2.64,–,–,–,–,–,–,–,–,9.51,–,–,–,–,–,2.92,2.51,1.94,1.05,–,–,2.18,2.2,1.74,0.908,–,–,–,–,–,–,–,–,–,–,–,–,–,–,–,–,–,–,–,4.34,–,–,–,–,–,–,–,–,–,–,–,–,–,–,–,–,–,–,–,–,–,–,–,–,–,–,–,–,–,–,–,–,–,–,–,–,–,–,–,–,–,2.5,1.63,–,7.32,5.6,–,3,2.13,0.3125,0.291,–,3.39,–,–,–,–,–,–,–,–,–,–,–,–,–,–,–,–,–,–,–,–,–,–,–,–,–,–,–,–,–,–
14th,–,HSS,HSS3X2-1/2X1/4,–,–,–,–,–,–,2.21,–,–,–,–,–,–,–,–,7.96,–,–,–,–,–,2.57,2.16,1.72,1.08,–,–,1.93,1.9,1.54,0.935,–,–,–,–,–,–,–,–,–,–,–,–,–,–,–,–,–,–,–,3.74,–,–,–,–,–,–,–,–,–,–,–,–,–,–,–,–,–,–,–,–,–,–,–,–,–,–,–,–,–,–,–,–,–,–,–,–,–,–,–,–,–,2.5,1.8,–,9.87,7.73,–,3,2.3,0.25,0.233,–,2.87,–,–,–,–,–,–,–,–,–,–,–,–,–,–,–,–,–,–,–,–,–,–,–,–,–,–,–,–,–,–
14th,–,HSS,HSS3X2-1/2X3/16,–,–,–,–,–,–,1.71,–,–,–,–,–,–,–,–,6.23,–,–,–,–,–,2.11,1.73,1.41,1.11,–,–,1.59,1.52,1.27,0.963,–,–,–,–,–,–,–,–,–,–,–,–,–,–,–,–,–,–,–,3,–,–,–,–,–,–,–,–,–,–,–,–,–,–,–,–,–,–,–,–,–,–,–,–,–,–,–,–,–,–,–,–,–,–,–,–,–,–,–,–,–,2.5,1.98,–,14.3,11.4,–,3,2.48,0.1875,0.174,–,2.27,–,–,–,–,–,–,–,–,–,–,–,–,–,–,–,–,–,–,–,–,–,–,–,–,–,–,–,–,–,–
14th,–,HSS,HSS3X2-1/2X1/8,–,–,–,–,–,–,1.19,–,–,–,–,–,–,–,–,4.33,–,–,–,–,–,1.54,1.23,1.03,1.14,–,–,1.16,1.09,0.931,0.99,–,–,–,–,–,–,–,–,–,–,–,–,–,–,–,–,–,–,–,2.13,–,–,–,–,–,–,–,–,–,–,–,–,–,–,–,–,–,–,–,–,–,–,–,–,–,–,–,–,–,–,–,–,–,–,–,–,–,–,–,–,–,2.5,2.15,–,22.8,18.5,–,3,2.65,0.125,0.116,–,1.59,–,–,–,–,–,–,–,–,–,–,–,–,–,–,–,–,–,–,–,–,–,–,–,–,–,–,–,–,–,–
14th,–,HSS,HSS3X2X5/16,–,–,–,–,–,–,2.35,–,–,–,–,–,–,–,–,8.45,–,–,–,–,–,2.38,2.11,1.59,1.01,–,–,1.24,1.58,1.24,0.725,–,–,–,–,–,–,–,–,–,–,–,–,–,–,–,–,–,–,–,2.87,–,–,–,–,–,–,–,–,–,–,–,–,–,–,–,–,–,–,–,–,–,–,–,–,–,–,–,–,–,–,–,–,–,–,–,–,–,–,–,–,–,2,1.13,–,7.32,3.88,–,3,2.13,0.3125,0.291,–,2.6,–,–,–,–,–,–,–,–,–,–,–,–,–,–,–,–,–,–,–,–,–,–,–,–,–,–,–,–,–,–
14th,–,HSS,HSS3X2X1/4,–,–,–,–,–,–,1.97,–,–,–,–,–,–,–,–,7.11,–,–,–,–,–,2.13,1.83,1.42,1.04,–,–,1.11,1.38,1.11,0.751,–,–,–,–,–,–,–,–,–,–,–,–,–,–,–,–,–,–,–,2.52,–,–,–,–,–,–,–,–,–,–,–,–,–,–,–,–,–,–,–,–,–,–,–,–,–,–,–,–,–,–,–,–,–,–,–,–,–,–,–,–,–,2,1.3,–,9.87,5.58,–,3,2.3,0.25,0.233,–,2.23,–,–,–,–,–,–,–,–,–,–,–,–,–,–,–,–,–,–,–,–,–,–,–,–,–,–,–,–,–,–
14th,–,HSS,HSS3X2X3/16,–,–,–,–,–,–,1.54,–,–,–,–,–,–,–,–,5.59,–,–,–,–,–,1.77,1.48,1.18,1.07,–,–,0.932,1.12,0.932,0.778,–,–,–,–,–,–,–,–,–,–,–,–,–,–,–,–,–,–,–,2.05,–,–,–,–,–,–,–,–,–,–,–,–,–,–,–,–,–,–,–,–,–,–,–,–,–,–,–,–,–,–,–,–,–,–,–,–,–,–,–,–,–,2,1.48,–,14.3,8.51,–,3,2.48,0.1875,0.174,–,1.78,–,–,–,–,–,–,–,–,–,–,–,–,–,–,–,–,–,–,–,–,–,–,–,–,–,–,–,–,–,–
14th,–,HSS,HSS3X2X1/8,–,–,–,–,–,–,1.07,–,–,–,–,–,–,–,–,3.9,–,–,–,–,–,1.3,1.06,0.867,1.1,–,–,0.692,0.803,0.692,0.804,–,–,–,–,–,–,–,–,–,–,–,–,–,–,–,–,–,–,–,1.47,–,–,–,–,–,–,–,–,–,–,–,–,–,–,–,–,–,–,–,–,–,–,–,–,–,–,–,–,–,–,–,–,–,–,–,–,–,–,–,–,–,2,1.65,–,22.8,14.2,–,3,2.65,0.125,0.116,–,1.25,–,–,–,–,–,–,–,–,–,–,–,–,–,–,–,–,–,–,–,–,–,–,–,–,–,–,–,–,–,–
14th,–,HSS,HSS3X1-1/2X1/4,–,–,–,–,–,–,1.74,–,–,–,–,–,–,–,–,6.26,–,–,–,–,–,1.68,1.51,1.12,0.982,–,–,0.543,0.911,0.725,0.559,–,–,–,–,–,–,–,–,–,–,–,–,–,–,–,–,–,–,–,1.44,–,–,–,–,–,–,–,–,–,–,–,–,–,–,–,–,–,–,–,–,–,–,–,–,–,–,–,–,–,–,–,–,–,–,–,–,–,–,–,–,–,1.5,0.801,–,9.87,3.44,–,3,2.3,0.25,0.233,–,1.58,–,–,–,–,–,–,–,–,–,–,–,–,–,–,–,–,–,–,–,–,–,–,–,–,–,–,–,–,–,–
14th,–,HSS,HSS3X1-1/2X3/16,–,–,–,–,–,–,1.37,–,–,–,–,–,–,–,–,4.96,–,–,–,–,–,1.42,1.24,0.945,1.02,–,–,0.467,0.752,0.622,0.584,–,–,–,–,–,–,–,–,–,–,–,–,–,–,–,–,–,–,–,1.21,–,–,–,–,–,–,–,–,–,–,–,–,–,–,–,–,–,–,–,–,–,–,–,–,–,–,–,–,–,–,–,–,–,–,–,–,–,–,–,–,–,1.5,0.978,–,14.3,5.62,–,3,2.48,0.1875,0.174,–,1.28,–,–,–,–,–,–,–,–,–,–,–,–,–,–,–,–,–,–,–,–,–,–,–,–,–,–,–,–,–,–
14th,–,HSS,HSS3X1-1/2X1/8,–,–,–,–,–,–,0.956,–,–,–,–,–,–,–,–,3.48,–,–,–,–,–,1.06,0.895,0.706,1.05,–,–,0.355,0.55,0.474,0.61,–,–,–,–,–,–,–,–,–,–,–,–,–,–,–,–,–,–,–,0.886,–,–,–,–,–,–,–,–,–,–,–,–,–,–,–,–,–,–,–,–,–,–,–,–,–,–,–,–,–,–,–,–,–,–,–,–,–,–,–,–,–,1.5,1.15,–,22.8,9.91,–,3,2.65,0.125,0.116,–,0.92,–,–,–,–,–,–,–,–,–,–,–,–,–,–,–,–,–,–,–,–,–,–,–,–,–,–,–,–,–,–
14th,–,HSS,HSS3X1X3/16,–,–,–,–,–,–,1.19,–,–,–,–,–,–,–,–,4.32,–,–,–,–,–,1.07,0.989,0.713,0.947,–,–,0.173,0.432,0.345,0.38,–,–,–,–,–,–,–,–,–,–,–,–,–,–,–,–,–,–,–,0.526,–,–,–,–,–,–,–,–,–,–,–,–,–,–,–,–,–,–,–,–,–,–,–,–,–,–,–,–,–,–,–,–,–,–,–,–,–,–,–,–,–,1,0.478,–,14.3,2.75,–,3,2.48,0.1875,0.174,–,0.792,–,–,–,–,–,–,–,–,–,–,–,–,–,–,–,–,–,–,–,–,–,–,–,–,–,–,–,–,–,–
14th,–,HSS,HSS3X1X1/8,–,–,–,–,–,–,0.84,–,–,–,–,–,–,–,–,3.05,–,–,–,–,–,0.817,0.728,0.545,0.987,–,–,0.138,0.325,0.276,0.405,–,–,–,–,–,–,–,–,–,–,–,–,–,–,–,–,–,–,–,0.408,–,–,–,–,–,–,–,–,–,–,–,–,–,–,–,–,–,–,–,–,–,–,–,–,–,–,–,–,–,–,–,–,–,–,–,–,–,–,–,–,–,1,0.652,–,22.8,5.62,–,3,2.65,0.125,0.116,–,0.585,–,–,–,–,–,–,–,–,–,–,–,–,–,–,–,–,–,–,–,–,–,–,–,–,–,–,–,–,–,–
14th,–,HSS,HSS2-1/2X2-1/2X5/16,–,–,–,–,–,–,2.35,–,–,–,–,–,–,–,–,8.45,–,–,–,–,–,1.82,1.88,1.46,0.88,–,–,1.82,1.88,1.46,0.88,–,–,–,–,–,–,–,–,–,–,–,–,–,–,–,–,–,–,–,3.2,–,–,–,–,–,–,–,–,–,–,–,–,–,–,–,–,–,–,–,–,–,–,–,–,–,–,–,–,–,–,–,–,–,–,–,–,–,–,–,–,–,2.5,1.63,–,5.6,5.6,–,2.5,1.63,0.3125,0.291,–,2.74,–,–,–,–,–,–,–,–,–,–,–,–,–,–,–,–,–,–,–,–,–,–,–,–,–,–,–,–,–,–
14th,–,HSS,HSS2-1/2X2-1/2X1/4,–,–,–,–,–,–,1.97,–,–,–,–,–,–,–,–,7.11,–,–,–,–,–,1.63,1.63,1.3,0.908,–,–,1.63,1.63,1.3,0.908,–,–,–,–,–,–,–,–,–,–,–,–,–,–,–,–,–,–,–,2.79,–,–,–,–,–,–,–,–,–,–,–,–,–,–,–,–,–,–,–,–,–,–,–,–,–,–,–,–,–,–,–,–,–,–,–,–,–,–,–,–,–,2.5,1.8,–,7.73,7.73,–,2.5,1.8,0.25,0.233,–,2.35,–,–,–,–,–,–,–,–,–,–,–,–,–,–,–,–,–,–,–,–,–,–,–,–,–,–,–,–,–,–
14th,–,HSS,HSS2-1/2X2-1/2X3/16,–,–,–,–,–,–,1.54,–,–,–,–,–,–,–,–,5.59,–,–,–,–,–,1.35,1.32,1.08,0.937,–,–,1.35,1.32,1.08,0.937,–,–,–,–,–,–,–,–,–,–,–,–,–,–,–,–,–,–,–,2.25,–,–,–,–,–,–,–,–,–,–,–,–,–,–,–,–,–,–,–,–,–,–,–,–,–,–,–,–,–,–,–,–,–,–,–,–,–,–,–,–,–,2.5,1.98,–,11.4,11.4,–,2.5,1.98,0.1875,0.174,–,1.86,–,–,–,–,–,–,–,–,–,–,–,–,–,–,–,–,–,–,–,–,–,–,–,–,–,–,–,–,–,–
14th,–,HSS,HSS2-1/2X2-1/2X1/8,–,–,–,–,–,–,1.07,–,–,–,–,–,–,–,–,3.9,–,–,–,–,–,0.998,0.947,0.799,0.965,–,–,0.998,0.947,0.799,0.965,–,–,–,–,–,–,–,–,–,–,–,–,–,–,–,–,–,–,–,1.61,–,–,–,–,–,–,–,–,–,–,–,–,–,–,–,–,–,–,–,–,–,–,–,–,–,–,–,–,–,–,–,–,–,–,–,–,–,–,–,–,–,2.5,2.15,–,18.5,18.5,–,2.5,2.15,0.125,0.116,–,1.31,–,–,–,–,–,–,–,–,–,–,–,–,–,–,–,–,–,–,–,–,–,–,–,–,–,–,–,–,–,–
14th,–,HSS,HSS2-1/2X2X1/4,–,–,–,–,–,–,1.74,–,–,–,–,–,–,–,–,6.26,–,–,–,–,–,1.33,1.37,1.06,0.874,–,–,0.93,1.17,0.93,0.731,–,–,–,–,–,–,–,–,–,–,–,–,–,–,–,–,–,–,–,1.9,–,–,–,–,–,–,–,–,–,–,–,–,–,–,–,–,–,–,–,–,–,–,–,–,–,–,–,–,–,–,–,–,–,–,–,–,–,–,–,–,–,2,1.3,–,7.73,5.58,–,2.5,1.8,0.25,0.233,–,1.82,–,–,–,–,–,–,–,–,–,–,–,–,–,–,–,–,–,–,–,–,–,–,–,–,–,–,–,–,–,–
14th,–,HSS,HSS2-1/2X2X3/16,–,–,–,–,–,–,1.37,–,–,–,–,–,–,–,–,4.96,–,–,–,–,–,1.12,1.12,0.894,0.904,–,–,0.786,0.956,0.786,0.758,–,–,–,–,–,–,–,–,–,–,–,–,–,–,–,–,–,–,–,1.55,–,–,–,–,–,–,–,–,–,–,–,–,–,–,–,–,–,–,–,–,–,–,–,–,–,–,–,–,–,–,–,–,–,–,–,–,–,–,–,–,–,2,1.48,–,11.4,8.51,–,2.5,1.98,0.1875,0.174,–,1.46,–,–,–,–,–,–,–,–,–,–,–,–,–,–,–,–,–,–,–,–,–,–,–,–,–,–,–,–,–,–
14th,–,HSS,HSS2-1/2X2X1/8,–,–,–,–,–,–,0.956,–,–,–,–,–,–,–,–,3.48,–,–,–,–,–,0.833,0.809,0.667,0.934,–,–,0.589,0.694,0.589,0.785,–,–,–,–,–,–,–,–,–,–,–,–,–,–,–,–,–,–,–,1.12,–,–,–,–,–,–,–,–,–,–,–,–,–,–,–,–,–,–,–,–,–,–,–,–,–,–,–,–,–,–,–,–,–,–,–,–,–,–,–,–,–,2,1.65,–,18.5,14.2,–,2.5,2.15,0.125,0.116,–,1.04,–,–,–,–,–,–,–,–,–,–,–,–,–,–,–,–,–,–,–,–,–,–,–,–,–,–,–,–,–,–
14th,–,HSS,HSS2-1/2X1-1/2X1/4,–,–,–,–,–,–,1.51,–,–,–,–,–,–,–,–,5.41,–,–,–,–,–,1.03,1.11,0.822,0.826,–,–,0.449,0.764,0.599,0.546,–,–,–,–,–,–,–,–,–,–,–,–,–,–,–,–,–,–,–,1.1,–,–,–,–,–,–,–,–,–,–,–,–,–,–,–,–,–,–,–,–,–,–,–,–,–,–,–,–,–,–,–,–,–,–,–,–,–,–,–,–,–,1.5,0.801,–,7.73,3.44,–,2.5,1.8,0.25,0.233,–,1.29,–,–,–,–,–,–,–,–,–,–,–,–,–,–,–,–,–,–,–,–,–,–,–,–,–,–,–,–,–,–
14th,–,HSS,HSS2-1/2X1-1/2X3/16,–,–,–,–,–,–,1.19,–,–,–,–,–,–,–,–,4.32,–,–,–,–,–,0.882,0.915,0.705,0.86,–,–,0.39,0.636,0.52,0.572,–,–,–,–,–,–,–,–,–,–,–,–,–,–,–,–,–,–,–,0.929,–,–,–,–,–,–,–,–,–,–,–,–,–,–,–,–,–,–,–,–,–,–,–,–,–,–,–,–,–,–,–,–,–,–,–,–,–,–,–,–,–,1.5,0.978,–,11.4,5.62,–,2.5,1.98,0.1875,0.174,–,1.05,–,–,–,–,–,–,–,–,–,–,–,–,–,–,–,–,–,–,–,–,–,–,–,–,–,–,–,–,–,–
14th,–,HSS,HSS2-1/2X1-1/2X1/8,–,–,–,–,–,–,0.84,–,–,–,–,–,–,–,–,3.05,–,–,–,–,–,0.668,0.671,0.535,0.892,–,–,0.3,0.469,0.399,0.597,–,–,–,–,–,–,–,–,–,–,–,–,–,–,–,–,–,–,–,0.687,–,–,–,–,–,–,–,–,–,–,–,–,–,–,–,–,–,–,–,–,–,–,–,–,–,–,–,–,–,–,–,–,–,–,–,–,–,–,–,–,–,1.5,1.15,–,18.5,9.91,–,2.5,2.15,0.125,0.116,–,0.759,–,–,–,–,–,–,–,–,–,–,–,–,–,–,–,–,–,–,–,–,–,–,–,–,–,–,–,–,–,–
14th,–,HSS,HSS2-1/2X1X3/16,–,–,–,–,–,–,1.02,–,–,–,–,–,–,–,–,3.68,–,–,–,–,–,0.646,0.713,0.517,0.796,–,–,0.143,0.36,0.285,0.374,–,–,–,–,–,–,–,–,–,–,–,–,–,–,–,–,–,–,–,0.412,–,–,–,–,–,–,–,–,–,–,–,–,–,–,–,–,–,–,–,–,–,–,–,–,–,–,–,–,–,–,–,–,–,–,–,–,–,–,–,–,–,1,0.478,–,11.4,2.75,–,2.5,1.98,0.1875,0.174,–,0.648,–,–,–,–,–,–,–,–,–,–,–,–,–,–,–,–,–,–,–,–,–,–,–,–,–,–,–,–,–,–
14th,–,HSS,HSS2-1/2X1X1/8,–,–,–,–,–,–,0.724,–,–,–,–,–,–,–,–,2.63,–,–,–,–,–,0.503,0.532,0.403,0.834,–,–,0.115,0.274,0.23,0.399,–,–,–,–,–,–,–,–,–,–,–,–,–,–,–,–,–,–,–,0.322,–,–,–,–,–,–,–,–,–,–,–,–,–,–,–,–,–,–,–,–,–,–,–,–,–,–,–,–,–,–,–,–,–,–,–,–,–,–,–,–,–,1,0.652,–,18.5,5.62,–,2.5,2.15,0.125,0.116,–,0.483,–,–,–,–,–,–,–,–,–,–,–,–,–,–,–,–,–,–,–,–,–,–,–,–,–,–,–,–,–,–
14th,–,HSS,HSS2-1/4X2-1/4X1/4,–,–,–,–,–,–,1.74,–,–,–,–,–,–,–,–,6.26,–,–,–,–,–,1.13,1.28,1.01,0.806,–,–,1.13,1.28,1.01,0.806,–,–,–,–,–,–,–,–,–,–,–,–,–,–,–,–,–,–,–,1.96,–,–,–,–,–,–,–,–,–,–,–,–,–,–,–,–,–,–,–,–,–,–,–,–,–,–,–,–,–,–,–,–,–,–,–,–,–,–,–,–,–,2.25,1.55,–,6.65,6.65,–,2.25,1.55,0.25,0.233,–,1.85,–,–,–,–,–,–,–,–,–,–,–,–,–,–,–,–,–,–,–,–,–,–,–,–,–,–,–,–,–,–
14th,–,HSS,HSS2-1/4X2-1/4X3/16,–,–,–,–,–,–,1.37,–,–,–,–,–,–,–,–,4.96,–,–,–,–,–,0.953,1.04,0.847,0.835,–,–,0.953,1.04,0.847,0.835,–,–,–,–,–,–,–,–,–,–,–,–,–,–,–,–,–,–,–,1.6,–,–,–,–,–,–,–,–,–,–,–,–,–,–,–,–,–,–,–,–,–,–,–,–,–,–,–,–,–,–,–,–,–,–,–,–,–,–,–,–,–,2.25,1.73,–,9.94,9.94,–,2.25,1.73,0.1875,0.174,–,1.48,–,–,–,–,–,–,–,–,–,–,–,–,–,–,–,–,–,–,–,–,–,–,–,–,–,–,–,–,–,–
14th,–,HSS,HSS2-1/4X2-1/4X1/8,–,–,–,–,–,–,0.956,–,–,–,–,–,–,–,–,3.48,–,–,–,–,–,0.712,0.755,0.633,0.863,–,–,0.712,0.755,0.633,0.863,–,–,–,–,–,–,–,–,–,–,–,–,–,–,–,–,–,–,–,1.15,–,–,–,–,–,–,–,–,–,–,–,–,–,–,–,–,–,–,–,–,–,–,–,–,–,–,–,–,–,–,–,–,–,–,–,–,–,–,–,–,–,2.25,1.9,–,16.4,16.4,–,2.25,1.9,0.125,0.116,–,1.05,–,–,–,–,–,–,–,–,–,–,–,–,–,–,–,–,–,–,–,–,–,–,–,–,–,–,–,–,–,–
14th,–,HSS,HSS2-1/4X2X3/16,–,–,–,–,–,–,1.28,–,–,–,–,–,–,–,–,4.64,–,–,–,–,–,0.859,0.952,0.764,0.819,–,–,0.713,0.877,0.713,0.747,–,–,–,–,–,–,–,–,–,–,–,–,–,–,–,–,–,–,–,1.32,–,–,–,–,–,–,–,–,–,–,–,–,–,–,–,–,–,–,–,–,–,–,–,–,–,–,–,–,–,–,–,–,–,–,–,–,–,–,–,–,–,2,1.48,–,9.94,8.51,–,2.25,1.73,0.1875,0.174,–,1.3,–,–,–,–,–,–,–,–,–,–,–,–,–,–,–,–,–,–,–,–,–,–,–,–,–,–,–,–,–,–
14th,–,HSS,HSS2-1/4X2X1/8,–,–,–,–,–,–,0.898,–,–,–,–,–,–,–,–,3.27,–,–,–,–,–,0.646,0.693,0.574,0.848,–,–,0.538,0.639,0.538,0.774,–,–,–,–,–,–,–,–,–,–,–,–,–,–,–,–,–,–,–,0.957,–,–,–,–,–,–,–,–,–,–,–,–,–,–,–,–,–,–,–,–,–,–,–,–,–,–,–,–,–,–,–,–,–,–,–,–,–,–,–,–,–,2,1.65,–,16.4,14.2,–,2.25,1.9,0.125,0.116,–,0.927,–,–,–,–,–,–,–,–,–,–,–,–,–,–,–,–,–,–,–,–,–,–,–,–,–,–,–,–,–,–
14th,–,HSS,HSS2X2X1/4,–,–,–,–,–,–,1.51,–,–,–,–,–,–,–,–,5.41,–,–,–,–,–,0.747,0.964,0.747,0.704,–,–,0.747,0.964,0.747,0.704,–,–,–,–,–,–,–,–,–,–,–,–,–,–,–,–,–,–,–,1.31,–,–,–,–,–,–,–,–,–,–,–,–,–,–,–,–,–,–,–,–,–,–,–,–,–,–,–,–,–,–,–,–,–,–,–,–,–,–,–,–,–,2,1.3,–,5.58,5.58,–,2,1.3,0.25,0.233,–,1.41,–,–,–,–,–,–,–,–,–,–,–,–,–,–,–,–,–,–,–,–,–,–,–,–,–,–,–,–,–,–
14th,–,HSS,HSS2X2X3/16,–,–,–,–,–,–,1.19,–,–,–,–,–,–,–,–,4.32,–,–,–,–,–,0.641,0.797,0.641,0.733,–,–,0.641,0.797,0.641,0.733,–,–,–,–,–,–,–,–,–,–,–,–,–,–,–,–,–,–,–,1.09,–,–,–,–,–,–,–,–,–,–,–,–,–,–,–,–,–,–,–,–,–,–,–,–,–,–,–,–,–,–,–,–,–,–,–,–,–,–,–,–,–,2,1.48,–,8.51,8.51,–,2,1.48,0.1875,0.174,–,1.14,–,–,–,–,–,–,–,–,–,–,–,–,–,–,–,–,–,–,–,–,–,–,–,–,–,–,–,–,–,–
14th,–,HSS,HSS2X2X1/8,–,–,–,–,–,–,0.84,–,–,–,–,–,–,–,–,3.05,–,–,–,–,–,0.486,0.584,0.486,0.761,–,–,0.486,0.584,0.486,0.761,–,–,–,–,–,–,–,–,–,–,–,–,–,–,–,–,–,–,–,0.796,–,–,–,–,–,–,–,–,–,–,–,–,–,–,–,–,–,–,–,–,–,–,–,–,–,–,–,–,–,–,–,–,–,–,–,–,–,–,–,–,–,2,1.65,–,14.2,14.2,–,2,1.65,0.125,0.116,–,0.817,–,–,–,–,–,–,–,–,–,–,–,–,–,–,–,–,–,–,–,–,–,–,–,–,–,–,–,–,–,–
14th,–,HSS,HSS2X1-1/2X3/16,–,–,–,–,–,–,1.02,–,–,–,–,–,–,–,–,3.68,–,–,–,–,–,0.495,0.639,0.495,0.697,–,–,0.313,0.521,0.417,0.554,–,–,–,–,–,–,–,–,–,–,–,–,–,–,–,–,–,–,–,0.664,–,–,–,–,–,–,–,–,–,–,–,–,–,–,–,–,–,–,–,–,–,–,–,–,–,–,–,–,–,–,–,–,–,–,–,–,–,–,–,–,–,1.5,0.978,–,8.51,5.62,–,2,1.48,0.1875,0.174,–,0.822,–,–,–,–,–,–,–,–,–,–,–,–,–,–,–,–,–,–,–,–,–,–,–,–,–,–,–,–,–,–
14th,–,HSS,HSS2X1-1/2X1/8,–,–,–,–,–,–,0.724,–,–,–,–,–,–,–,–,2.63,–,–,–,–,–,0.383,0.475,0.383,0.728,–,–,0.244,0.389,0.325,0.581,–,–,–,–,–,–,–,–,–,–,–,–,–,–,–,–,–,–,–,0.496,–,–,–,–,–,–,–,–,–,–,–,–,–,–,–,–,–,–,–,–,–,–,–,–,–,–,–,–,–,–,–,–,–,–,–,–,–,–,–,–,–,1.5,1.15,–,14.2,9.91,–,2,1.65,0.125,0.116,–,0.599,–,–,–,–,–,–,–,–,–,–,–,–,–,–,–,–,–,–,–,–,–,–,–,–,–,–,–,–,–,–
14th,–,HSS,HSS2X1X3/16,–,–,–,–,–,–,0.845,–,–,–,–,–,–,–,–,3.04,–,–,–,–,–,0.35,0.48,0.35,0.643,–,–,0.112,0.288,0.225,0.365,–,–,–,–,–,–,–,–,–,–,–,–,–,–,–,–,–,–,–,0.301,–,–,–,–,–,–,–,–,–,–,–,–,–,–,–,–,–,–,–,–,–,–,–,–,–,–,–,–,–,–,–,–,–,–,–,–,–,–,–,–,–,1,0.478,–,8.51,2.75,–,2,1.48,0.1875,0.174,–,0.505,–,–,–,–,–,–,–,–,–,–,–,–,–,–,–,–,–,–,–,–,–,–,–,–,–,–,–,–,–,–
14th,–,HSS,HSS2X1X1/8,–,–,–,–,–,–,0.608,–,–,–,–,–,–,–,–,2.2,–,–,–,–,–,0.28,0.366,0.28,0.679,–,–,0.0922,0.223,0.184,0.39,–,–,–,–,–,–,–,–,–,–,–,–,–,–,–,–,–,–,–,0.238,–,–,–,–,–,–,–,–,–,–,–,–,–,–,–,–,–,–,–,–,–,–,–,–,–,–,–,–,–,–,–,–,–,–,–,–,–,–,–,–,–,1,0.652,–,14.2,5.62,–,2,1.65,0.125,0.116,–,0.38,–,–,–,–,–,–,–,–,–,–,–,–,–,–,–,–,–,–,–,–,–,–,–,–,–,–,–,–,–,–
14th,–,HSS,HSS20X0.500,–,–,–,–,–,–,28.5,–,–,–,–,–,–,–,–,104,–,–,–,–,–,1360,177,136,6.91,–,–,1360,177,136,6.91,–,–,–,–,–,–,–,–,–,–,–,–,–,–,–,–,20,–,–,2720,–,–,–,–,–,–,–,–,–,–,–,–,–,–,–,–,–,–,–,–,–,–,–,–,–,–,–,–,–,–,–,–,–,–,–,–,–,–,–,–,–,–,–,–,–,–,43,–,–,0.5,0.465,–,272,–,–,–,–,–,–,–,–,–,–,–,–,–,–,–,–,–,–,–,–,–,–,–,–,–,–,–,–,–,–
14th,–,HSS,HSS20X0.375,–,–,–,–,–,–,21.5,–,–,–,–,–,–,–,–,78.67,–,–,–,–,–,1040,135,104,6.95,–,–,1040,135,104,6.95,–,–,–,–,–,–,–,–,–,–,–,–,–,–,–,–,20,–,–,2080,–,–,–,–,–,–,–,–,–,–,–,–,–,–,–,–,–,–,–,–,–,–,–,–,–,–,–,–,–,–,–,–,–,–,–,–,–,–,–,–,–,–,–,–,–,–,57.3,–,–,0.375,0.349,–,208,–,–,–,–,–,–,–,–,–,–,–,–,–,–,–,–,–,–,–,–,–,–,–,–,–,–,–,–,–,–
14th,–,HSS,HSS18X0.500,–,–,–,–,–,–,25.6,–,–,–,–,–,–,–,–,93.54,–,–,–,–,–,985,143,109,6.2,–,–,985,143,109,6.2,–,–,–,–,–,–,–,–,–,–,–,–,–,–,–,–,18,–,–,1970,–,–,–,–,–,–,–,–,–,–,–,–,–,–,–,–,–,–,–,–,–,–,–,–,–,–,–,–,–,–,–,–,–,–,–,–,–,–,–,–,–,–,–,–,–,–,38.7,–,–,0.5,0.465,–,219,–,–,–,–,–,–,–,–,–,–,–,–,–,–,–,–,–,–,–,–,–,–,–,–,–,–,–,–,–,–
14th,–,HSS,HSS18X0.375,–,–,–,–,–,–,19.4,–,–,–,–,–,–,–,–,70.66,–,–,–,–,–,754,109,83.8,6.24,–,–,754,109,83.8,6.24,–,–,–,–,–,–,–,–,–,–,–,–,–,–,–,–,18,–,–,1510,–,–,–,–,–,–,–,–,–,–,–,–,–,–,–,–,–,–,–,–,–,–,–,–,–,–,–,–,–,–,–,–,–,–,–,–,–,–,–,–,–,–,–,–,–,–,51.6,–,–,0.375,0.349,–,168,–,–,–,–,–,–,–,–,–,–,–,–,–,–,–,–,–,–,–,–,–,–,–,–,–,–,–,–,–,–
14th,–,HSS,HSS16X0.625,–,–,–,–,–,–,28.1,–,–,–,–,–,–,–,–,103,–,–,–,–,–,838,138,105,5.46,–,–,838,138,105,5.46,–,–,–,–,–,–,–,–,–,–,–,–,–,–,–,–,16,–,–,1680,–,–,–,–,–,–,–,–,–,–,–,–,–,–,–,–,–,–,–,–,–,–,–,–,–,–,–,–,–,–,–,–,–,–,–,–,–,–,–,–,–,–,–,–,–,–,27.5,–,–,0.625,0.581,–,209,–,–,–,–,–,–,–,–,–,–,–,–,–,–,–,–,–,–,–,–,–,–,–,–,–,–,–,–,–,–
14th,–,HSS,HSS16X0.500,–,–,–,–,–,–,22.7,–,–,–,–,–,–,–,–,82.85,–,–,–,–,–,685,112,85.7,5.49,–,–,685,112,85.7,5.49,–,–,–,–,–,–,–,–,–,–,–,–,–,–,–,–,16,–,–,1370,–,–,–,–,–,–,–,–,–,–,–,–,–,–,–,–,–,–,–,–,–,–,–,–,–,–,–,–,–,–,–,–,–,–,–,–,–,–,–,–,–,–,–,–,–,–,34.4,–,–,0.5,0.465,–,171,–,–,–,–,–,–,–,–,–,–,–,–,–,–,–,–,–,–,–,–,–,–,–,–,–,–,–,–,–,–
14th,–,HSS,HSS16X0.438,–,–,–,–,–,–,19.9,–,–,–,–,–,–,–,–,72.87,–,–,–,–,–,606,99,75.8,5.51,–,–,606,99,75.8,5.51,–,–,–,–,–,–,–,–,–,–,–,–,–,–,–,–,16,–,–,1210,–,–,–,–,–,–,–,–,–,–,–,–,–,–,–,–,–,–,–,–,–,–,–,–,–,–,–,–,–,–,–,–,–,–,–,–,–,–,–,–,–,–,–,–,–,–,39.3,–,–,0.438,0.407,–,152,–,–,–,–,–,–,–,–,–,–,–,–,–,–,–,–,–,–,–,–,–,–,–,–,–,–,–,–,–,–
14th,–,HSS,HSS16X0.375,–,–,–,–,–,–,17.2,–,–,–,–,–,–,–,–,62.64,–,–,–,–,–,526,85.5,65.7,5.53,–,–,526,85.5,65.7,5.53,–,–,–,–,–,–,–,–,–,–,–,–,–,–,–,–,16,–,–,1050,–,–,–,–,–,–,–,–,–,–,–,–,–,–,–,–,–,–,–,–,–,–,–,–,–,–,–,–,–,–,–,–,–,–,–,–,–,–,–,–,–,–,–,–,–,–,45.8,–,–,0.375,0.349,–,131,–,–,–,–,–,–,–,–,–,–,–,–,–,–,–,–,–,–,–,–,–,–,–,–,–,–,–,–,–,–
14th,–,HSS,HSS16X0.312,–,–,–,–,–,–,14.4,–,–,–,–,–,–,–,–,52.32,–,–,–,–,–,443,71.8,55.4,5.55,–,–,443,71.8,55.4,5.55,–,–,–,–,–,–,–,–,–,–,–,–,–,–,–,–,16,–,–,886,–,–,–,–,–,–,–,–,–,–,–,–,–,–,–,–,–,–,–,–,–,–,–,–,–,–,–,–,–,–,–,–,–,–,–,–,–,–,–,–,–,–,–,–,–,–,55,–,–,0.312,0.291,–,111,–,–,–,–,–,–,–,–,–,–,–,–,–,–,–,–,–,–,–,–,–,–,–,–,–,–,–,–,–,–
14th,–,HSS,HSS16X0.250,–,–,–,–,–,–,11.5,–,–,–,–,–,–,–,–,42.09,–,–,–,–,–,359,57.9,44.8,5.58,–,–,359,57.9,44.8,5.58,–,–,–,–,–,–,–,–,–,–,–,–,–,–,–,–,16,–,–,717,–,–,–,–,–,–,–,–,–,–,–,–,–,–,–,–,–,–,–,–,–,–,–,–,–,–,–,–,–,–,–,–,–,–,–,–,–,–,–,–,–,–,–,–,–,–,68.7,–,–,0.25,0.233,–,89.7,–,–,–,–,–,–,–,–,–,–,–,–,–,–,–,–,–,–,–,–,–,–,–,–,–,–,–,–,–,–
14th,–,HSS,HSS14X0.625,–,–,–,–,–,–,24.5,–,–,–,–,–,–,–,–,89.36,–,–,–,–,–,552,105,78.9,4.75,–,–,552,105,78.9,4.75,–,–,–,–,–,–,–,–,–,–,–,–,–,–,–,–,14,–,–,1100,–,–,–,–,–,–,–,–,–,–,–,–,–,–,–,–,–,–,–,–,–,–,–,–,–,–,–,–,–,–,–,–,–,–,–,–,–,–,–,–,–,–,–,–,–,–,24.1,–,–,0.625,0.581,–,158,–,–,–,–,–,–,–,–,–,–,–,–,–,–,–,–,–,–,–,–,–,–,–,–,–,–,–,–,–,–
14th,–,HSS,HSS14X0.500,–,–,–,–,–,–,19.8,–,–,–,–,–,–,–,–,72.16,–,–,–,–,–,453,85.2,64.8,4.79,–,–,453,85.2,64.8,4.79,–,–,–,–,–,–,–,–,–,–,–,–,–,–,–,–,14,–,–,907,–,–,–,–,–,–,–,–,–,–,–,–,–,–,–,–,–,–,–,–,–,–,–,–,–,–,–,–,–,–,–,–,–,–,–,–,–,–,–,–,–,–,–,–,–,–,30.1,–,–,0.5,0.465,–,130,–,–,–,–,–,–,–,–,–,–,–,–,–,–,–,–,–,–,–,–,–,–,–,–,–,–,–,–,–,–
14th,–,HSS,HSS14X0.375,–,–,–,–,–,–,15,–,–,–,–,–,–,–,–,54.62,–,–,–,–,–,349,65.1,49.8,4.83,–,–,349,65.1,49.8,4.83,–,–,–,–,–,–,–,–,–,–,–,–,–,–,–,–,14,–,–,698,–,–,–,–,–,–,–,–,–,–,–,–,–,–,–,–,–,–,–,–,–,–,–,–,–,–,–,–,–,–,–,–,–,–,–,–,–,–,–,–,–,–,–,–,–,–,40.1,–,–,0.375,0.349,–,100,–,–,–,–,–,–,–,–,–,–,–,–,–,–,–,–,–,–,–,–,–,–,–,–,–,–,–,–,–,–
14th,–,HSS,HSS14X0.312,–,–,–,–,–,–,12.5,–,–,–,–,–,–,–,–,45.65,–,–,–,–,–,295,54.7,42.1,4.85,–,–,295,54.7,42.1,4.85,–,–,–,–,–,–,–,–,–,–,–,–,–,–,–,–,14,–,–,589,–,–,–,–,–,–,–,–,–,–,–,–,–,–,–,–,–,–,–,–,–,–,–,–,–,–,–,–,–,–,–,–,–,–,–,–,–,–,–,–,–,–,–,–,–,–,48.1,–,–,0.312,0.291,–,84.2,–,–,–,–,–,–,–,–,–,–,–,–,–,–,–,–,–,–,–,–,–,–,–,–,–,–,–,–,–,–
14th,–,HSS,HSS14X0.250,–,–,–,–,–,–,10.1,–,–,–,–,–,–,–,–,36.75,–,–,–,–,–,239,44.2,34.1,4.87,–,–,239,44.2,34.1,4.87,–,–,–,–,–,–,–,–,–,–,–,–,–,–,–,–,14,–,–,478,–,–,–,–,–,–,–,–,–,–,–,–,–,–,–,–,–,–,–,–,–,–,–,–,–,–,–,–,–,–,–,–,–,–,–,–,–,–,–,–,–,–,–,–,–,–,60.1,–,–,0.25,0.233,–,68.2,–,–,–,–,–,–,–,–,–,–,–,–,–,–,–,–,–,–,–,–,–,–,–,–,–,–,–,–,–,–
14th,–,HSS,HSS12.750X0.500,–,–,–,–,–,–,17.9,–,–,–,–,–,–,–,–,65.48,–,–,–,–,–,339,70.2,53.2,4.35,–,–,339,70.2,53.2,4.35,–,–,–,–,–,–,–,–,–,–,–,–,–,–,–,–,12.8,–,–,678,–,–,–,–,–,–,–,–,–,–,–,–,–,–,–,–,–,–,–,–,–,–,–,–,–,–,–,–,–,–,–,–,–,–,–,–,–,–,–,–,–,–,–,–,–,–,27.4,–,–,0.5,0.465,–,106,–,–,–,–,–,–,–,–,–,–,–,–,–,–,–,–,–,–,–,–,–,–,–,–,–,–,–,–,–,–
14th,–,HSS,HSS12.750X0.375,–,–,–,–,–,–,13.6,–,–,–,–,–,–,–,–,49.61,–,–,–,–,–,262,53.7,41,4.39,–,–,262,53.7,41,4.39,–,–,–,–,–,–,–,–,–,–,–,–,–,–,–,–,12.8,–,–,523,–,–,–,–,–,–,–,–,–,–,–,–,–,–,–,–,–,–,–,–,–,–,–,–,–,–,–,–,–,–,–,–,–,–,–,–,–,–,–,–,–,–,–,–,–,–,36.5,–,–,0.375,0.349,–,82.1,–,–,–,–,–,–,–,–,–,–,–,–,–,–,–,–,–,–,–,–,–,–,–,–,–,–,–,–,–,–
14th,–,HSS,HSS12.750X0.250,–,–,–,–,–,–,9.16,–,–,–,–,–,–,–,–,33.41,–,–,–,–,–,180,36.5,28.2,4.43,–,–,180,36.5,28.2,4.43,–,–,–,–,–,–,–,–,–,–,–,–,–,–,–,–,12.8,–,–,359,–,–,–,–,–,–,–,–,–,–,–,–,–,–,–,–,–,–,–,–,–,–,–,–,–,–,–,–,–,–,–,–,–,–,–,–,–,–,–,–,–,–,–,–,–,–,54.7,–,–,0.25,0.233,–,56.3,–,–,–,–,–,–,–,–,–,–,–,–,–,–,–,–,–,–,–,–,–,–,–,–,–,–,–,–,–,–
14th,–,HSS,HSS10.750X0.500,–,–,–,–,–,–,15,–,–,–,–,–,–,–,–,54.79,–,–,–,–,–,199,49.2,37,3.64,–,–,199,49.2,37,3.64,–,–,–,–,–,–,–,–,–,–,–,–,–,–,–,–,10.8,–,–,398,–,–,–,–,–,–,–,–,–,–,–,–,–,–,–,–,–,–,–,–,–,–,–,–,–,–,–,–,–,–,–,–,–,–,–,–,–,–,–,–,–,–,–,–,–,–,23.1,–,–,0.5,0.465,–,74.1,–,–,–,–,–,–,–,–,–,–,–,–,–,–,–,–,–,–,–,–,–,–,–,–,–,–,–,–,–,–
14th,–,HSS,HSS10.750X0.375,–,–,–,–,–,–,11.4,–,–,–,–,–,–,–,–,41.59,–,–,–,–,–,154,37.8,28.7,3.68,–,–,154,37.8,28.7,3.68,–,–,–,–,–,–,–,–,–,–,–,–,–,–,–,–,10.8,–,–,309,–,–,–,–,–,–,–,–,–,–,–,–,–,–,–,–,–,–,–,–,–,–,–,–,–,–,–,–,–,–,–,–,–,–,–,–,–,–,–,–,–,–,–,–,–,–,30.8,–,–,0.375,0.349,–,57.4,–,–,–,–,–,–,–,–,–,–,–,–,–,–,–,–,–,–,–,–,–,–,–,–,–,–,–,–,–,–
14th,–,HSS,HSS10.750X0.250,–,–,–,–,–,–,7.7,–,–,–,–,–,–,–,–,28.06,–,–,–,–,–,106,25.8,19.8,3.72,–,–,106,25.8,19.8,3.72,–,–,–,–,–,–,–,–,–,–,–,–,–,–,–,–,10.8,–,–,213,–,–,–,–,–,–,–,–,–,–,–,–,–,–,–,–,–,–,–,–,–,–,–,–,–,–,–,–,–,–,–,–,–,–,–,–,–,–,–,–,–,–,–,–,–,–,46.1,–,–,0.25,0.233,–,39.6,–,–,–,–,–,–,–,–,–,–,–,–,–,–,–,–,–,–,–,–,–,–,–,–,–,–,–,–,–,–
14th,–,HSS,HSS10X0.625,–,–,–,–,–,–,17.2,–,–,–,–,–,–,–,–,62.64,–,–,–,–,–,191,51.6,38.3,3.34,–,–,191,51.6,38.3,3.34,–,–,–,–,–,–,–,–,–,–,–,–,–,–,–,–,10,–,–,383,–,–,–,–,–,–,–,–,–,–,–,–,–,–,–,–,–,–,–,–,–,–,–,–,–,–,–,–,–,–,–,–,–,–,–,–,–,–,–,–,–,–,–,–,–,–,17.2,–,–,0.625,0.581,–,76.6,–,–,–,–,–,–,–,–,–,–,–,–,–,–,–,–,–,–,–,–,–,–,–,–,–,–,–,–,–,–
14th,–,HSS,HSS10X0.500,–,–,–,–,–,–,13.9,–,–,–,–,–,–,–,–,50.78,–,–,–,–,–,159,42.3,31.7,3.38,–,–,159,42.3,31.7,3.38,–,–,–,–,–,–,–,–,–,–,–,–,–,–,–,–,10,–,–,317,–,–,–,–,–,–,–,–,–,–,–,–,–,–,–,–,–,–,–,–,–,–,–,–,–,–,–,–,–,–,–,–,–,–,–,–,–,–,–,–,–,–,–,–,–,–,21.5,–,–,0.5,0.465,–,63.5,–,–,–,–,–,–,–,–,–,–,–,–,–,–,–,–,–,–,–,–,–,–,–,–,–,–,–,–,–,–
14th,–,HSS,HSS10X0.375,–,–,–,–,–,–,10.6,–,–,–,–,–,–,–,–,38.58,–,–,–,–,–,123,32.5,24.7,3.41,–,–,123,32.5,24.7,3.41,–,–,–,–,–,–,–,–,–,–,–,–,–,–,–,–,10,–,–,247,–,–,–,–,–,–,–,–,–,–,–,–,–,–,–,–,–,–,–,–,–,–,–,–,–,–,–,–,–,–,–,–,–,–,–,–,–,–,–,–,–,–,–,–,–,–,28.7,–,–,0.375,0.349,–,49.3,–,–,–,–,–,–,–,–,–,–,–,–,–,–,–,–,–,–,–,–,–,–,–,–,–,–,–,–,–,–
14th,–,HSS,HSS10X0.312,–,–,–,–,–,–,8.88,–,–,–,–,–,–,–,–,32.31,–,–,–,–,–,105,27.4,20.9,3.43,–,–,105,27.4,20.9,3.43,–,–,–,–,–,–,–,–,–,–,–,–,–,–,–,–,10,–,–,209,–,–,–,–,–,–,–,–,–,–,–,–,–,–,–,–,–,–,–,–,–,–,–,–,–,–,–,–,–,–,–,–,–,–,–,–,–,–,–,–,–,–,–,–,–,–,34.4,–,–,0.312,0.291,–,41.9,–,–,–,–,–,–,–,–,–,–,–,–,–,–,–,–,–,–,–,–,–,–,–,–,–,–,–,–,–,–
14th,–,HSS,HSS10X0.250,–,–,–,–,–,–,7.15,–,–,–,–,–,–,–,–,26.06,–,–,–,–,–,85.3,22.2,17.1,3.45,–,–,85.3,22.2,17.1,3.45,–,–,–,–,–,–,–,–,–,–,–,–,–,–,–,–,10,–,–,171,–,–,–,–,–,–,–,–,–,–,–,–,–,–,–,–,–,–,–,–,–,–,–,–,–,–,–,–,–,–,–,–,–,–,–,–,–,–,–,–,–,–,–,–,–,–,42.9,–,–,0.25,0.233,–,34.1,–,–,–,–,–,–,–,–,–,–,–,–,–,–,–,–,–,–,–,–,–,–,–,–,–,–,–,–,–,–
14th,–,HSS,HSS10X0.188,–,–,–,–,–,–,5.37,–,–,–,–,–,–,–,–,19.72,–,–,–,–,–,64.8,16.8,13,3.47,–,–,64.8,16.8,13,3.47,–,–,–,–,–,–,–,–,–,–,–,–,–,–,–,–,10,–,–,130,–,–,–,–,–,–,–,–,–,–,–,–,–,–,–,–,–,–,–,–,–,–,–,–,–,–,–,–,–,–,–,–,–,–,–,–,–,–,–,–,–,–,–,–,–,–,57.5,–,–,0.188,0.174,–,25.9,–,–,–,–,–,–,–,–,–,–,–,–,–,–,–,–,–,–,–,–,–,–,–,–,–,–,–,–,–,–
14th,–,HSS,HSS9.625X0.500,–,–,–,–,–,–,13.4,–,–,–,–,–,–,–,–,48.77,–,–,–,–,–,141,39,29.2,3.24,–,–,141,39,29.2,3.24,–,–,–,–,–,–,–,–,–,–,–,–,–,–,–,–,9.63,–,–,281,–,–,–,–,–,–,–,–,–,–,–,–,–,–,–,–,–,–,–,–,–,–,–,–,–,–,–,–,–,–,–,–,–,–,–,–,–,–,–,–,–,–,–,–,–,–,20.7,–,–,0.5,0.465,–,58.5,–,–,–,–,–,–,–,–,–,–,–,–,–,–,–,–,–,–,–,–,–,–,–,–,–,–,–,–,–,–
14th,–,HSS,HSS9.625X0.375,–,–,–,–,–,–,10.2,–,–,–,–,–,–,–,–,37.08,–,–,–,–,–,110,30,22.8,3.28,–,–,110,30,22.8,3.28,–,–,–,–,–,–,–,–,–,–,–,–,–,–,–,–,9.63,–,–,219,–,–,–,–,–,–,–,–,–,–,–,–,–,–,–,–,–,–,–,–,–,–,–,–,–,–,–,–,–,–,–,–,–,–,–,–,–,–,–,–,–,–,–,–,–,–,27.6,–,–,0.375,0.349,–,45.5,–,–,–,–,–,–,–,–,–,–,–,–,–,–,–,–,–,–,–,–,–,–,–,–,–,–,–,–,–,–
14th,–,HSS,HSS9.625X0.312,–,–,–,–,–,–,8.53,–,–,–,–,–,–,–,–,31.06,–,–,–,–,–,93,25.4,19.3,3.3,–,–,93,25.4,19.3,3.3,–,–,–,–,–,–,–,–,–,–,–,–,–,–,–,–,9.63,–,–,186,–,–,–,–,–,–,–,–,–,–,–,–,–,–,–,–,–,–,–,–,–,–,–,–,–,–,–,–,–,–,–,–,–,–,–,–,–,–,–,–,–,–,–,–,–,–,33.1,–,–,0.312,0.291,–,38.7,–,–,–,–,–,–,–,–,–,–,–,–,–,–,–,–,–,–,–,–,–,–,–,–,–,–,–,–,–,–
14th,–,HSS,HSS9.625X0.250,–,–,–,–,–,–,6.87,–,–,–,–,–,–,–,–,25.06,–,–,–,–,–,75.9,20.6,15.8,3.32,–,–,75.9,20.6,15.8,3.32,–,–,–,–,–,–,–,–,–,–,–,–,–,–,–,–,9.63,–,–,152,–,–,–,–,–,–,–,–,–,–,–,–,–,–,–,–,–,–,–,–,–,–,–,–,–,–,–,–,–,–,–,–,–,–,–,–,–,–,–,–,–,–,–,–,–,–,41.3,–,–,0.25,0.233,–,31.5,–,–,–,–,–,–,–,–,–,–,–,–,–,–,–,–,–,–,–,–,–,–,–,–,–,–,–,–,–,–
14th,–,HSS,HSS9.625X0.188,–,–,–,–,–,–,5.17,–,–,–,–,–,–,–,–,18.97,–,–,–,–,–,57.7,15.5,12,3.34,–,–,57.7,15.5,12,3.34,–,–,–,–,–,–,–,–,–,–,–,–,–,–,–,–,9.63,–,–,115,–,–,–,–,–,–,–,–,–,–,–,–,–,–,–,–,–,–,–,–,–,–,–,–,–,–,–,–,–,–,–,–,–,–,–,–,–,–,–,–,–,–,–,–,–,–,55.3,–,–,0.188,0.174,–,24,–,–,–,–,–,–,–,–,–,–,–,–,–,–,–,–,–,–,–,–,–,–,–,–,–,–,–,–,–,–
14th,–,HSS,HSS8.625X0.625,–,–,–,–,–,–,14.7,–,–,–,–,–,–,–,–,53.45,–,–,–,–,–,119,37.7,27.7,2.85,–,–,119,37.7,27.7,2.85,–,–,–,–,–,–,–,–,–,–,–,–,–,–,–,–,8.63,–,–,239,–,–,–,–,–,–,–,–,–,–,–,–,–,–,–,–,–,–,–,–,–,–,–,–,–,–,–,–,–,–,–,–,–,–,–,–,–,–,–,–,–,–,–,–,–,–,14.8,–,–,0.625,0.581,–,55.4,–,–,–,–,–,–,–,–,–,–,–,–,–,–,–,–,–,–,–,–,–,–,–,–,–,–,–,–,–,–
14th,–,HSS,HSS8.625X0.500,–,–,–,–,–,–,11.9,–,–,–,–,–,–,–,–,43.43,–,–,–,–,–,100,31,23.1,2.89,–,–,100,31,23.1,2.89,–,–,–,–,–,–,–,–,–,–,–,–,–,–,–,–,8.63,–,–,199,–,–,–,–,–,–,–,–,–,–,–,–,–,–,–,–,–,–,–,–,–,–,–,–,–,–,–,–,–,–,–,–,–,–,–,–,–,–,–,–,–,–,–,–,–,–,18.5,–,–,0.5,0.465,–,46.2,–,–,–,–,–,–,–,–,–,–,–,–,–,–,–,–,–,–,–,–,–,–,–,–,–,–,–,–,–,–
14th,–,HSS,HSS8.625X0.375,–,–,–,–,–,–,9.07,–,–,–,–,–,–,–,–,33.07,–,–,–,–,–,77.8,23.9,18,2.93,–,–,77.8,23.9,18,2.93,–,–,–,–,–,–,–,–,–,–,–,–,–,–,–,–,8.63,–,–,156,–,–,–,–,–,–,–,–,–,–,–,–,–,–,–,–,–,–,–,–,–,–,–,–,–,–,–,–,–,–,–,–,–,–,–,–,–,–,–,–,–,–,–,–,–,–,24.7,–,–,0.375,0.349,–,36.1,–,–,–,–,–,–,–,–,–,–,–,–,–,–,–,–,–,–,–,–,–,–,–,–,–,–,–,–,–,–
14th,–,HSS,HSS8.625X0.322,–,–,–,–,–,–,7.85,–,–,–,–,–,–,–,–,28.58,–,–,–,–,–,68.1,20.8,15.8,2.95,–,–,68.1,20.8,15.8,2.95,–,–,–,–,–,–,–,–,–,–,–,–,–,–,–,–,8.63,–,–,136,–,–,–,–,–,–,–,–,–,–,–,–,–,–,–,–,–,–,–,–,–,–,–,–,–,–,–,–,–,–,–,–,–,–,–,–,–,–,–,–,–,–,–,–,–,–,28.8,–,–,0.322,0.3,–,31.6,–,–,–,–,–,–,–,–,–,–,–,–,–,–,–,–,–,–,–,–,–,–,–,–,–,–,–,–,–,–
14th,–,HSS,HSS8.625X0.250,–,–,–,–,–,–,6.14,–,–,–,–,–,–,–,–,22.38,–,–,–,–,–,54.1,16.4,12.5,2.97,–,–,54.1,16.4,12.5,2.97,–,–,–,–,–,–,–,–,–,–,–,–,–,–,–,–,8.63,–,–,108,–,–,–,–,–,–,–,–,–,–,–,–,–,–,–,–,–,–,–,–,–,–,–,–,–,–,–,–,–,–,–,–,–,–,–,–,–,–,–,–,–,–,–,–,–,–,37,–,–,0.25,0.233,–,25.1,–,–,–,–,–,–,–,–,–,–,–,–,–,–,–,–,–,–,–,–,–,–,–,–,–,–,–,–,–,–
14th,–,HSS,HSS8.625X0.188,–,–,–,–,–,–,4.62,–,–,–,–,–,–,–,–,16.96,–,–,–,–,–,41.3,12.4,9.57,2.99,–,–,41.3,12.4,9.57,2.99,–,–,–,–,–,–,–,–,–,–,–,–,–,–,–,–,8.63,–,–,82.5,–,–,–,–,–,–,–,–,–,–,–,–,–,–,–,–,–,–,–,–,–,–,–,–,–,–,–,–,–,–,–,–,–,–,–,–,–,–,–,–,–,–,–,–,–,–,49.6,–,–,0.188,0.174,–,19.1,–,–,–,–,–,–,–,–,–,–,–,–,–,–,–,–,–,–,–,–,–,–,–,–,–,–,–,–,–,–
14th,–,HSS,HSS7.625X0.375,–,–,–,–,–,–,7.98,–,–,–,–,–,–,–,–,29.06,–,–,–,–,–,52.9,18.5,13.9,2.58,–,–,52.9,18.5,13.9,2.58,–,–,–,–,–,–,–,–,–,–,–,–,–,–,–,–,7.63,–,–,106,–,–,–,–,–,–,–,–,–,–,–,–,–,–,–,–,–,–,–,–,–,–,–,–,–,–,–,–,–,–,–,–,–,–,–,–,–,–,–,–,–,–,–,–,–,–,21.8,–,–,0.375,0.349,–,27.8,–,–,–,–,–,–,–,–,–,–,–,–,–,–,–,–,–,–,–,–,–,–,–,–,–,–,–,–,–,–
14th,–,HSS,HSS7.625X0.328,–,–,–,–,–,–,7.01,–,–,–,–,–,–,–,–,25.59,–,–,–,–,–,47.1,16.4,12.3,2.59,–,–,47.1,16.4,12.3,2.59,–,–,–,–,–,–,–,–,–,–,–,–,–,–,–,–,7.63,–,–,94.1,–,–,–,–,–,–,–,–,–,–,–,–,–,–,–,–,–,–,–,–,–,–,–,–,–,–,–,–,–,–,–,–,–,–,–,–,–,–,–,–,–,–,–,–,–,–,25,–,–,0.328,0.305,–,24.7,–,–,–,–,–,–,–,–,–,–,–,–,–,–,–,–,–,–,–,–,–,–,–,–,–,–,–,–,–,–
14th,–,HSS,HSS7.500X0.500,–,–,–,–,–,–,10.3,–,–,–,–,–,–,–,–,37.42,–,–,–,–,–,63.9,23,17,2.49,–,–,63.9,23,17,2.49,–,–,–,–,–,–,–,–,–,–,–,–,–,–,–,–,7.5,–,–,128,–,–,–,–,–,–,–,–,–,–,–,–,–,–,–,–,–,–,–,–,–,–,–,–,–,–,–,–,–,–,–,–,–,–,–,–,–,–,–,–,–,–,–,–,–,–,16.1,–,–,0.5,0.465,–,34.1,–,–,–,–,–,–,–,–,–,–,–,–,–,–,–,–,–,–,–,–,–,–,–,–,–,–,–,–,–,–
14th,–,HSS,HSS7.500X0.375,–,–,–,–,–,–,7.84,–,–,–,–,–,–,–,–,28.56,–,–,–,–,–,50.2,17.9,13.4,2.53,–,–,50.2,17.9,13.4,2.53,–,–,–,–,–,–,–,–,–,–,–,–,–,–,–,–,7.5,–,–,100,–,–,–,–,–,–,–,–,–,–,–,–,–,–,–,–,–,–,–,–,–,–,–,–,–,–,–,–,–,–,–,–,–,–,–,–,–,–,–,–,–,–,–,–,–,–,21.5,–,–,0.375,0.349,–,26.8,–,–,–,–,–,–,–,–,–,–,–,–,–,–,–,–,–,–,–,–,–,–,–,–,–,–,–,–,–,–
14th,–,HSS,HSS7.500X0.312,–,–,–,–,–,–,6.59,–,–,–,–,–,–,–,–,23.97,–,–,–,–,–,42.9,15.1,11.4,2.55,–,–,42.9,15.1,11.4,2.55,–,–,–,–,–,–,–,–,–,–,–,–,–,–,–,–,7.5,–,–,85.8,–,–,–,–,–,–,–,–,–,–,–,–,–,–,–,–,–,–,–,–,–,–,–,–,–,–,–,–,–,–,–,–,–,–,–,–,–,–,–,–,–,–,–,–,–,–,25.8,–,–,0.312,0.291,–,22.9,–,–,–,–,–,–,–,–,–,–,–,–,–,–,–,–,–,–,–,–,–,–,–,–,–,–,–,–,–,–
14th,–,HSS,HSS7.500X0.250,–,–,–,–,–,–,5.32,–,–,–,–,–,–,–,–,19.38,–,–,–,–,–,35.2,12.3,9.37,2.57,–,–,35.2,12.3,9.37,2.57,–,–,–,–,–,–,–,–,–,–,–,–,–,–,–,–,7.5,–,–,70.3,–,–,–,–,–,–,–,–,–,–,–,–,–,–,–,–,–,–,–,–,–,–,–,–,–,–,–,–,–,–,–,–,–,–,–,–,–,–,–,–,–,–,–,–,–,–,32.2,–,–,0.25,0.233,–,18.7,–,–,–,–,–,–,–,–,–,–,–,–,–,–,–,–,–,–,–,–,–,–,–,–,–,–,–,–,–,–
14th,–,HSS,HSS7.500X0.188,–,–,–,–,–,–,4,–,–,–,–,–,–,–,–,14.7,–,–,–,–,–,26.9,9.34,7.17,2.59,–,–,26.9,9.34,7.17,2.59,–,–,–,–,–,–,–,–,–,–,–,–,–,–,–,–,7.5,–,–,53.8,–,–,–,–,–,–,–,–,–,–,–,–,–,–,–,–,–,–,–,–,–,–,–,–,–,–,–,–,–,–,–,–,–,–,–,–,–,–,–,–,–,–,–,–,–,–,43.1,–,–,0.188,0.174,–,14.3,–,–,–,–,–,–,–,–,–,–,–,–,–,–,–,–,–,–,–,–,–,–,–,–,–,–,–,–,–,–
14th,–,HSS,HSS7X0.500,–,–,–,–,–,–,9.55,–,–,–,–,–,–,–,–,34.74,–,–,–,–,–,51.2,19.9,14.6,2.32,–,–,51.2,19.9,14.6,2.32,–,–,–,–,–,–,–,–,–,–,–,–,–,–,–,–,7,–,–,102,–,–,–,–,–,–,–,–,–,–,–,–,–,–,–,–,–,–,–,–,–,–,–,–,–,–,–,–,–,–,–,–,–,–,–,–,–,–,–,–,–,–,–,–,–,–,15.1,–,–,0.5,0.465,–,29.3,–,–,–,–,–,–,–,–,–,–,–,–,–,–,–,–,–,–,–,–,–,–,–,–,–,–,–,–,–,–
14th,–,HSS,HSS7X0.375,–,–,–,–,–,–,7.29,–,–,–,–,–,–,–,–,26.56,–,–,–,–,–,40.4,15.5,11.6,2.35,–,–,40.4,15.5,11.6,2.35,–,–,–,–,–,–,–,–,–,–,–,–,–,–,–,–,7,–,–,80.9,–,–,–,–,–,–,–,–,–,–,–,–,–,–,–,–,–,–,–,–,–,–,–,–,–,–,–,–,–,–,–,–,–,–,–,–,–,–,–,–,–,–,–,–,–,–,20.1,–,–,0.375,0.349,–,23.1,–,–,–,–,–,–,–,–,–,–,–,–,–,–,–,–,–,–,–,–,–,–,–,–,–,–,–,–,–,–
14th,–,HSS,HSS7X0.312,–,–,–,–,–,–,6.13,–,–,–,–,–,–,–,–,22.31,–,–,–,–,–,34.6,13.1,9.88,2.37,–,–,34.6,13.1,9.88,2.37,–,–,–,–,–,–,–,–,–,–,–,–,–,–,–,–,7,–,–,69.1,–,–,–,–,–,–,–,–,–,–,–,–,–,–,–,–,–,–,–,–,–,–,–,–,–,–,–,–,–,–,–,–,–,–,–,–,–,–,–,–,–,–,–,–,–,–,24.1,–,–,0.312,0.291,–,19.8,–,–,–,–,–,–,–,–,–,–,–,–,–,–,–,–,–,–,–,–,–,–,–,–,–,–,–,–,–,–
14th,–,HSS,HSS7X0.250,–,–,–,–,–,–,4.95,–,–,–,–,–,–,–,–,18.04,–,–,–,–,–,28.4,10.7,8.11,2.39,–,–,28.4,10.7,8.11,2.39,–,–,–,–,–,–,–,–,–,–,–,–,–,–,–,–,7,–,–,56.8,–,–,–,–,–,–,–,–,–,–,–,–,–,–,–,–,–,–,–,–,–,–,–,–,–,–,–,–,–,–,–,–,–,–,–,–,–,–,–,–,–,–,–,–,–,–,30,–,–,0.25,0.233,–,16.2,–,–,–,–,–,–,–,–,–,–,–,–,–,–,–,–,–,–,–,–,–,–,–,–,–,–,–,–,–,–
14th,–,HSS,HSS7X0.188,–,–,–,–,–,–,3.73,–,–,–,–,–,–,–,–,13.69,–,–,–,–,–,21.7,8.11,6.21,2.41,–,–,21.7,8.11,6.21,2.41,–,–,–,–,–,–,–,–,–,–,–,–,–,–,–,–,7,–,–,43.5,–,–,–,–,–,–,–,–,–,–,–,–,–,–,–,–,–,–,–,–,–,–,–,–,–,–,–,–,–,–,–,–,–,–,–,–,–,–,–,–,–,–,–,–,–,–,40.2,–,–,0.188,0.174,–,12.4,–,–,–,–,–,–,–,–,–,–,–,–,–,–,–,–,–,–,–,–,–,–,–,–,–,–,–,–,–,–
14th,–,HSS,HSS7X0.125,–,–,–,–,–,–,2.51,–,–,–,–,–,–,–,–,9.19,–,–,–,–,–,14.9,5.5,4.25,2.43,–,–,14.9,5.5,4.25,2.43,–,–,–,–,–,–,–,–,–,–,–,–,–,–,–,–,7,–,–,29.7,–,–,–,–,–,–,–,–,–,–,–,–,–,–,–,–,–,–,–,–,–,–,–,–,–,–,–,–,–,–,–,–,–,–,–,–,–,–,–,–,–,–,–,–,–,–,60.3,–,–,0.125,0.116,–,8.49,–,–,–,–,–,–,–,–,–,–,–,–,–,–,–,–,–,–,–,–,–,–,–,–,–,–,–,–,–,–
14th,–,HSS,HSS6.875X0.500,–,–,–,–,–,–,9.36,–,–,–,–,–,–,–,–,34.07,–,–,–,–,–,48.3,19.1,14.1,2.27,–,–,48.3,19.1,14.1,2.27,–,–,–,–,–,–,–,–,–,–,–,–,–,–,–,–,6.88,–,–,96.7,–,–,–,–,–,–,–,–,–,–,–,–,–,–,–,–,–,–,–,–,–,–,–,–,–,–,–,–,–,–,–,–,–,–,–,–,–,–,–,–,–,–,–,–,–,–,14.8,–,–,0.5,0.465,–,28.1,–,–,–,–,–,–,–,–,–,–,–,–,–,–,–,–,–,–,–,–,–,–,–,–,–,–,–,–,–,–
14th,–,HSS,HSS6.875X0.375,–,–,–,–,–,–,7.16,–,–,–,–,–,–,–,–,26.06,–,–,–,–,–,38.2,14.9,11.1,2.31,–,–,38.2,14.9,11.1,2.31,–,–,–,–,–,–,–,–,–,–,–,–,–,–,–,–,6.88,–,–,76.4,–,–,–,–,–,–,–,–,–,–,–,–,–,–,–,–,–,–,–,–,–,–,–,–,–,–,–,–,–,–,–,–,–,–,–,–,–,–,–,–,–,–,–,–,–,–,19.7,–,–,0.375,0.349,–,22.2,–,–,–,–,–,–,–,–,–,–,–,–,–,–,–,–,–,–,–,–,–,–,–,–,–,–,–,–,–,–
14th,–,HSS,HSS6.875X0.312,–,–,–,–,–,–,6.02,–,–,–,–,–,–,–,–,21.89,–,–,–,–,–,32.7,12.6,9.51,2.33,–,–,32.7,12.6,9.51,2.33,–,–,–,–,–,–,–,–,–,–,–,–,–,–,–,–,6.88,–,–,65.4,–,–,–,–,–,–,–,–,–,–,–,–,–,–,–,–,–,–,–,–,–,–,–,–,–,–,–,–,–,–,–,–,–,–,–,–,–,–,–,–,–,–,–,–,–,–,23.6,–,–,0.312,0.291,–,19,–,–,–,–,–,–,–,–,–,–,–,–,–,–,–,–,–,–,–,–,–,–,–,–,–,–,–,–,–,–
14th,–,HSS,HSS6.875X0.250,–,–,–,–,–,–,4.86,–,–,–,–,–,–,–,–,17.71,–,–,–,–,–,26.8,10.3,7.81,2.35,–,–,26.8,10.3,7.81,2.35,–,–,–,–,–,–,–,–,–,–,–,–,–,–,–,–,6.88,–,–,53.7,–,–,–,–,–,–,–,–,–,–,–,–,–,–,–,–,–,–,–,–,–,–,–,–,–,–,–,–,–,–,–,–,–,–,–,–,–,–,–,–,–,–,–,–,–,–,29.5,–,–,0.25,0.233,–,15.6,–,–,–,–,–,–,–,–,–,–,–,–,–,–,–,–,–,–,–,–,–,–,–,–,–,–,–,–,–,–
14th,–,HSS,HSS6.875X0.188,–,–,–,–,–,–,3.66,–,–,–,–,–,–,–,–,13.44,–,–,–,–,–,20.6,7.81,5.99,2.37,–,–,20.6,7.81,5.99,2.37,–,–,–,–,–,–,–,–,–,–,–,–,–,–,–,–,6.88,–,–,41.1,–,–,–,–,–,–,–,–,–,–,–,–,–,–,–,–,–,–,–,–,–,–,–,–,–,–,–,–,–,–,–,–,–,–,–,–,–,–,–,–,–,–,–,–,–,–,39.5,–,–,0.188,0.174,–,12,–,–,–,–,–,–,–,–,–,–,–,–,–,–,–,–,–,–,–,–,–,–,–,–,–,–,–,–,–,–
14th,–,HSS,HSS6.625X0.500,–,–,–,–,–,–,9,–,–,–,–,–,–,–,–,32.74,–,–,–,–,–,42.9,17.7,13,2.18,–,–,42.9,17.7,13,2.18,–,–,–,–,–,–,–,–,–,–,–,–,–,–,–,–,6.63,–,–,85.9,–,–,–,–,–,–,–,–,–,–,–,–,–,–,–,–,–,–,–,–,–,–,–,–,–,–,–,–,–,–,–,–,–,–,–,–,–,–,–,–,–,–,–,–,–,–,14.2,–,–,0.5,0.465,–,25.9,–,–,–,–,–,–,–,–,–,–,–,–,–,–,–,–,–,–,–,–,–,–,–,–,–,–,–,–,–,–
14th,–,HSS,HSS6.625X0.432,–,–,–,–,–,–,7.86,–,–,–,–,–,–,–,–,28.6,–,–,–,–,–,38.2,15.6,11.5,2.2,–,–,38.2,15.6,11.5,2.2,–,–,–,–,–,–,–,–,–,–,–,–,–,–,–,–,6.63,–,–,76.4,–,–,–,–,–,–,–,–,–,–,–,–,–,–,–,–,–,–,–,–,–,–,–,–,–,–,–,–,–,–,–,–,–,–,–,–,–,–,–,–,–,–,–,–,–,–,16.5,–,–,0.432,0.402,–,23.1,–,–,–,–,–,–,–,–,–,–,–,–,–,–,–,–,–,–,–,–,–,–,–,–,–,–,–,–,–,–
14th,–,HSS,HSS6.625X0.375,–,–,–,–,–,–,6.88,–,–,–,–,–,–,–,–,25.06,–,–,–,–,–,34,13.8,10.3,2.22,–,–,34,13.8,10.3,2.22,–,–,–,–,–,–,–,–,–,–,–,–,–,–,–,–,6.63,–,–,68,–,–,–,–,–,–,–,–,–,–,–,–,–,–,–,–,–,–,–,–,–,–,–,–,–,–,–,–,–,–,–,–,–,–,–,–,–,–,–,–,–,–,–,–,–,–,19,–,–,0.375,0.349,–,20.5,–,–,–,–,–,–,–,–,–,–,–,–,–,–,–,–,–,–,–,–,–,–,–,–,–,–,–,–,–,–
14th,–,HSS,HSS6.625X0.312,–,–,–,–,–,–,5.79,–,–,–,–,–,–,–,–,21.06,–,–,–,–,–,29.1,11.7,8.79,2.24,–,–,29.1,11.7,8.79,2.24,–,–,–,–,–,–,–,–,–,–,–,–,–,–,–,–,6.63,–,–,58.2,–,–,–,–,–,–,–,–,–,–,–,–,–,–,–,–,–,–,–,–,–,–,–,–,–,–,–,–,–,–,–,–,–,–,–,–,–,–,–,–,–,–,–,–,–,–,22.8,–,–,0.312,0.291,–,17.6,–,–,–,–,–,–,–,–,–,–,–,–,–,–,–,–,–,–,–,–,–,–,–,–,–,–,–,–,–,–
14th,–,HSS,HSS6.625X0.280,–,–,–,–,–,–,5.2,–,–,–,–,–,–,–,–,18.99,–,–,–,–,–,26.4,10.5,7.96,2.25,–,–,26.4,10.5,7.96,2.25,–,–,–,–,–,–,–,–,–,–,–,–,–,–,–,–,6.63,–,–,52.7,–,–,–,–,–,–,–,–,–,–,–,–,–,–,–,–,–,–,–,–,–,–,–,–,–,–,–,–,–,–,–,–,–,–,–,–,–,–,–,–,–,–,–,–,–,–,25.5,–,–,0.28,0.26,–,15.9,–,–,–,–,–,–,–,–,–,–,–,–,–,–,–,–,–,–,–,–,–,–,–,–,–,–,–,–,–,–
14th,–,HSS,HSS6.625X0.250,–,–,–,–,–,–,4.68,–,–,–,–,–,–,–,–,17.04,–,–,–,–,–,23.9,9.52,7.22,2.26,–,–,23.9,9.52,7.22,2.26,–,–,–,–,–,–,–,–,–,–,–,–,–,–,–,–,6.63,–,–,47.9,–,–,–,–,–,–,–,–,–,–,–,–,–,–,–,–,–,–,–,–,–,–,–,–,–,–,–,–,–,–,–,–,–,–,–,–,–,–,–,–,–,–,–,–,–,–,28.4,–,–,0.25,0.233,–,14.4,–,–,–,–,–,–,–,–,–,–,–,–,–,–,–,–,–,–,–,–,–,–,–,–,–,–,–,–,–,–
14th,–,HSS,HSS6.625X0.188,–,–,–,–,–,–,3.53,–,–,–,–,–,–,–,–,12.94,–,–,–,–,–,18.4,7.24,5.54,2.28,–,–,18.4,7.24,5.54,2.28,–,–,–,–,–,–,–,–,–,–,–,–,–,–,–,–,6.63,–,–,36.7,–,–,–,–,–,–,–,–,–,–,–,–,–,–,–,–,–,–,–,–,–,–,–,–,–,–,–,–,–,–,–,–,–,–,–,–,–,–,–,–,–,–,–,–,–,–,38.1,–,–,0.188,0.174,–,11.1,–,–,–,–,–,–,–,–,–,–,–,–,–,–,–,–,–,–,–,–,–,–,–,–,–,–,–,–,–,–
14th,–,HSS,HSS6.625X0.125,–,–,–,–,–,–,2.37,–,–,–,–,–,–,–,–,8.69,–,–,–,–,–,12.6,4.92,3.79,2.3,–,–,12.6,4.92,3.79,2.3,–,–,–,–,–,–,–,–,–,–,–,–,–,–,–,–,6.63,–,–,25.1,–,–,–,–,–,–,–,–,–,–,–,–,–,–,–,–,–,–,–,–,–,–,–,–,–,–,–,–,–,–,–,–,–,–,–,–,–,–,–,–,–,–,–,–,–,–,57.1,–,–,0.125,0.116,–,7.59,–,–,–,–,–,–,–,–,–,–,–,–,–,–,–,–,–,–,–,–,–,–,–,–,–,–,–,–,–,–
14th,–,HSS,HSS6X0.500,–,–,–,–,–,–,8.09,–,–,–,–,–,–,–,–,29.4,–,–,–,–,–,31.2,14.3,10.4,1.96,–,–,31.2,14.3,10.4,1.96,–,–,–,–,–,–,–,–,–,–,–,–,–,–,–,–,6,–,–,62.4,–,–,–,–,–,–,–,–,–,–,–,–,–,–,–,–,–,–,–,–,–,–,–,–,–,–,–,–,–,–,–,–,–,–,–,–,–,–,–,–,–,–,–,–,–,–,12.9,–,–,0.5,0.465,–,20.8,–,–,–,–,–,–,–,–,–,–,–,–,–,–,–,–,–,–,–,–,–,–,–,–,–,–,–,–,–,–
14th,–,HSS,HSS6X0.375,–,–,–,–,–,–,6.2,–,–,–,–,–,–,–,–,22.55,–,–,–,–,–,24.8,11.2,8.28,2,–,–,24.8,11.2,8.28,2,–,–,–,–,–,–,–,–,–,–,–,–,–,–,–,–,6,–,–,49.7,–,–,–,–,–,–,–,–,–,–,–,–,–,–,–,–,–,–,–,–,–,–,–,–,–,–,–,–,–,–,–,–,–,–,–,–,–,–,–,–,–,–,–,–,–,–,17.2,–,–,0.375,0.349,–,16.6,–,–,–,–,–,–,–,–,–,–,–,–,–,–,–,–,–,–,–,–,–,–,–,–,–,–,–,–,–,–
14th,–,HSS,HSS6X0.312,–,–,–,–,–,–,5.22,–,–,–,–,–,–,–,–,18.97,–,–,–,–,–,21.3,9.49,7.11,2.02,–,–,21.3,9.49,7.11,2.02,–,–,–,–,–,–,–,–,–,–,–,–,–,–,–,–,6,–,–,42.6,–,–,–,–,–,–,–,–,–,–,–,–,–,–,–,–,–,–,–,–,–,–,–,–,–,–,–,–,–,–,–,–,–,–,–,–,–,–,–,–,–,–,–,–,–,–,20.6,–,–,0.312,0.291,–,14.2,–,–,–,–,–,–,–,–,–,–,–,–,–,–,–,–,–,–,–,–,–,–,–,–,–,–,–,–,–,–
14th,–,HSS,HSS6X0.280,–,–,–,–,–,–,4.69,–,–,–,–,–,–,–,–,17.12,–,–,–,–,–,19.3,8.57,6.45,2.03,–,–,19.3,8.57,6.45,2.03,–,–,–,–,–,–,–,–,–,–,–,–,–,–,–,–,6,–,–,38.7,–,–,–,–,–,–,–,–,–,–,–,–,–,–,–,–,–,–,–,–,–,–,–,–,–,–,–,–,–,–,–,–,–,–,–,–,–,–,–,–,–,–,–,–,–,–,23.1,–,–,0.28,0.26,–,12.9,–,–,–,–,–,–,–,–,–,–,–,–,–,–,–,–,–,–,–,–,–,–,–,–,–,–,–,–,–,–
14th,–,HSS,HSS6X0.250,–,–,–,–,–,–,4.22,–,–,–,–,–,–,–,–,15.37,–,–,–,–,–,17.6,7.75,5.86,2.04,–,–,17.6,7.75,5.86,2.04,–,–,–,–,–,–,–,–,–,–,–,–,–,–,–,–,6,–,–,35.2,–,–,–,–,–,–,–,–,–,–,–,–,–,–,–,–,–,–,–,–,–,–,–,–,–,–,–,–,–,–,–,–,–,–,–,–,–,–,–,–,–,–,–,–,–,–,25.8,–,–,0.25,0.233,–,11.7,–,–,–,–,–,–,–,–,–,–,–,–,–,–,–,–,–,–,–,–,–,–,–,–,–,–,–,–,–,–
14th,–,HSS,HSS6X0.188,–,–,–,–,–,–,3.18,–,–,–,–,–,–,–,–,11.68,–,–,–,–,–,13.5,5.91,4.51,2.06,–,–,13.5,5.91,4.51,2.06,–,–,–,–,–,–,–,–,–,–,–,–,–,–,–,–,6,–,–,27,–,–,–,–,–,–,–,–,–,–,–,–,–,–,–,–,–,–,–,–,–,–,–,–,–,–,–,–,–,–,–,–,–,–,–,–,–,–,–,–,–,–,–,–,–,–,34.5,–,–,0.188,0.174,–,9.02,–,–,–,–,–,–,–,–,–,–,–,–,–,–,–,–,–,–,–,–,–,–,–,–,–,–,–,–,–,–
14th,–,HSS,HSS6X0.125,–,–,–,–,–,–,2.14,–,–,–,–,–,–,–,–,7.85,–,–,–,–,–,9.28,4.02,3.09,2.08,–,–,9.28,4.02,3.09,2.08,–,–,–,–,–,–,–,–,–,–,–,–,–,–,–,–,6,–,–,18.6,–,–,–,–,–,–,–,–,–,–,–,–,–,–,–,–,–,–,–,–,–,–,–,–,–,–,–,–,–,–,–,–,–,–,–,–,–,–,–,–,–,–,–,–,–,–,51.7,–,–,0.125,0.116,–,6.19,–,–,–,–,–,–,–,–,–,–,–,–,–,–,–,–,–,–,–,–,–,–,–,–,–,–,–,–,–,–
14th,–,HSS,HSS5.563X0.500,–,–,–,–,–,–,7.45,–,–,–,–,–,–,–,–,27.06,–,–,–,–,–,24.4,12.1,8.77,1.81,–,–,24.4,12.1,8.77,1.81,–,–,–,–,–,–,–,–,–,–,–,–,–,–,–,–,5.56,–,–,48.8,–,–,–,–,–,–,–,–,–,–,–,–,–,–,–,–,–,–,–,–,–,–,–,–,–,–,–,–,–,–,–,–,–,–,–,–,–,–,–,–,–,–,–,–,–,–,12,–,–,0.5,0.465,–,17.5,–,–,–,–,–,–,–,–,–,–,–,–,–,–,–,–,–,–,–,–,–,–,–,–,–,–,–,–,–,–
14th,–,HSS,HSS5.563X0.375,–,–,–,–,–,–,5.72,–,–,–,–,–,–,–,–,20.8,–,–,–,–,–,19.5,9.5,7.02,1.85,–,–,19.5,9.5,7.02,1.85,–,–,–,–,–,–,–,–,–,–,–,–,–,–,–,–,5.56,–,–,39,–,–,–,–,–,–,–,–,–,–,–,–,–,–,–,–,–,–,–,–,–,–,–,–,–,–,–,–,–,–,–,–,–,–,–,–,–,–,–,–,–,–,–,–,–,–,15.9,–,–,0.375,0.349,–,14,–,–,–,–,–,–,–,–,–,–,–,–,–,–,–,–,–,–,–,–,–,–,–,–,–,–,–,–,–,–
14th,–,HSS,HSS5.563X0.258,–,–,–,–,–,–,4.01,–,–,–,–,–,–,–,–,14.63,–,–,–,–,–,14.2,6.8,5.12,1.88,–,–,14.2,6.8,5.12,1.88,–,–,–,–,–,–,–,–,–,–,–,–,–,–,–,–,5.56,–,–,28.5,–,–,–,–,–,–,–,–,–,–,–,–,–,–,–,–,–,–,–,–,–,–,–,–,–,–,–,–,–,–,–,–,–,–,–,–,–,–,–,–,–,–,–,–,–,–,23.2,–,–,0.258,0.24,–,10.2,–,–,–,–,–,–,–,–,–,–,–,–,–,–,–,–,–,–,–,–,–,–,–,–,–,–,–,–,–,–
14th,–,HSS,HSS5.563X0.188,–,–,–,–,–,–,2.95,–,–,–,–,–,–,–,–,10.8,–,–,–,–,–,10.7,5.05,3.85,1.91,–,–,10.7,5.05,3.85,1.91,–,–,–,–,–,–,–,–,–,–,–,–,–,–,–,–,5.56,–,–,21.4,–,–,–,–,–,–,–,–,–,–,–,–,–,–,–,–,–,–,–,–,–,–,–,–,–,–,–,–,–,–,–,–,–,–,–,–,–,–,–,–,–,–,–,–,–,–,32,–,–,0.188,0.174,–,7.7,–,–,–,–,–,–,–,–,–,–,–,–,–,–,–,–,–,–,–,–,–,–,–,–,–,–,–,–,–,–
14th,–,HSS,HSS5.563X0.134,–,–,–,–,–,–,2.12,–,–,–,–,–,–,–,–,7.78,–,–,–,–,–,7.84,3.67,2.82,1.92,–,–,7.84,3.67,2.82,1.92,–,–,–,–,–,–,–,–,–,–,–,–,–,–,–,–,5.56,–,–,15.7,–,–,–,–,–,–,–,–,–,–,–,–,–,–,–,–,–,–,–,–,–,–,–,–,–,–,–,–,–,–,–,–,–,–,–,–,–,–,–,–,–,–,–,–,–,–,44.9,–,–,0.134,0.124,–,5.64,–,–,–,–,–,–,–,–,–,–,–,–,–,–,–,–,–,–,–,–,–,–,–,–,–,–,–,–,–,–
14th,–,HSS,HSS5.500X0.500,–,–,–,–,–,–,7.36,–,–,–,–,–,–,–,–,26.73,–,–,–,–,–,23.5,11.8,8.55,1.79,–,–,23.5,11.8,8.55,1.79,–,–,–,–,–,–,–,–,–,–,–,–,–,–,–,–,5.5,–,–,47,–,–,–,–,–,–,–,–,–,–,–,–,–,–,–,–,–,–,–,–,–,–,–,–,–,–,–,–,–,–,–,–,–,–,–,–,–,–,–,–,–,–,–,–,–,–,11.8,–,–,0.5,0.465,–,17.1,–,–,–,–,–,–,–,–,–,–,–,–,–,–,–,–,–,–,–,–,–,–,–,–,–,–,–,–,–,–
14th,–,HSS,HSS5.500X0.375,–,–,–,–,–,–,5.65,–,–,–,–,–,–,–,–,20.55,–,–,–,–,–,18.8,9.27,6.84,1.83,–,–,18.8,9.27,6.84,1.83,–,–,–,–,–,–,–,–,–,–,–,–,–,–,–,–,5.5,–,–,37.6,–,–,–,–,–,–,–,–,–,–,–,–,–,–,–,–,–,–,–,–,–,–,–,–,–,–,–,–,–,–,–,–,–,–,–,–,–,–,–,–,–,–,–,–,–,–,15.8,–,–,0.375,0.349,–,13.7,–,–,–,–,–,–,–,–,–,–,–,–,–,–,–,–,–,–,–,–,–,–,–,–,–,–,–,–,–,–
14th,–,HSS,HSS5.500X0.258,–,–,–,–,–,–,3.97,–,–,–,–,–,–,–,–,14.46,–,–,–,–,–,13.7,6.64,5,1.86,–,–,13.7,6.64,5,1.86,–,–,–,–,–,–,–,–,–,–,–,–,–,–,–,–,5.5,–,–,27.5,–,–,–,–,–,–,–,–,–,–,–,–,–,–,–,–,–,–,–,–,–,–,–,–,–,–,–,–,–,–,–,–,–,–,–,–,–,–,–,–,–,–,–,–,–,–,22.9,–,–,0.258,0.24,–,10,–,–,–,–,–,–,–,–,–,–,–,–,–,–,–,–,–,–,–,–,–,–,–,–,–,–,–,–,–,–
14th,–,HSS,HSS5X0.500,–,–,–,–,–,–,6.62,–,–,–,–,–,–,–,–,24.05,–,–,–,–,–,17.2,9.6,6.88,1.61,–,–,17.2,9.6,6.88,1.61,–,–,–,–,–,–,–,–,–,–,–,–,–,–,–,–,5,–,–,34.4,–,–,–,–,–,–,–,–,–,–,–,–,–,–,–,–,–,–,–,–,–,–,–,–,–,–,–,–,–,–,–,–,–,–,–,–,–,–,–,–,–,–,–,–,–,–,10.8,–,–,0.5,0.465,–,13.8,–,–,–,–,–,–,–,–,–,–,–,–,–,–,–,–,–,–,–,–,–,–,–,–,–,–,–,–,–,–
14th,–,HSS,HSS5X0.375,–,–,–,–,–,–,5.1,–,–,–,–,–,–,–,–,18.54,–,–,–,–,–,13.9,7.56,5.55,1.65,–,–,13.9,7.56,5.55,1.65,–,–,–,–,–,–,–,–,–,–,–,–,–,–,–,–,5,–,–,27.7,–,–,–,–,–,–,–,–,–,–,–,–,–,–,–,–,–,–,–,–,–,–,–,–,–,–,–,–,–,–,–,–,–,–,–,–,–,–,–,–,–,–,–,–,–,–,14.3,–,–,0.375,0.349,–,11.1,–,–,–,–,–,–,–,–,–,–,–,–,–,–,–,–,–,–,–,–,–,–,–,–,–,–,–,–,–,–
14th,–,HSS,HSS5X0.312,–,–,–,–,–,–,4.3,–,–,–,–,–,–,–,–,15.64,–,–,–,–,–,12,6.46,4.79,1.67,–,–,12,6.46,4.79,1.67,–,–,–,–,–,–,–,–,–,–,–,–,–,–,–,–,5,–,–,24,–,–,–,–,–,–,–,–,–,–,–,–,–,–,–,–,–,–,–,–,–,–,–,–,–,–,–,–,–,–,–,–,–,–,–,–,–,–,–,–,–,–,–,–,–,–,17.2,–,–,0.312,0.291,–,9.58,–,–,–,–,–,–,–,–,–,–,–,–,–,–,–,–,–,–,–,–,–,–,–,–,–,–,–,–,–,–
14th,–,HSS,HSS5X0.258,–,–,–,–,–,–,3.59,–,–,–,–,–,–,–,–,13.08,–,–,–,–,–,10.2,5.44,4.08,1.69,–,–,10.2,5.44,4.08,1.69,–,–,–,–,–,–,–,–,–,–,–,–,–,–,–,–,5,–,–,20.4,–,–,–,–,–,–,–,–,–,–,–,–,–,–,–,–,–,–,–,–,–,–,–,–,–,–,–,–,–,–,–,–,–,–,–,–,–,–,–,–,–,–,–,–,–,–,20.8,–,–,0.258,0.24,–,8.15,–,–,–,–,–,–,–,–,–,–,–,–,–,–,–,–,–,–,–,–,–,–,–,–,–,–,–,–,–,–
14th,–,HSS,HSS5X0.250,–,–,–,–,–,–,3.49,–,–,–,–,–,–,–,–,12.69,–,–,–,–,–,9.94,5.3,3.97,1.69,–,–,9.94,5.3,3.97,1.69,–,–,–,–,–,–,–,–,–,–,–,–,–,–,–,–,5,–,–,19.9,–,–,–,–,–,–,–,–,–,–,–,–,–,–,–,–,–,–,–,–,–,–,–,–,–,–,–,–,–,–,–,–,–,–,–,–,–,–,–,–,–,–,–,–,–,–,21.5,–,–,0.25,0.233,–,7.95,–,–,–,–,–,–,–,–,–,–,–,–,–,–,–,–,–,–,–,–,–,–,–,–,–,–,–,–,–,–
14th,–,HSS,HSS5X0.188,–,–,–,–,–,–,2.64,–,–,–,–,–,–,–,–,9.67,–,–,–,–,–,7.69,4.05,3.08,1.71,–,–,7.69,4.05,3.08,1.71,–,–,–,–,–,–,–,–,–,–,–,–,–,–,–,–,5,–,–,15.4,–,–,–,–,–,–,–,–,–,–,–,–,–,–,–,–,–,–,–,–,–,–,–,–,–,–,–,–,–,–,–,–,–,–,–,–,–,–,–,–,–,–,–,–,–,–,28.7,–,–,0.188,0.174,–,6.15,–,–,–,–,–,–,–,–,–,–,–,–,–,–,–,–,–,–,–,–,–,–,–,–,–,–,–,–,–,–
14th,–,HSS,HSS5X0.125,–,–,–,–,–,–,1.78,–,–,–,–,–,–,–,–,6.51,–,–,–,–,–,5.31,2.77,2.12,1.73,–,–,5.31,2.77,2.12,1.73,–,–,–,–,–,–,–,–,–,–,–,–,–,–,–,–,5,–,–,10.6,–,–,–,–,–,–,–,–,–,–,–,–,–,–,–,–,–,–,–,–,–,–,–,–,–,–,–,–,–,–,–,–,–,–,–,–,–,–,–,–,–,–,–,–,–,–,43.1,–,–,0.125,0.116,–,4.25,–,–,–,–,–,–,–,–,–,–,–,–,–,–,–,–,–,–,–,–,–,–,–,–,–,–,–,–,–,–
14th,–,HSS,HSS4.500X0.375,–,–,–,–,–,–,4.55,–,–,–,–,–,–,–,–,16.54,–,–,–,–,–,9.87,6.03,4.39,1.47,–,–,9.87,6.03,4.39,1.47,–,–,–,–,–,–,–,–,–,–,–,–,–,–,–,–,4.5,–,–,19.7,–,–,–,–,–,–,–,–,–,–,–,–,–,–,–,–,–,–,–,–,–,–,–,–,–,–,–,–,–,–,–,–,–,–,–,–,–,–,–,–,–,–,–,–,–,–,12.9,–,–,0.375,0.349,–,8.78,–,–,–,–,–,–,–,–,–,–,–,–,–,–,–,–,–,–,–,–,–,–,–,–,–,–,–,–,–,–
14th,–,HSS,HSS4.500X0.337,–,–,–,–,–,–,4.12,–,–,–,–,–,–,–,–,15,–,–,–,–,–,9.07,5.5,4.03,1.48,–,–,9.07,5.5,4.03,1.48,–,–,–,–,–,–,–,–,–,–,–,–,–,–,–,–,4.5,–,–,18.1,–,–,–,–,–,–,–,–,–,–,–,–,–,–,–,–,–,–,–,–,–,–,–,–,–,–,–,–,–,–,–,–,–,–,–,–,–,–,–,–,–,–,–,–,–,–,14.4,–,–,0.337,0.313,–,8.06,–,–,–,–,–,–,–,–,–,–,–,–,–,–,–,–,–,–,–,–,–,–,–,–,–,–,–,–,–,–
14th,–,HSS,HSS4.500X0.237,–,–,–,–,–,–,2.96,–,–,–,–,–,–,–,–,10.8,–,–,–,–,–,6.79,4.03,3.02,1.52,–,–,6.79,4.03,3.02,1.52,–,–,–,–,–,–,–,–,–,–,–,–,–,–,–,–,4.5,–,–,13.6,–,–,–,–,–,–,–,–,–,–,–,–,–,–,–,–,–,–,–,–,–,–,–,–,–,–,–,–,–,–,–,–,–,–,–,–,–,–,–,–,–,–,–,–,–,–,20.5,–,–,0.237,0.22,–,6.04,–,–,–,–,–,–,–,–,–,–,–,–,–,–,–,–,–,–,–,–,–,–,–,–,–,–,–,–,–,–
14th,–,HSS,HSS4.500X0.188,–,–,–,–,–,–,2.36,–,–,–,–,–,–,–,–,8.67,–,–,–,–,–,5.54,3.26,2.46,1.53,–,–,5.54,3.26,2.46,1.53,–,–,–,–,–,–,–,–,–,–,–,–,–,–,–,–,4.5,–,–,11.1,–,–,–,–,–,–,–,–,–,–,–,–,–,–,–,–,–,–,–,–,–,–,–,–,–,–,–,–,–,–,–,–,–,–,–,–,–,–,–,–,–,–,–,–,–,–,25.9,–,–,0.188,0.174,–,4.93,–,–,–,–,–,–,–,–,–,–,–,–,–,–,–,–,–,–,–,–,–,–,–,–,–,–,–,–,–,–
14th,–,HSS,HSS4.500X0.125,–,–,–,–,–,–,1.6,–,–,–,–,–,–,–,–,5.85,–,–,–,–,–,3.84,2.23,1.71,1.55,–,–,3.84,2.23,1.71,1.55,–,–,–,–,–,–,–,–,–,–,–,–,–,–,–,–,4.5,–,–,7.68,–,–,–,–,–,–,–,–,–,–,–,–,–,–,–,–,–,–,–,–,–,–,–,–,–,–,–,–,–,–,–,–,–,–,–,–,–,–,–,–,–,–,–,–,–,–,38.8,–,–,0.125,0.116,–,3.41,–,–,–,–,–,–,–,–,–,–,–,–,–,–,–,–,–,–,–,–,–,–,–,–,–,–,–,–,–,–
14th,–,HSS,HSS4X0.313,–,–,–,–,–,–,3.39,–,–,–,–,–,–,–,–,12.34,–,–,–,–,–,5.87,4.01,2.93,1.32,–,–,5.87,4.01,2.93,1.32,–,–,–,–,–,–,–,–,–,–,–,–,–,–,–,–,4,–,–,11.7,–,–,–,–,–,–,–,–,–,–,–,–,–,–,–,–,–,–,–,–,–,–,–,–,–,–,–,–,–,–,–,–,–,–,–,–,–,–,–,–,–,–,–,–,–,–,13.7,–,–,0.313,0.291,–,5.87,–,–,–,–,–,–,–,–,–,–,–,–,–,–,–,–,–,–,–,–,–,–,–,–,–,–,–,–,–,–
14th,–,HSS,HSS4X0.250,–,–,–,–,–,–,2.76,–,–,–,–,–,–,–,–,10,–,–,–,–,–,4.91,3.31,2.45,1.33,–,–,4.91,3.31,2.45,1.33,–,–,–,–,–,–,–,–,–,–,–,–,–,–,–,–,4,–,–,9.82,–,–,–,–,–,–,–,–,–,–,–,–,–,–,–,–,–,–,–,–,–,–,–,–,–,–,–,–,–,–,–,–,–,–,–,–,–,–,–,–,–,–,–,–,–,–,17.2,–,–,0.25,0.233,–,4.91,–,–,–,–,–,–,–,–,–,–,–,–,–,–,–,–,–,–,–,–,–,–,–,–,–,–,–,–,–,–
14th,–,HSS,HSS4X0.237,–,–,–,–,–,–,2.61,–,–,–,–,–,–,–,–,9.53,–,–,–,–,–,4.68,3.15,2.34,1.34,–,–,4.68,3.15,2.34,1.34,–,–,–,–,–,–,–,–,–,–,–,–,–,–,–,–,4,–,–,9.36,–,–,–,–,–,–,–,–,–,–,–,–,–,–,–,–,–,–,–,–,–,–,–,–,–,–,–,–,–,–,–,–,–,–,–,–,–,–,–,–,–,–,–,–,–,–,18.2,–,–,0.237,0.22,–,4.68,–,–,–,–,–,–,–,–,–,–,–,–,–,–,–,–,–,–,–,–,–,–,–,–,–,–,–,–,–,–
14th,–,HSS,HSS4X0.226,–,–,–,–,–,–,2.5,–,–,–,–,–,–,–,–,9.12,–,–,–,–,–,4.5,3.02,2.25,1.34,–,–,4.5,3.02,2.25,1.34,–,–,–,–,–,–,–,–,–,–,–,–,–,–,–,–,4,–,–,9.01,–,–,–,–,–,–,–,–,–,–,–,–,–,–,–,–,–,–,–,–,–,–,–,–,–,–,–,–,–,–,–,–,–,–,–,–,–,–,–,–,–,–,–,–,–,–,19,–,–,0.226,0.21,–,4.5,–,–,–,–,–,–,–,–,–,–,–,–,–,–,–,–,–,–,–,–,–,–,–,–,–,–,–,–,–,–
14th,–,HSS,HSS4X0.220,–,–,–,–,–,–,2.44,–,–,–,–,–,–,–,–,8.89,–,–,–,–,–,4.41,2.96,2.21,1.34,–,–,4.41,2.96,2.21,1.34,–,–,–,–,–,–,–,–,–,–,–,–,–,–,–,–,4,–,–,8.83,–,–,–,–,–,–,–,–,–,–,–,–,–,–,–,–,–,–,–,–,–,–,–,–,–,–,–,–,–,–,–,–,–,–,–,–,–,–,–,–,–,–,–,–,–,–,19.5,–,–,0.22,0.205,–,4.41,–,–,–,–,–,–,–,–,–,–,–,–,–,–,–,–,–,–,–,–,–,–,–,–,–,–,–,–,–,–
14th,–,HSS,HSS4X0.188,–,–,–,–,–,–,2.09,–,–,–,–,–,–,–,–,7.66,–,–,–,–,–,3.83,2.55,1.92,1.35,–,–,3.83,2.55,1.92,1.35,–,–,–,–,–,–,–,–,–,–,–,–,–,–,–,–,4,–,–,7.67,–,–,–,–,–,–,–,–,–,–,–,–,–,–,–,–,–,–,–,–,–,–,–,–,–,–,–,–,–,–,–,–,–,–,–,–,–,–,–,–,–,–,–,–,–,–,23,–,–,0.188,0.174,–,3.83,–,–,–,–,–,–,–,–,–,–,–,–,–,–,–,–,–,–,–,–,–,–,–,–,–,–,–,–,–,–
14th,–,HSS,HSS4X0.125,–,–,–,–,–,–,1.42,–,–,–,–,–,–,–,–,5.18,–,–,–,–,–,2.67,1.75,1.34,1.37,–,–,2.67,1.75,1.34,1.37,–,–,–,–,–,–,–,–,–,–,–,–,–,–,–,–,4,–,–,5.34,–,–,–,–,–,–,–,–,–,–,–,–,–,–,–,–,–,–,–,–,–,–,–,–,–,–,–,–,–,–,–,–,–,–,–,–,–,–,–,–,–,–,–,–,–,–,34.5,–,–,0.125,0.116,–,2.67,–,–,–,–,–,–,–,–,–,–,–,–,–,–,–,–,–,–,–,–,–,–,–,–,–,–,–,–,–,–
14th,–,HSS,HSS3.500X0.313,–,–,–,–,–,–,2.93,–,–,–,–,–,–,–,–,10.66,–,–,–,–,–,3.81,3,2.18,1.14,–,–,3.81,3,2.18,1.14,–,–,–,–,–,–,–,–,–,–,–,–,–,–,–,–,3.5,–,–,7.61,–,–,–,–,–,–,–,–,–,–,–,–,–,–,–,–,–,–,–,–,–,–,–,–,–,–,–,–,–,–,–,–,–,–,–,–,–,–,–,–,–,–,–,–,–,–,12,–,–,0.313,0.291,–,4.35,–,–,–,–,–,–,–,–,–,–,–,–,–,–,–,–,–,–,–,–,–,–,–,–,–,–,–,–,–,–
14th,–,HSS,HSS3.500X0.300,–,–,–,–,–,–,2.82,–,–,–,–,–,–,–,–,10.26,–,–,–,–,–,3.69,2.9,2.11,1.14,–,–,3.69,2.9,2.11,1.14,–,–,–,–,–,–,–,–,–,–,–,–,–,–,–,–,3.5,–,–,7.38,–,–,–,–,–,–,–,–,–,–,–,–,–,–,–,–,–,–,–,–,–,–,–,–,–,–,–,–,–,–,–,–,–,–,–,–,–,–,–,–,–,–,–,–,–,–,12.5,–,–,0.3,0.279,–,4.22,–,–,–,–,–,–,–,–,–,–,–,–,–,–,–,–,–,–,–,–,–,–,–,–,–,–,–,–,–,–
14th,–,HSS,HSS3.500X0.250,–,–,–,–,–,–,2.39,–,–,–,–,–,–,–,–,8.69,–,–,–,–,–,3.21,2.49,1.83,1.16,–,–,3.21,2.49,1.83,1.16,–,–,–,–,–,–,–,–,–,–,–,–,–,–,–,–,3.5,–,–,6.41,–,–,–,–,–,–,–,–,–,–,–,–,–,–,–,–,–,–,–,–,–,–,–,–,–,–,–,–,–,–,–,–,–,–,–,–,–,–,–,–,–,–,–,–,–,–,15,–,–,0.25,0.233,–,3.66,–,–,–,–,–,–,–,–,–,–,–,–,–,–,–,–,–,–,–,–,–,–,–,–,–,–,–,–,–,–
14th,–,HSS,HSS3.500X0.216,–,–,–,–,–,–,2.08,–,–,–,–,–,–,–,–,7.58,–,–,–,–,–,2.84,2.19,1.63,1.17,–,–,2.84,2.19,1.63,1.17,–,–,–,–,–,–,–,–,–,–,–,–,–,–,–,–,3.5,–,–,5.69,–,–,–,–,–,–,–,–,–,–,–,–,–,–,–,–,–,–,–,–,–,–,–,–,–,–,–,–,–,–,–,–,–,–,–,–,–,–,–,–,–,–,–,–,–,–,17.4,–,–,0.216,0.201,–,3.25,–,–,–,–,–,–,–,–,–,–,–,–,–,–,–,–,–,–,–,–,–,–,–,–,–,–,–,–,–,–
14th,–,HSS,HSS3.500X0.203,–,–,–,–,–,–,1.97,–,–,–,–,–,–,–,–,7.15,–,–,–,–,–,2.7,2.07,1.54,1.17,–,–,2.7,2.07,1.54,1.17,–,–,–,–,–,–,–,–,–,–,–,–,–,–,–,–,3.5,–,–,5.41,–,–,–,–,–,–,–,–,–,–,–,–,–,–,–,–,–,–,–,–,–,–,–,–,–,–,–,–,–,–,–,–,–,–,–,–,–,–,–,–,–,–,–,–,–,–,18.5,–,–,0.203,0.189,–,3.09,–,–,–,–,–,–,–,–,–,–,–,–,–,–,–,–,–,–,–,–,–,–,–,–,–,–,–,–,–,–
14th,–,HSS,HSS3.500X0.188,–,–,–,–,–,–,1.82,–,–,–,–,–,–,–,–,6.66,–,–,–,–,–,2.52,1.93,1.44,1.18,–,–,2.52,1.93,1.44,1.18,–,–,–,–,–,–,–,–,–,–,–,–,–,–,–,–,3.5,–,–,5.04,–,–,–,–,–,–,–,–,–,–,–,–,–,–,–,–,–,–,–,–,–,–,–,–,–,–,–,–,–,–,–,–,–,–,–,–,–,–,–,–,–,–,–,–,–,–,20.1,–,–,0.188,0.174,–,2.88,–,–,–,–,–,–,–,–,–,–,–,–,–,–,–,–,–,–,–,–,–,–,–,–,–,–,–,–,–,–
14th,–,HSS,HSS3.500X0.125,–,–,–,–,–,–,1.23,–,–,–,–,–,–,–,–,4.51,–,–,–,–,–,1.77,1.33,1.01,1.2,–,–,1.77,1.33,1.01,1.2,–,–,–,–,–,–,–,–,–,–,–,–,–,–,–,–,3.5,–,–,3.53,–,–,–,–,–,–,–,–,–,–,–,–,–,–,–,–,–,–,–,–,–,–,–,–,–,–,–,–,–,–,–,–,–,–,–,–,–,–,–,–,–,–,–,–,–,–,30.2,–,–,0.125,0.116,–,2.02,–,–,–,–,–,–,–,–,–,–,–,–,–,–,–,–,–,–,–,–,–,–,–,–,–,–,–,–,–,–
14th,–,HSS,HSS3X0.250,–,–,–,–,–,–,2.03,–,–,–,–,–,–,–,–,7.35,–,–,–,–,–,1.95,1.79,1.3,0.982,–,–,1.95,1.79,1.3,0.982,–,–,–,–,–,–,–,–,–,–,–,–,–,–,–,–,3,–,–,3.9,–,–,–,–,–,–,–,–,–,–,–,–,–,–,–,–,–,–,–,–,–,–,–,–,–,–,–,–,–,–,–,–,–,–,–,–,–,–,–,–,–,–,–,–,–,–,12.9,–,–,0.25,0.233,–,2.6,–,–,–,–,–,–,–,–,–,–,–,–,–,–,–,–,–,–,–,–,–,–,–,–,–,–,–,–,–,–
14th,–,HSS,HSS3X0.216,–,–,–,–,–,–,1.77,–,–,–,–,–,–,–,–,6.43,–,–,–,–,–,1.74,1.58,1.16,0.992,–,–,1.74,1.58,1.16,0.992,–,–,–,–,–,–,–,–,–,–,–,–,–,–,–,–,3,–,–,3.48,–,–,–,–,–,–,–,–,–,–,–,–,–,–,–,–,–,–,–,–,–,–,–,–,–,–,–,–,–,–,–,–,–,–,–,–,–,–,–,–,–,–,–,–,–,–,14.9,–,–,0.216,0.201,–,2.32,–,–,–,–,–,–,–,–,–,–,–,–,–,–,–,–,–,–,–,–,–,–,–,–,–,–,–,–,–,–
14th,–,HSS,HSS3X0.203,–,–,–,–,–,–,1.67,–,–,–,–,–,–,–,–,6.07,–,–,–,–,–,1.66,1.5,1.1,0.996,–,–,1.66,1.5,1.1,0.996,–,–,–,–,–,–,–,–,–,–,–,–,–,–,–,–,3,–,–,3.31,–,–,–,–,–,–,–,–,–,–,–,–,–,–,–,–,–,–,–,–,–,–,–,–,–,–,–,–,–,–,–,–,–,–,–,–,–,–,–,–,–,–,–,–,–,–,15.9,–,–,0.203,0.189,–,2.21,–,–,–,–,–,–,–,–,–,–,–,–,–,–,–,–,–,–,–,–,–,–,–,–,–,–,–,–,–,–
14th,–,HSS,HSS3X0.188,–,–,–,–,–,–,1.54,–,–,–,–,–,–,–,–,5.65,–,–,–,–,–,1.55,1.39,1.03,1,–,–,1.55,1.39,1.03,1,–,–,–,–,–,–,–,–,–,–,–,–,–,–,–,–,3,–,–,3.1,–,–,–,–,–,–,–,–,–,–,–,–,–,–,–,–,–,–,–,–,–,–,–,–,–,–,–,–,–,–,–,–,–,–,–,–,–,–,–,–,–,–,–,–,–,–,17.2,–,–,0.188,0.174,–,2.06,–,–,–,–,–,–,–,–,–,–,–,–,–,–,–,–,–,–,–,–,–,–,–,–,–,–,–,–,–,–
14th,–,HSS,HSS3X0.152,–,–,–,–,–,–,1.27,–,–,–,–,–,–,–,–,4.63,–,–,–,–,–,1.3,1.15,0.865,1.01,–,–,1.3,1.15,0.865,1.01,–,–,–,–,–,–,–,–,–,–,–,–,–,–,–,–,3,–,–,2.59,–,–,–,–,–,–,–,–,–,–,–,–,–,–,–,–,–,–,–,–,–,–,–,–,–,–,–,–,–,–,–,–,–,–,–,–,–,–,–,–,–,–,–,–,–,–,21.3,–,–,0.152,0.141,–,1.73,–,–,–,–,–,–,–,–,–,–,–,–,–,–,–,–,–,–,–,–,–,–,–,–,–,–,–,–,–,–
14th,–,HSS,HSS3X0.134,–,–,–,–,–,–,1.12,–,–,–,–,–,–,–,–,4.11,–,–,–,–,–,1.16,1.03,0.774,1.02,–,–,1.16,1.03,0.774,1.02,–,–,–,–,–,–,–,–,–,–,–,–,–,–,–,–,3,–,–,2.32,–,–,–,–,–,–,–,–,–,–,–,–,–,–,–,–,–,–,–,–,–,–,–,–,–,–,–,–,–,–,–,–,–,–,–,–,–,–,–,–,–,–,–,–,–,–,24.2,–,–,0.134,0.124,–,1.55,–,–,–,–,–,–,–,–,–,–,–,–,–,–,–,–,–,–,–,–,–,–,–,–,–,–,–,–,–,–
14th,–,HSS,HSS3X0.125,–,–,–,–,–,–,1.05,–,–,–,–,–,–,–,–,3.84,–,–,–,–,–,1.09,0.965,0.73,1.02,–,–,1.09,0.965,0.73,1.02,–,–,–,–,–,–,–,–,–,–,–,–,–,–,–,–,3,–,–,2.19,–,–,–,–,–,–,–,–,–,–,–,–,–,–,–,–,–,–,–,–,–,–,–,–,–,–,–,–,–,–,–,–,–,–,–,–,–,–,–,–,–,–,–,–,–,–,25.9,–,–,0.125,0.116,–,1.46,–,–,–,–,–,–,–,–,–,–,–,–,–,–,–,–,–,–,–,–,–,–,–,–,–,–,–,–,–,–
14th,–,HSS,HSS2.875X0.250,–,–,–,–,–,–,1.93,–,–,–,–,–,–,–,–,7.02,–,–,–,–,–,1.7,1.63,1.18,0.938,–,–,1.7,1.63,1.18,0.938,–,–,–,–,–,–,–,–,–,–,–,–,–,–,–,–,2.88,–,–,3.4,–,–,–,–,–,–,–,–,–,–,–,–,–,–,–,–,–,–,–,–,–,–,–,–,–,–,–,–,–,–,–,–,–,–,–,–,–,–,–,–,–,–,–,–,–,–,12.3,–,–,0.25,0.233,–,2.37,–,–,–,–,–,–,–,–,–,–,–,–,–,–,–,–,–,–,–,–,–,–,–,–,–,–,–,–,–,–
14th,–,HSS,HSS2.875X0.203,–,–,–,–,–,–,1.59,–,–,–,–,–,–,–,–,5.8,–,–,–,–,–,1.45,1.37,1.01,0.952,–,–,1.45,1.37,1.01,0.952,–,–,–,–,–,–,–,–,–,–,–,–,–,–,–,–,2.88,–,–,2.89,–,–,–,–,–,–,–,–,–,–,–,–,–,–,–,–,–,–,–,–,–,–,–,–,–,–,–,–,–,–,–,–,–,–,–,–,–,–,–,–,–,–,–,–,–,–,15.2,–,–,0.203,0.189,–,2.01,–,–,–,–,–,–,–,–,–,–,–,–,–,–,–,–,–,–,–,–,–,–,–,–,–,–,–,–,–,–
14th,–,HSS,HSS2.875X0.188,–,–,–,–,–,–,1.48,–,–,–,–,–,–,–,–,5.4,–,–,–,–,–,1.35,1.27,0.941,0.957,–,–,1.35,1.27,0.941,0.957,–,–,–,–,–,–,–,–,–,–,–,–,–,–,–,–,2.88,–,–,2.7,–,–,–,–,–,–,–,–,–,–,–,–,–,–,–,–,–,–,–,–,–,–,–,–,–,–,–,–,–,–,–,–,–,–,–,–,–,–,–,–,–,–,–,–,–,–,16.5,–,–,0.188,0.174,–,1.88,–,–,–,–,–,–,–,–,–,–,–,–,–,–,–,–,–,–,–,–,–,–,–,–,–,–,–,–,–,–
14th,–,HSS,HSS2.875X0.125,–,–,–,–,–,–,1.01,–,–,–,–,–,–,–,–,3.67,–,–,–,–,–,0.958,0.884,0.667,0.976,–,–,0.958,0.884,0.667,0.976,–,–,–,–,–,–,–,–,–,–,–,–,–,–,–,–,2.88,–,–,1.92,–,–,–,–,–,–,–,–,–,–,–,–,–,–,–,–,–,–,–,–,–,–,–,–,–,–,–,–,–,–,–,–,–,–,–,–,–,–,–,–,–,–,–,–,–,–,24.8,–,–,0.125,0.116,–,1.33,–,–,–,–,–,–,–,–,–,–,–,–,–,–,–,–,–,–,–,–,–,–,–,–,–,–,–,–,–,–
14th,–,HSS,HSS2.500X0.250,–,–,–,–,–,–,1.66,–,–,–,–,–,–,–,–,6.01,–,–,–,–,–,1.08,1.2,0.862,0.806,–,–,1.08,1.2,0.862,0.806,–,–,–,–,–,–,–,–,–,–,–,–,–,–,–,–,2.5,–,–,2.15,–,–,–,–,–,–,–,–,–,–,–,–,–,–,–,–,–,–,–,–,–,–,–,–,–,–,–,–,–,–,–,–,–,–,–,–,–,–,–,–,–,–,–,–,–,–,10.7,–,–,0.25,0.233,–,1.72,–,–,–,–,–,–,–,–,–,–,–,–,–,–,–,–,–,–,–,–,–,–,–,–,–,–,–,–,–,–
14th,–,HSS,HSS2.500X0.188,–,–,–,–,–,–,1.27,–,–,–,–,–,–,–,–,4.65,–,–,–,–,–,0.865,0.943,0.692,0.825,–,–,0.865,0.943,0.692,0.825,–,–,–,–,–,–,–,–,–,–,–,–,–,–,–,–,2.5,–,–,1.73,–,–,–,–,–,–,–,–,–,–,–,–,–,–,–,–,–,–,–,–,–,–,–,–,–,–,–,–,–,–,–,–,–,–,–,–,–,–,–,–,–,–,–,–,–,–,14.4,–,–,0.188,0.174,–,1.38,–,–,–,–,–,–,–,–,–,–,–,–,–,–,–,–,–,–,–,–,–,–,–,–,–,–,–,–,–,–
14th,–,HSS,HSS2.500X0.125,–,–,–,–,–,–,0.869,–,–,–,–,–,–,–,–,3.17,–,–,–,–,–,0.619,0.66,0.495,0.844,–,–,0.619,0.66,0.495,0.844,–,–,–,–,–,–,–,–,–,–,–,–,–,–,–,–,2.5,–,–,1.24,–,–,–,–,–,–,–,–,–,–,–,–,–,–,–,–,–,–,–,–,–,–,–,–,–,–,–,–,–,–,–,–,–,–,–,–,–,–,–,–,–,–,–,–,–,–,21.6,–,–,0.125,0.116,–,0.99,–,–,–,–,–,–,–,–,–,–,–,–,–,–,–,–,–,–,–,–,–,–,–,–,–,–,–,–,–,–
14th,–,HSS,HSS2.375X0.250,–,–,–,–,–,–,1.57,–,–,–,–,–,–,–,–,5.68,–,–,–,–,–,0.91,1.07,0.766,0.762,–,–,0.91,1.07,0.766,0.762,–,–,–,–,–,–,–,–,–,–,–,–,–,–,–,–,2.38,–,–,1.82,–,–,–,–,–,–,–,–,–,–,–,–,–,–,–,–,–,–,–,–,–,–,–,–,–,–,–,–,–,–,–,–,–,–,–,–,–,–,–,–,–,–,–,–,–,–,10.2,–,–,0.25,0.233,–,1.53,–,–,–,–,–,–,–,–,–,–,–,–,–,–,–,–,–,–,–,–,–,–,–,–,–,–,–,–,–,–
14th,–,HSS,HSS2.375X0.218,–,–,–,–,–,–,1.39,–,–,–,–,–,–,–,–,5.03,–,–,–,–,–,0.824,0.96,0.694,0.771,–,–,0.824,0.96,0.694,0.771,–,–,–,–,–,–,–,–,–,–,–,–,–,–,–,–,2.38,–,–,1.65,–,–,–,–,–,–,–,–,–,–,–,–,–,–,–,–,–,–,–,–,–,–,–,–,–,–,–,–,–,–,–,–,–,–,–,–,–,–,–,–,–,–,–,–,–,–,11.7,–,–,0.218,0.203,–,1.39,–,–,–,–,–,–,–,–,–,–,–,–,–,–,–,–,–,–,–,–,–,–,–,–,–,–,–,–,–,–
14th,–,HSS,HSS2.375X0.188,–,–,–,–,–,–,1.2,–,–,–,–,–,–,–,–,4.4,–,–,–,–,–,0.733,0.845,0.617,0.781,–,–,0.733,0.845,0.617,0.781,–,–,–,–,–,–,–,–,–,–,–,–,–,–,–,–,2.38,–,–,1.47,–,–,–,–,–,–,–,–,–,–,–,–,–,–,–,–,–,–,–,–,–,–,–,–,–,–,–,–,–,–,–,–,–,–,–,–,–,–,–,–,–,–,–,–,–,–,13.6,–,–,0.188,0.174,–,1.23,–,–,–,–,–,–,–,–,–,–,–,–,–,–,–,–,–,–,–,–,–,–,–,–,–,–,–,–,–,–
14th,–,HSS,HSS2.375X0.154,–,–,–,–,–,–,1,–,–,–,–,–,–,–,–,3.66,–,–,–,–,–,0.627,0.713,0.528,0.791,–,–,0.627,0.713,0.528,0.791,–,–,–,–,–,–,–,–,–,–,–,–,–,–,–,–,2.38,–,–,1.25,–,–,–,–,–,–,–,–,–,–,–,–,–,–,–,–,–,–,–,–,–,–,–,–,–,–,–,–,–,–,–,–,–,–,–,–,–,–,–,–,–,–,–,–,–,–,16.6,–,–,0.154,0.143,–,1.06,–,–,–,–,–,–,–,–,–,–,–,–,–,–,–,–,–,–,–,–,–,–,–,–,–,–,–,–,–,–
14th,–,HSS,HSS2.375X0.125,–,–,–,–,–,–,0.823,–,–,–,–,–,–,–,–,3.01,–,–,–,–,–,0.527,0.592,0.443,0.8,–,–,0.527,0.592,0.443,0.8,–,–,–,–,–,–,–,–,–,–,–,–,–,–,–,–,2.38,–,–,1.05,–,–,–,–,–,–,–,–,–,–,–,–,–,–,–,–,–,–,–,–,–,–,–,–,–,–,–,–,–,–,–,–,–,–,–,–,–,–,–,–,–,–,–,–,–,–,20.5,–,–,0.125,0.116,–,0.887,–,–,–,–,–,–,–,–,–,–,–,–,–,–,–,–,–,–,–,–,–,–,–,–,–,–,–,–,–,–
14th,–,HSS,HSS1.900X0.188,–,–,–,–,–,–,0.943,–,–,–,–,–,–,–,–,3.44,–,–,–,–,–,0.355,0.52,0.374,0.613,–,–,0.355,0.52,0.374,0.613,–,–,–,–,–,–,–,–,–,–,–,–,–,–,–,–,1.9,–,–,0.71,–,–,–,–,–,–,–,–,–,–,–,–,–,–,–,–,–,–,–,–,–,–,–,–,–,–,–,–,–,–,–,–,–,–,–,–,–,–,–,–,–,–,–,–,–,–,10.9,–,–,0.188,0.174,–,0.747,–,–,–,–,–,–,–,–,–,–,–,–,–,–,–,–,–,–,–,–,–,–,–,–,–,–,–,–,–,–
14th,–,HSS,HSS1.900X0.145,–,–,–,–,–,–,0.749,–,–,–,–,–,–,–,–,2.72,–,–,–,–,–,0.293,0.421,0.309,0.626,–,–,0.293,0.421,0.309,0.626,–,–,–,–,–,–,–,–,–,–,–,–,–,–,–,–,1.9,–,–,0.586,–,–,–,–,–,–,–,–,–,–,–,–,–,–,–,–,–,–,–,–,–,–,–,–,–,–,–,–,–,–,–,–,–,–,–,–,–,–,–,–,–,–,–,–,–,–,14.1,–,–,0.145,0.135,–,0.617,–,–,–,–,–,–,–,–,–,–,–,–,–,–,–,–,–,–,–,–,–,–,–,–,–,–,–,–,–,–
14th,–,HSS,HSS1.900X0.120,–,–,–,–,–,–,0.624,–,–,–,–,–,–,–,–,2.28,–,–,–,–,–,0.251,0.356,0.264,0.634,–,–,0.251,0.356,0.264,0.634,–,–,–,–,–,–,–,–,–,–,–,–,–,–,–,–,1.9,–,–,0.501,–,–,–,–,–,–,–,–,–,–,–,–,–,–,–,–,–,–,–,–,–,–,–,–,–,–,–,–,–,–,–,–,–,–,–,–,–,–,–,–,–,–,–,–,–,–,17.1,–,–,0.12,0.111,–,0.527,–,–,–,–,–,–,–,–,–,–,–,–,–,–,–,–,–,–,–,–,–,–,–,–,–,–,–,–,–,–
14th,–,HSS,HSS1.660X0.140,–,–,–,–,–,–,0.625,–,–,–,–,–,–,–,–,2.27,–,–,–,–,–,0.184,0.305,0.222,0.543,–,–,0.184,0.305,0.222,0.543,–,–,–,–,–,–,–,–,–,–,–,–,–,–,–,–,1.66,–,–,0.368,–,–,–,–,–,–,–,–,–,–,–,–,–,–,–,–,–,–,–,–,–,–,–,–,–,–,–,–,–,–,–,–,–,–,–,–,–,–,–,–,–,–,–,–,–,–,12.8,–,–,0.14,0.13,–,0.444,–,–,–,–,–,–,–,–,–,–,–,–,–,–,–,–,–,–,–,–,–,–,–,–,–,–,–,–,–,–
14th,–,PIPE,Pipe12STD,–,–,–,–,–,–,13.7,–,–,–,–,–,–,–,–,49.6,–,–,–,–,–,262,53.7,41,4.39,–,–,262,53.7,41,4.39,–,–,–,–,–,–,–,–,–,–,–,–,–,–,–,–,12.8,12,–,523,–,–,–,–,–,–,–,–,–,–,–,–,–,–,–,–,–,–,–,–,–,–,–,–,–,–,–,–,–,–,–,–,–,–,–,–,–,–,–,–,–,–,–,–,–,–,36.5,–,–,0.375,0.349,–,–,–,–,–,–,–,–,–,–,–,–,–,–,–,–,–,–,–,–,–,–,–,–,–,–,–,–,–,–,–,–
14th,–,PIPE,Pipe10STD,–,–,–,–,–,–,11.5,–,–,–,–,–,–,–,–,40.5,–,–,–,–,–,151,36.9,28.1,3.68,–,–,151,36.9,28.1,3.68,–,–,–,–,–,–,–,–,–,–,–,–,–,–,–,–,10.8,10,–,302,–,–,–,–,–,–,–,–,–,–,–,–,–,–,–,–,–,–,–,–,–,–,–,–,–,–,–,–,–,–,–,–,–,–,–,–,–,–,–,–,–,–,–,–,–,–,31.6,–,–,0.365,0.34,–,–,–,–,–,–,–,–,–,–,–,–,–,–,–,–,–,–,–,–,–,–,–,–,–,–,–,–,–,–,–,–
14th,–,PIPE,Pipe8STD,–,–,–,–,–,–,7.85,–,–,–,–,–,–,–,–,28.6,–,–,–,–,–,68.1,20.8,15.8,2.95,–,–,68.1,20.8,15.8,2.95,–,–,–,–,–,–,–,–,–,–,–,–,–,–,–,–,8.63,7.98,–,136,–,–,–,–,–,–,–,–,–,–,–,–,–,–,–,–,–,–,–,–,–,–,–,–,–,–,–,–,–,–,–,–,–,–,–,–,–,–,–,–,–,–,–,–,–,–,28.8,–,–,0.322,0.3,–,–,–,–,–,–,–,–,–,–,–,–,–,–,–,–,–,–,–,–,–,–,–,–,–,–,–,–,–,–,–,–
14th,–,PIPE,Pipe6STD,–,–,–,–,–,–,5.2,–,–,–,–,–,–,–,–,19,–,–,–,–,–,26.5,10.6,7.99,2.25,–,–,26.5,10.6,7.99,2.25,–,–,–,–,–,–,–,–,–,–,–,–,–,–,–,–,6.63,6.07,–,52.9,–,–,–,–,–,–,–,–,–,–,–,–,–,–,–,–,–,–,–,–,–,–,–,–,–,–,–,–,–,–,–,–,–,–,–,–,–,–,–,–,–,–,–,–,–,–,25.4,–,–,0.28,0.261,–,–,–,–,–,–,–,–,–,–,–,–,–,–,–,–,–,–,–,–,–,–,–,–,–,–,–,–,–,–,–,–
14th,–,PIPE,Pipe5STD,–,–,–,–,–,–,4.01,–,–,–,–,–,–,–,–,14.6,–,–,–,–,–,14.3,6.83,5.14,1.88,–,–,14.3,6.83,5.14,1.88,–,–,–,–,–,–,–,–,–,–,–,–,–,–,–,–,5.56,5.05,–,28.6,–,–,–,–,–,–,–,–,–,–,–,–,–,–,–,–,–,–,–,–,–,–,–,–,–,–,–,–,–,–,–,–,–,–,–,–,–,–,–,–,–,–,–,–,–,–,23.1,–,–,0.258,0.241,–,–,–,–,–,–,–,–,–,–,–,–,–,–,–,–,–,–,–,–,–,–,–,–,–,–,–,–,–,–,–,–
14th,–,PIPE,Pipe4STD,–,–,–,–,–,–,2.96,–,–,–,–,–,–,–,–,10.8,–,–,–,–,–,6.82,4.05,3.03,1.51,–,–,6.82,4.05,3.03,1.51,–,–,–,–,–,–,–,–,–,–,–,–,–,–,–,–,4.5,4.03,–,13.6,–,–,–,–,–,–,–,–,–,–,–,–,–,–,–,–,–,–,–,–,–,–,–,–,–,–,–,–,–,–,–,–,–,–,–,–,–,–,–,–,–,–,–,–,–,–,20.4,–,–,0.237,0.221,–,–,–,–,–,–,–,–,–,–,–,–,–,–,–,–,–,–,–,–,–,–,–,–,–,–,–,–,–,–,–,–
14th,–,PIPE,Pipe3-1/2STD,–,–,–,–,–,–,2.5,–,–,–,–,–,–,–,–,9.12,–,–,–,–,–,4.52,3.03,2.26,1.34,–,–,4.52,3.03,2.26,1.34,–,–,–,–,–,–,–,–,–,–,–,–,–,–,–,–,4,3.55,–,9.04,–,–,–,–,–,–,–,–,–,–,–,–,–,–,–,–,–,–,–,–,–,–,–,–,–,–,–,–,–,–,–,–,–,–,–,–,–,–,–,–,–,–,–,–,–,–,19,–,–,0.226,0.211,–,–,–,–,–,–,–,–,–,–,–,–,–,–,–,–,–,–,–,–,–,–,–,–,–,–,–,–,–,–,–,–
14th,–,PIPE,Pipe3STD,–,–,–,–,–,–,2.07,–,–,–,–,–,–,–,–,7.58,–,–,–,–,–,2.85,2.19,1.63,1.17,–,–,2.85,2.19,1.63,1.17,–,–,–,–,–,–,–,–,–,–,–,–,–,–,–,–,3.5,3.07,–,5.69,–,–,–,–,–,–,–,–,–,–,–,–,–,–,–,–,–,–,–,–,–,–,–,–,–,–,–,–,–,–,–,–,–,–,–,–,–,–,–,–,–,–,–,–,–,–,17.4,–,–,0.216,0.201,–,–,–,–,–,–,–,–,–,–,–,–,–,–,–,–,–,–,–,–,–,–,–,–,–,–,–,–,–,–,–,–
14th,–,PIPE,Pipe2-1/2STD,–,–,–,–,–,–,1.61,–,–,–,–,–,–,–,–,5.8,–,–,–,–,–,1.45,1.37,1.01,0.952,–,–,1.45,1.37,1.01,0.952,–,–,–,–,–,–,–,–,–,–,–,–,–,–,–,–,2.88,2.47,–,2.89,–,–,–,–,–,–,–,–,–,–,–,–,–,–,–,–,–,–,–,–,–,–,–,–,–,–,–,–,–,–,–,–,–,–,–,–,–,–,–,–,–,–,–,–,–,–,15.2,–,–,0.203,0.189,–,–,–,–,–,–,–,–,–,–,–,–,–,–,–,–,–,–,–,–,–,–,–,–,–,–,–,–,–,–,–,–
14th,–,PIPE,Pipe2STD,–,–,–,–,–,–,1.02,–,–,–,–,–,–,–,–,3.66,–,–,–,–,–,0.627,0.713,0.528,0.791,–,–,0.627,0.713,0.528,0.791,–,–,–,–,–,–,–,–,–,–,–,–,–,–,–,–,2.38,2.07,–,1.25,–,–,–,–,–,–,–,–,–,–,–,–,–,–,–,–,–,–,–,–,–,–,–,–,–,–,–,–,–,–,–,–,–,–,–,–,–,–,–,–,–,–,–,–,–,–,16.6,–,–,0.154,0.143,–,–,–,–,–,–,–,–,–,–,–,–,–,–,–,–,–,–,–,–,–,–,–,–,–,–,–,–,–,–,–,–
14th,–,PIPE,Pipe1-1/2STD,–,–,–,–,–,–,0.749,–,–,–,–,–,–,–,–,2.72,–,–,–,–,–,0.293,0.421,0.309,0.626,–,–,0.293,0.421,0.309,0.626,–,–,–,–,–,–,–,–,–,–,–,–,–,–,–,–,1.9,1.61,–,0.586,–,–,–,–,–,–,–,–,–,–,–,–,–,–,–,–,–,–,–,–,–,–,–,–,–,–,–,–,–,–,–,–,–,–,–,–,–,–,–,–,–,–,–,–,–,–,14.1,–,–,0.145,0.135,–,–,–,–,–,–,–,–,–,–,–,–,–,–,–,–,–,–,–,–,–,–,–,–,–,–,–,–,–,–,–,–
14th,–,PIPE,Pipe1-1/4STD,–,–,–,–,–,–,0.625,–,–,–,–,–,–,–,–,2.27,–,–,–,–,–,0.184,0.305,0.222,0.543,–,–,0.184,0.305,0.222,0.543,–,–,–,–,–,–,–,–,–,–,–,–,–,–,–,–,1.66,1.38,–,0.368,–,–,–,–,–,–,–,–,–,–,–,–,–,–,–,–,–,–,–,–,–,–,–,–,–,–,–,–,–,–,–,–,–,–,–,–,–,–,–,–,–,–,–,–,–,–,12.8,–,–,0.14,0.13,–,–,–,–,–,–,–,–,–,–,–,–,–,–,–,–,–,–,–,–,–,–,–,–,–,–,–,–,–,–,–,–
14th,–,PIPE,Pipe1STD,–,–,–,–,–,–,0.469,–,–,–,–,–,–,–,–,1.68,–,–,–,–,–,0.083,0.177,0.126,0.423,–,–,0.083,0.177,0.126,0.423,–,–,–,–,–,–,–,–,–,–,–,–,–,–,–,–,1.32,1.05,–,0.166,–,–,–,–,–,–,–,–,–,–,–,–,–,–,–,–,–,–,–,–,–,–,–,–,–,–,–,–,–,–,–,–,–,–,–,–,–,–,–,–,–,–,–,–,–,–,10.6,–,–,0.133,0.124,–,–,–,–,–,–,–,–,–,–,–,–,–,–,–,–,–,–,–,–,–,–,–,–,–,–,–,–,–,–,–,–
14th,–,PIPE,Pipe3/4STD,–,–,–,–,–,–,0.312,–,–,–,–,–,–,–,–,1.13,–,–,–,–,–,0.035,0.0942,0.0671,0.336,–,–,0.035,0.0942,0.0671,0.336,–,–,–,–,–,–,–,–,–,–,–,–,–,–,–,–,1.05,0.824,–,0.07,–,–,–,–,–,–,–,–,–,–,–,–,–,–,–,–,–,–,–,–,–,–,–,–,–,–,–,–,–,–,–,–,–,–,–,–,–,–,–,–,–,–,–,–,–,–,10,–,–,0.113,0.105,–,–,–,–,–,–,–,–,–,–,–,–,–,–,–,–,–,–,–,–,–,–,–,–,–,–,–,–,–,–,–,–
14th,–,PIPE,Pipe1/2STD,–,–,–,–,–,–,0.234,–,–,–,–,–,–,–,–,0.85,–,–,–,–,–,0.016,0.0555,0.0388,0.264,–,–,0.016,0.0555,0.0388,0.264,–,–,–,–,–,–,–,–,–,–,–,–,–,–,–,–,0.84,0.622,–,0.032,–,–,–,–,–,–,–,–,–,–,–,–,–,–,–,–,–,–,–,–,–,–,–,–,–,–,–,–,–,–,–,–,–,–,–,–,–,–,–,–,–,–,–,–,–,–,8.32,–,–,0.109,0.101,–,–,–,–,–,–,–,–,–,–,–,–,–,–,–,–,–,–,–,–,–,–,–,–,–,–,–,–,–,–,–,–
14th,–,PIPE,Pipe12XS,–,–,–,–,–,–,17.5,–,–,–,–,–,–,–,–,65.5,–,–,–,–,–,339,70.2,53.2,4.35,–,–,339,70.2,53.2,4.35,–,–,–,–,–,–,–,–,–,–,–,–,–,–,–,–,12.8,11.8,–,678,–,–,–,–,–,–,–,–,–,–,–,–,–,–,–,–,–,–,–,–,–,–,–,–,–,–,–,–,–,–,–,–,–,–,–,–,–,–,–,–,–,–,–,–,–,–,27.4,–,–,0.5,0.465,–,–,–,–,–,–,–,–,–,–,–,–,–,–,–,–,–,–,–,–,–,–,–,–,–,–,–,–,–,–,–,–
14th,–,PIPE,Pipe10XS,–,–,–,–,–,–,15.1,–,–,–,–,–,–,–,–,54.8,–,–,–,–,–,199,49.2,37,3.64,–,–,199,49.2,37,3.64,–,–,–,–,–,–,–,–,–,–,–,–,–,–,–,–,10.8,9.75,–,398,–,–,–,–,–,–,–,–,–,–,–,–,–,–,–,–,–,–,–,–,–,–,–,–,–,–,–,–,–,–,–,–,–,–,–,–,–,–,–,–,–,–,–,–,–,–,23.1,–,–,0.5,0.465,–,–,–,–,–,–,–,–,–,–,–,–,–,–,–,–,–,–,–,–,–,–,–,–,–,–,–,–,–,–,–,–
14th,–,PIPE,Pipe8XS,–,–,–,–,–,–,11.9,–,–,–,–,–,–,–,–,43.4,–,–,–,–,–,100,31,23.1,2.89,–,–,100,31,23.1,2.89,–,–,–,–,–,–,–,–,–,–,–,–,–,–,–,–,8.63,7.63,–,199,–,–,–,–,–,–,–,–,–,–,–,–,–,–,–,–,–,–,–,–,–,–,–,–,–,–,–,–,–,–,–,–,–,–,–,–,–,–,–,–,–,–,–,–,–,–,18.5,–,–,0.5,0.465,–,–,–,–,–,–,–,–,–,–,–,–,–,–,–,–,–,–,–,–,–,–,–,–,–,–,–,–,–,–,–,–
14th,–,PIPE,Pipe6XS,–,–,–,–,–,–,7.83,–,–,–,–,–,–,–,–,28.6,–,–,–,–,–,38.3,15.6,11.6,2.2,–,–,38.3,15.6,11.6,2.2,–,–,–,–,–,–,–,–,–,–,–,–,–,–,–,–,6.63,5.76,–,76.6,–,–,–,–,–,–,–,–,–,–,–,–,–,–,–,–,–,–,–,–,–,–,–,–,–,–,–,–,–,–,–,–,–,–,–,–,–,–,–,–,–,–,–,–,–,–,16.4,–,–,0.432,0.403,–,–,–,–,–,–,–,–,–,–,–,–,–,–,–,–,–,–,–,–,–,–,–,–,–,–,–,–,–,–,–,–
14th,–,PIPE,Pipe5XS,–,–,–,–,–,–,5.73,–,–,–,–,–,–,–,–,20.8,–,–,–,–,–,19.5,9.5,7.02,1.85,–,–,19.5,9.5,7.02,1.85,–,–,–,–,–,–,–,–,–,–,–,–,–,–,–,–,5.56,4.81,–,39,–,–,–,–,–,–,–,–,–,–,–,–,–,–,–,–,–,–,–,–,–,–,–,–,–,–,–,–,–,–,–,–,–,–,–,–,–,–,–,–,–,–,–,–,–,–,15.9,–,–,0.375,0.349,–,–,–,–,–,–,–,–,–,–,–,–,–,–,–,–,–,–,–,–,–,–,–,–,–,–,–,–,–,–,–,–
14th,–,PIPE,Pipe4XS,–,–,–,–,–,–,4.14,–,–,–,–,–,–,–,–,15,–,–,–,–,–,9.12,5.53,4.05,1.48,–,–,9.12,5.53,4.05,1.48,–,–,–,–,–,–,–,–,–,–,–,–,–,–,–,–,4.5,3.83,–,18.2,–,–,–,–,–,–,–,–,–,–,–,–,–,–,–,–,–,–,–,–,–,–,–,–,–,–,–,–,–,–,–,–,–,–,–,–,–,–,–,–,–,–,–,–,–,–,14.3,–,–,0.337,0.315,–,–,–,–,–,–,–,–,–,–,–,–,–,–,–,–,–,–,–,–,–,–,–,–,–,–,–,–,–,–,–,–
14th,–,PIPE,Pipe3-1/2XS,–,–,–,–,–,–,3.43,–,–,–,–,–,–,–,–,12.5,–,–,–,–,–,5.94,4.07,2.97,1.31,–,–,5.94,4.07,2.97,1.31,–,–,–,–,–,–,–,–,–,–,–,–,–,–,–,–,4,3.36,–,11.9,–,–,–,–,–,–,–,–,–,–,–,–,–,–,–,–,–,–,–,–,–,–,–,–,–,–,–,–,–,–,–,–,–,–,–,–,–,–,–,–,–,–,–,–,–,–,13.5,–,–,0.318,0.296,–,–,–,–,–,–,–,–,–,–,–,–,–,–,–,–,–,–,–,–,–,–,–,–,–,–,–,–,–,–,–,–
14th,–,PIPE,Pipe3XS,–,–,–,–,–,–,2.83,–,–,–,–,–,–,–,–,10.3,–,–,–,–,–,3.7,2.91,2.11,1.14,–,–,3.7,2.91,2.11,1.14,–,–,–,–,–,–,–,–,–,–,–,–,–,–,–,–,3.5,2.9,–,7.4,–,–,–,–,–,–,–,–,–,–,–,–,–,–,–,–,–,–,–,–,–,–,–,–,–,–,–,–,–,–,–,–,–,–,–,–,–,–,–,–,–,–,–,–,–,–,12.5,–,–,0.3,0.28,–,–,–,–,–,–,–,–,–,–,–,–,–,–,–,–,–,–,–,–,–,–,–,–,–,–,–,–,–,–,–,–
14th,–,PIPE,Pipe2-1/2XS,–,–,–,–,–,–,2.1,–,–,–,–,–,–,–,–,7.67,–,–,–,–,–,1.83,1.77,1.27,0.93,–,–,1.83,1.77,1.27,0.93,–,–,–,–,–,–,–,–,–,–,–,–,–,–,–,–,2.88,2.32,–,3.66,–,–,–,–,–,–,–,–,–,–,–,–,–,–,–,–,–,–,–,–,–,–,–,–,–,–,–,–,–,–,–,–,–,–,–,–,–,–,–,–,–,–,–,–,–,–,11.2,–,–,0.276,0.257,–,–,–,–,–,–,–,–,–,–,–,–,–,–,–,–,–,–,–,–,–,–,–,–,–,–,–,–,–,–,–,–
14th,–,PIPE,Pipe2XS,–,–,–,–,–,–,1.4,–,–,–,–,–,–,–,–,5.03,–,–,–,–,–,0.827,0.964,0.696,0.771,–,–,0.827,0.964,0.696,0.771,–,–,–,–,–,–,–,–,–,–,–,–,–,–,–,–,2.38,1.94,–,1.65,–,–,–,–,–,–,–,–,–,–,–,–,–,–,–,–,–,–,–,–,–,–,–,–,–,–,–,–,–,–,–,–,–,–,–,–,–,–,–,–,–,–,–,–,–,–,11.7,–,–,0.218,0.204,–,–,–,–,–,–,–,–,–,–,–,–,–,–,–,–,–,–,–,–,–,–,–,–,–,–,–,–,–,–,–,–
14th,–,PIPE,Pipe1-1/2XS,–,–,–,–,–,–,1,–,–,–,–,–,–,–,–,3.63,–,–,–,–,–,0.372,0.549,0.392,0.61,–,–,0.372,0.549,0.392,0.61,–,–,–,–,–,–,–,–,–,–,–,–,–,–,–,–,1.9,1.5,–,0.744,–,–,–,–,–,–,–,–,–,–,–,–,–,–,–,–,–,–,–,–,–,–,–,–,–,–,–,–,–,–,–,–,–,–,–,–,–,–,–,–,–,–,–,–,–,–,10.2,–,–,0.2,0.186,–,–,–,–,–,–,–,–,–,–,–,–,–,–,–,–,–,–,–,–,–,–,–,–,–,–,–,–,–,–,–,–
14th,–,PIPE,Pipe1-1/4XS,–,–,–,–,–,–,0.837,–,–,–,–,–,–,–,–,3,–,–,–,–,–,0.231,0.393,0.278,0.528,–,–,0.231,0.393,0.278,0.528,–,–,–,–,–,–,–,–,–,–,–,–,–,–,–,–,1.66,1.28,–,0.462,–,–,–,–,–,–,–,–,–,–,–,–,–,–,–,–,–,–,–,–,–,–,–,–,–,–,–,–,–,–,–,–,–,–,–,–,–,–,–,–,–,–,–,–,–,–,9.33,–,–,0.191,0.178,–,–,–,–,–,–,–,–,–,–,–,–,–,–,–,–,–,–,–,–,–,–,–,–,–,–,–,–,–,–,–,–
14th,–,PIPE,Pipe1XS,–,–,–,–,–,–,0.602,–,–,–,–,–,–,–,–,2.17,–,–,–,–,–,0.101,0.221,0.154,0.41,–,–,0.101,0.221,0.154,0.41,–,–,–,–,–,–,–,–,–,–,–,–,–,–,–,–,1.32,0.957,–,0.202,–,–,–,–,–,–,–,–,–,–,–,–,–,–,–,–,–,–,–,–,–,–,–,–,–,–,–,–,–,–,–,–,–,–,–,–,–,–,–,–,–,–,–,–,–,–,7.92,–,–,0.179,0.166,–,–,–,–,–,–,–,–,–,–,–,–,–,–,–,–,–,–,–,–,–,–,–,–,–,–,–,–,–,–,–,–
14th,–,PIPE,Pipe3/4XS,–,–,–,–,–,–,0.407,–,–,–,–,–,–,–,–,1.48,–,–,–,–,–,0.043,0.119,0.0818,0.325,–,–,0.043,0.119,0.0818,0.325,–,–,–,–,–,–,–,–,–,–,–,–,–,–,–,–,1.05,0.742,–,0.086,–,–,–,–,–,–,–,–,–,–,–,–,–,–,–,–,–,–,–,–,–,–,–,–,–,–,–,–,–,–,–,–,–,–,–,–,–,–,–,–,–,–,–,–,–,–,7.34,–,–,0.154,0.143,–,–,–,–,–,–,–,–,–,–,–,–,–,–,–,–,–,–,–,–,–,–,–,–,–,–,–,–,–,–,–,–
14th,–,PIPE,Pipe1/2XS,–,–,–,–,–,–,0.303,–,–,–,–,–,–,–,–,1.09,–,–,–,–,–,0.019,0.0686,0.0462,0.253,–,–,0.019,0.0686,0.0462,0.253,–,–,–,–,–,–,–,–,–,–,–,–,–,–,–,–,0.84,0.546,–,0.038,–,–,–,–,–,–,–,–,–,–,–,–,–,–,–,–,–,–,–,–,–,–,–,–,–,–,–,–,–,–,–,–,–,–,–,–,–,–,–,–,–,–,–,–,–,–,6.13,–,–,0.147,0.137,–,–,–,–,–,–,–,–,–,–,–,–,–,–,–,–,–,–,–,–,–,–,–,–,–,–,–,–,–,–,–,–
14th,–,PIPE,Pipe8XXS,–,–,–,–,–,–,20,–,–,–,–,–,–,–,–,72.5,–,–,–,–,–,154,49.9,35.8,2.78,–,–,154,49.9,35.8,2.78,–,–,–,–,–,–,–,–,–,–,–,–,–,–,–,–,8.63,6.88,–,308,–,–,–,–,–,–,–,–,–,–,–,–,–,–,–,–,–,–,–,–,–,–,–,–,–,–,–,–,–,–,–,–,–,–,–,–,–,–,–,–,–,–,–,–,–,–,10.6,–,–,0.875,0.816,–,–,–,–,–,–,–,–,–,–,–,–,–,–,–,–,–,–,–,–,–,–,–,–,–,–,–,–,–,–,–,–
14th,–,PIPE,Pipe6XXS,–,–,–,–,–,–,14.7,–,–,–,–,–,–,–,–,53.2,–,–,–,–,–,63.5,27.4,19.2,2.08,–,–,63.5,27.4,19.2,2.08,–,–,–,–,–,–,–,–,–,–,–,–,–,–,–,–,6.63,4.9,–,127,–,–,–,–,–,–,–,–,–,–,–,–,–,–,–,–,–,–,–,–,–,–,–,–,–,–,–,–,–,–,–,–,–,–,–,–,–,–,–,–,–,–,–,–,–,–,8.23,–,–,0.864,0.805,–,–,–,–,–,–,–,–,–,–,–,–,–,–,–,–,–,–,–,–,–,–,–,–,–,–,–,–,–,–,–,–
14th,–,PIPE,Pipe5XXS,–,–,–,–,–,–,10.7,–,–,–,–,–,–,–,–,38.6,–,–,–,–,–,32.2,16.7,11.6,1.74,–,–,32.2,16.7,11.6,1.74,–,–,–,–,–,–,–,–,–,–,–,–,–,–,–,–,5.56,4.06,–,64.4,–,–,–,–,–,–,–,–,–,–,–,–,–,–,–,–,–,–,–,–,–,–,–,–,–,–,–,–,–,–,–,–,–,–,–,–,–,–,–,–,–,–,–,–,–,–,7.96,–,–,0.75,0.699,–,–,–,–,–,–,–,–,–,–,–,–,–,–,–,–,–,–,–,–,–,–,–,–,–,–,–,–,–,–,–,–
14th,–,PIPE,Pipe4XXS,–,–,–,–,–,–,7.66,–,–,–,–,–,–,–,–,27.6,–,–,–,–,–,14.7,9.5,6.53,1.39,–,–,14.7,9.5,6.53,1.39,–,–,–,–,–,–,–,–,–,–,–,–,–,–,–,–,4.5,3.15,–,29.4,–,–,–,–,–,–,–,–,–,–,–,–,–,–,–,–,–,–,–,–,–,–,–,–,–,–,–,–,–,–,–,–,–,–,–,–,–,–,–,–,–,–,–,–,–,–,7.17,–,–,0.674,0.628,–,–,–,–,–,–,–,–,–,–,–,–,–,–,–,–,–,–,–,–,–,–,–,–,–,–,–,–,–,–,–,–
14th,–,PIPE,Pipe3XXS,–,–,–,–,–,–,5.17,–,–,–,–,–,–,–,–,18.6,–,–,–,–,–,5.79,4.89,3.31,1.06,–,–,5.79,4.89,3.31,1.06,–,–,–,–,–,–,–,–,–,–,–,–,–,–,–,–,3.5,2.3,–,11.6,–,–,–,–,–,–,–,–,–,–,–,–,–,–,–,–,–,–,–,–,–,–,–,–,–,–,–,–,–,–,–,–,–,–,–,–,–,–,–,–,–,–,–,–,–,–,6.26,–,–,0.6,0.559,–,–,–,–,–,–,–,–,–,–,–,–,–,–,–,–,–,–,–,–,–,–,–,–,–,–,–,–,–,–,–,–
14th,–,PIPE,Pipe2-1/2XXS,–,–,–,–,–,–,3.83,–,–,–,–,–,–,–,–,13.7,–,–,–,–,–,2.78,2.91,1.94,0.854,–,–,2.78,2.91,1.94,0.854,–,–,–,–,–,–,–,–,–,–,–,–,–,–,–,–,2.88,1.77,–,5.56,–,–,–,–,–,–,–,–,–,–,–,–,–,–,–,–,–,–,–,–,–,–,–,–,–,–,–,–,–,–,–,–,–,–,–,–,–,–,–,–,–,–,–,–,–,–,5.59,–,–,0.552,0.514,–,–,–,–,–,–,–,–,–,–,–,–,–,–,–,–,–,–,–,–,–,–,–,–,–,–,–,–,–,–,–,–
14th,–,PIPE,Pipe2XXS,–,–,–,–,–,–,2.51,–,–,–,–,–,–,–,–,9.04,–,–,–,–,–,1.27,1.6,1.07,0.711,–,–,1.27,1.6,1.07,0.711,–,–,–,–,–,–,–,–,–,–,–,–,–,–,–,–,2.38,1.5,–,2.54,–,–,–,–,–,–,–,–,–,–,–,–,–,–,–,–,–,–,–,–,–,–,–,–,–,–,–,–,–,–,–,–,–,–,–,–,–,–,–,–,–,–,–,–,–,–,5.85,–,–,0.436,0.406,–,–,–,–,–,–,–,–,–,–,–,–,–,–,–,–,–,–,–,–,–,–,–,–,–,–,–,–,–,–,–,–
